stop_id,stop_code,stop_name,stop_lat,stop_lon,location_type,parent_station,platform_code
2000G000208,wocdwtgw,Kidderminster Bus Station,52.38633,-2.25048,0.0,200G001001,8
2000G000213,wocgpwdg,Town Hall,52.386814,-2.248103,,,
2000G000215,wocgpmga,Oxford Street,52.385624,-2.245334,,,
2000G000387,wocdtapm,Well Brook Nursery,52.327709,-1.943396,,,
2000G000388,wocdtapt,Well Brook Nursery,52.327751,-1.943777,,,
2000G000390,wocdtapw,Fishing Line Road,52.311966,-1.940364,,,
2000G000391,wocdtata,Fishing Line Road,52.31245,-1.94032,,,
2000G000392,wocdtatd,Windsor Road,52.31432,-1.941139,,,
2000G000394,wocdtatg,Weights Lane,52.320202,-1.943009,,,
2000G000396,wocdtatm,Hewell Road,52.307255,-1.944433,,,
2000G001200,wocgamdm,Rose & Crown,52.351936,-1.883097,,,
2000G001201,wocgamdp,Rose & Crown,52.353142,-1.884724,,,
2000G001401,wocgamga,Church Green West,52.307568,-1.94128,,,
2000G001601,wocdgpaj,Ombersley Street East,52.267216,-2.152784,,,
2000G001605,wocdgpat,Victoria Square,52.267174,-2.150791,,,
2000G00389,wocdptpt,Garage,52.324966,-1.940978,,,
2000G00393,wocdptwd,Weights Lane,52.32003,-1.942848,,,
2000G010001,wocdmtad,Church,52.324375,-2.045741,,,
2000G010002,wocdmjtj,Dragoon Fields,52.323376,-2.047619,,,
2000G010003,wocdmjtm,New Road Shops,52.323441,-2.048587,,,
2000G010004,wocdmjtp,Station Approach,52.322857,-2.048058,,,
2000G010100,wocdmjwa,Pleck Stores,52.339378,-2.067891,,,
2000G010102,wocdmjwg,Shops,52.340584,-2.06688,,,
2000G010201,wocdmjwj,Chadsgrove School,52.361542,-2.062697,,,
2000G010203,wocdmjwp,Chadsgrove School,52.361553,-2.062345,,,
2000G010204,wocdmjwt,Farley Lane,52.402275,-2.06418,,,
2000G010300,wocdmpad,Shops,52.418121,-2.057087,,,
2000G010301,wocdmpag,The Sun Inn,52.418419,-2.055779,,,
2000G010400,wocdmpaj,Blue Bird Park,52.430214,-2.050411,,,
2000G010490,wocdmpam,Blue Bird Park,52.429989,-2.05044,,,
2000G014500,wocdtmgm,Woodrow Centre,52.287865,-1.914947,,,
2000G014675,wocdtmgw,Woodrow Centre,52.287838,-1.914698,,,
2000G014676,wocdtmja,North of Studley Road Island,52.284821,-1.910789,,,
2000G014677,wocdtmjd,Howard Road,52.289833,-1.915749,,,
2000G014678,wocdtmjg,Howard Road,52.289509,-1.915471,,,
2000G014681,wocdtmjt,Greenlands Post Office,52.294495,-1.920359,,,
2000G014682,wocdtpmd,Greenlands Post Office,52.293385,-1.918719,,,
2000G014684,wocdtpmj,Watery Lane,52.295574,-1.921208,,,
2000G014685,wocdtpmp,Watery Lane,52.29694,-1.922496,,,
2000G014686,wocdtpmt,Barlich Way,52.298531,-1.923563,,,
2000G014687,wocdtpmw,Barlich Way,52.299694,-1.924383,,,
2000G014688,wocdtpta,Arrowdale Road,52.301258,-1.925289,,,
2000G014689,wocdtptd,Arrowdale Road,52.300655,-1.924542,,,
2000G014901,wocdjtdt,Church Hill Church,52.315666,-1.908321,,,
2000G014991,wocdjtgj,Paper Mill Drive,52.31308,-1.913637,,,
2000G014992,wocdjtgm,Church Hill Way,52.314426,-1.912372,,,
2000G015000,wocdmjdg,Alexandra Hospital,52.28067,-1.913392,,,
2000G019001,wocdjmjt,Railway Station,52.384792,-2.238747,,,
2000G019900,wocdgawd,Corbett Drive,52.294903,-2.085388,,,
2000G019901,wocdgawg,Corbett Drive,52.294064,-2.086501,,,
2000G019903,wocgpjta,Sagebury Drive,52.292023,-2.088109,,,
2000G019904,wocgtdja,Sagebury Drive,52.292732,-2.087275,,,
2000G020000,wocdgawm,Shops,52.302525,-2.085286,,,
2000G020001,wocgpwpa,Walls Road,52.303616,-2.084276,,,
2000G020002,wocgtdtj,Walls Road,52.30365,-2.084056,,,
2000G020100,wocdgawp,Hanbury Turn Inn,52.313759,-2.07768,,,
2000G020101,wocdgawt,Hanbury Turn Inn,52.313454,-2.077753,,,
2000G020201,wocdgdag,Morrisons Store,52.316887,-2.064145,,,
2000G020301,wocdgdam,Bromsgrove Bus Station,52.336029,-2.060664,0.0,200G002001,1
2000G020302,wocdgdap,Bromsgrove Bus Station,52.335804,-2.060943,0.0,200G002001,2
2000G020309,wocgjamt,Church Street,52.33662,-2.063806,,,
2000G020400,wocgjapd,St Richard's Road,52.289909,-2.112648,,,
2000G020500,wocgjapg,Astwood Lane,52.289822,-2.089014,,,
2000G021300,wocgjatd,Church,52.306217,-2.077549,,,
2000G021400,wocgjatg,Avoncroft Museum,52.315121,-2.071668,,,
2000G021401,wocgtagt,Avoncroft Museum,52.315113,-2.072269,,,
2000G021502,wocdmjmt,The Crown Inn,52.292133,-2.114955,,,
2000G021600,wocdmjmw,Forest Island,52.354824,-2.046361,,,
2000G021601,wocdmjpa,Hillside Drive,52.352451,-2.047533,,,
2000G021602,wocdmjpd,First School,52.351078,-2.045065,,,
2000G021603,wocdmjpg,Littleheath Lane,52.350773,-2.042584,,,
2000G021700,wocdmjpm,Marlbrook Gardens,52.365406,-2.047414,,,
2000G021801,wocdmjta,St. Chads Church,52.393497,-2.018566,,,
2000G021803,wocgpgwt,St. Chads Church,52.393219,-2.01908,,,
2000G025500,wocdwdma,Sainsbury's Store,52.313538,-1.938866,,,
2000G025700,wocdwdmg,Village Hall,52.343544,-1.936712,,,
2000G025701,wocdwdmj,Village Hall,52.343464,-1.936536,,,
2000G025800,wocdwdmp,Red Lion,52.352879,-1.960968,,,
2000G025801,wocdwdmt,The Square,52.352249,-1.959617,,,
2000G025902,wocdwdpd,Snake Terrace,52.353115,-1.965666,,,
2000G026000,wocdwdpg,Ash Lane,52.370586,-1.955253,,,
2000G026001,wocdwdpj,Ash Lane,52.370693,-1.955591,,,
2000G026102,wocdwdpm,Waterside Orchard Park,52.372055,-1.959761,,,
2000G026200,wocdwdpt,Poplar Drive,52.362568,-1.989874,,,
2000G026202,wocdwdta,Sandhills Road,52.360489,-1.989566,,,
2000G026400,wocdadtg,Rednal Island,52.380241,-2.001254,,,
2000G026401,wocgtpad,Reservoir Road,52.376682,-1.998962,,,
2000G026402,wocgtmwg,Reservoir Road,52.377113,-1.99955,,,
2000G026409,wocdadtj,Rednal Island,52.380295,-2.001034,,,
2000G026500,wocdadtm,Lickey Church,52.375198,-2.009832,,,
2000G026501,wocdadtp,Parish Hall,52.373741,-2.011786,,,
2000G026502,wocdadtw,Parish Hall,52.374496,-2.010846,,,
2000G026600,wocdadwa,Lowes Court,52.345695,-2.055248,,,
2000G026800,wocdadwg,Fordhouse Road,52.330753,-2.055213,,,
2000G026801,wocdadwj,Windsor Street,52.333504,-2.060133,,,
2000G028000,wocdpgap,King George Close,52.34523,-2.067489,,,
2000G028800,wocdpgdw,Greenhill near Alcester Road,52.343452,-2.025021,,,
2000G028900,wocgmdmj,Post Office,52.348667,-2.015305,,,
2000G028901,wocgmdmp,Post Office,52.348713,-2.01554,,,
2000G034300,wocdagwa,Branson's Cross,52.333698,-1.869614,,,
2000G034303,wocdagwj,Bransons Cross Roundabout,52.332237,-1.871292,,,
2000G034500,wocdagwm,Watery Lane,52.360584,-1.889888,,,
2000G034501,wocdagwp,Barkers Lane,52.362408,-1.889105,,,
2000G034502,wocdagwt,Watery Lane,52.36113,-1.889064,,,
2000G034591,wocdajad,Dumble Pit Lane,52.358299,-1.888293,,,
2000G034600,wocdajaj,Wythall Island,52.374969,-1.885196,,,
2000G034601,wocgdapm,Wythall Island,52.373882,-1.884053,,,
2000G034691,wocgdapt,Wythall Island,52.373981,-1.883994,,,
2000G034700,wocgdapw,Silver Street,52.383404,-1.884411,,,
2000G034800,wocgdata,Pack Horse Inn,52.390858,-1.884773,,,
2000G035700,wocgdatd,Church,52.372238,-1.893429,,,
2000G035900,wocgdatj,Trueman's Heath Crossroads,52.391228,-1.871739,,,
2000G035990,wocgdatm,Trueman's Heath Crossroads,52.391159,-1.871445,,,
2000G036000,wocgdatp,Woodrush School,52.38829,-1.879432,,,
2000G036101,wocgdawa,Peterbrook Road,52.394844,-1.854813,,,
2000G036102,wocgpgwa,Peterbrook Road,52.394905,-1.855004,,,
2000G036103,wocgpjat,Rolan Drive,52.397682,-1.852629,,,
2000G036104,wocgpjam,Rolan Drive,52.397591,-1.852453,,,
2000G037300,wocdjtjd,Beoley First School,52.323856,-1.896009,,,
2000G037400,wocdjtjg,Moss Lane,52.32481,-1.888377,,,
2000G037490,wocdjtjm,Moss Lane,52.324638,-1.888598,,,
2000G038300,wocdjtjw,The Old House at Home,52.403389,-2.179097,,,
2000G038301,wocdjtma,The Old House at Home,52.403435,-2.17945,,,
2000G038403,wocdjtmp,Station Drive,52.406345,-2.175126,,,
2000G038700,wocgapjp,Forge Lane,52.392113,-2.118758,,,
2000G038702,wocgapjw,Talbot Inn,52.391644,-2.118507,,,
2000G038703,wocgapma,Talbot Inn,52.391708,-2.118287,,,
2000G039100,wocgapmp,Free Church,52.418945,-2.143871,,,
2000G039101,wocgapmt,Free Church,52.418728,-2.144179,,,
2000G039102,wocgjmwp,Station Road,52.421436,-2.142967,,,
2000G039200,wocgjmwt,Summervale Road,52.417507,-2.144866,,,
2000G039201,wocgjpad,Summervale Road,52.417336,-2.145439,,,
2000G088700,wocdagtj,Portway Hotel,52.351215,-1.882864,,,
2000G093000,wocdgpjg,Hillview Road,52.395611,-2.030529,,,
2000G093300,wocdgpjm,Church Hill,52.421261,-2.012551,,,
2000G094800,wocdgpjt,Church,52.374397,-2.078035,,,
2000G094801,wocdgpjw,Church,52.373985,-2.077961,,,
2000G095100,wocdgpma,Newlands Close,52.425362,-2.129083,,,
2000G095101,wocdgpmd,Newlands Close,52.425877,-2.128996,,,
2000G102300,wocgdjpt,Heath Drive,52.402645,-2.225409,,,
2000G102400,wocdjatw,Heath Drive,52.402607,-2.225776,,,
2000G152800,wocgadjd,Robin Hood Inn,52.284744,-2.124625,,,
2000G154000,wocgadjt,Mearse Lane,52.38689,-2.083465,,,
2000G154100,wocgadjw,Wood Lane,52.376331,-2.07942,,,
2000G154101,wocgadma,Swan Inn,52.377266,-2.079392,,,
2000G155700,wocdwjgw,St. Bede's School,52.302902,-1.927574,,,
2000G156701,wocdwjmg,Waitrose,52.269157,-2.146621,,,
2000G158300,wocdjdmw,All Saints Road,52.340832,-2.053259,,,
2000G195400,wocgjgam,Pinewoods Avenue,52.413902,-2.150809,,,
2000G196900,wocdapmp,Land Oak,52.392246,-2.232527,,,
2000G196901,wocdapmt,Bowling Green,52.390556,-2.233165,,,
2000G196998,wocdjwgw,Cricket Ground,52.388542,-2.233125,,,
2000G196999,wocdjwja,Villiers Street,52.385887,-2.233684,,,
2000G198300,wocdjgpd,Cricket Ground,52.388443,-2.233418,,,
2000G200400,wocdpapw,Aintree Close,52.365116,-2.055447,,,
2000G321912,wocdtdpa,Poplar Lane,52.413525,-2.058419,,,
2000G323001,wocdtdpd,Robin Hood Inn,52.284195,-2.125064,,,
2000G323003,wocdtdpg,Chateau Impney,52.27692,-2.135171,,,
2000G323004,wocdtdpj,Dodderhill Road,52.271751,-2.141706,,,
2000G323005,wocdtdpm,Dodderhill Road,52.271328,-2.14191,,,
2000G323027,wocdpgpd,Transmitting Station,52.296303,-2.110112,,,
2000G323028,wocdwpam,Transmitting Station,52.296833,-2.109131,,,
2000G323033,wocdwpdg,Gibb Lane School,52.363064,-2.057104,,,
2000G323034,wocdwpdj,Woodrow Lane,52.372005,-2.045408,,,
2000G323035,wocdwpdm,Gannow Walk,52.390888,-2.028704,,,
2000G323036,wocdwpdp,Callowbridge Road,52.395153,-2.019507,,,
2000G323037,wocdwpdt,Beverley Road,52.394344,-2.01501,,,
2000G323038,wocdwpdw,Beverley Road,52.394173,-2.016185,,,
2000G323039,wocdwpga,Library Way,52.392437,-2.02196,,,
2000G323040,wocdwpgd,Library Way,52.392403,-2.022724,,,
2000G323064,wocdataj,Middleton Road,52.34536,-2.06291,,,
2000G323071,wocdtgwa,Frederick Eary House,52.286316,-1.913117,,,
2000G323072,wocdtgwd,Frederick Eary House,52.28619,-1.912795,,,
2000G323082,wocdtdja,Tanhouse Lane,52.31963,-1.908269,,,
2000G323114,wocdtgta,Auxerre Avenue,52.292152,-1.917886,,,
2000G323120,wocdtgtw,Hewell Road,52.307373,-1.944316,,,
2000G323136,wocdpdjw,Meadowhill Road,52.311771,-1.931798,,,
2000G323137,wocdpdma,Meadowhill Road,52.311798,-1.931314,,,
2000G323196,wocgjgpa,Sainsbury's Local Store,52.34671,-2.060622,,,
2000G323197,wocgjgpd,Sainsbury's Local Store,52.346809,-2.060827,,,
2000G323198,wocgjgpg,Springs Avenue,52.365913,-2.058943,,,
2000G323199,wocgjgpj,Bracken Grove,52.366417,-2.059208,,,
2000G323252,wocgatdp,Groveley Hall,52.386753,-1.958572,,,
2000G323253,wocgatdt,Groveley Farm,52.38295,-1.957664,,,
2000G323254,wocgatdw,Groveley Farm,52.382832,-1.957459,,,
2000G323255,wocgatga,Lea End Lane,52.376232,-1.958259,,,
2000G323256,wocgatgd,Roberts Corner,52.361374,-1.966129,,,
2000G323258,wocgatgm,Grange Lane,52.337494,-1.953672,,,
2000G323259,wocgatgp,Grange Lane,52.337025,-1.953614,,,
2000G323260,wocgatgt,Cobb's Barn Farm,52.333923,-1.950638,,,
2000G323261,wocgatgw,By-pass Island,52.331676,-1.948072,,,
2000G323262,wocgatja,By-pass Island,52.331406,-1.948234,,,
2000G323263,wocgatjd,Garage,52.325451,-1.941594,,,
2000G323264,wocgjpgd,Abbey Stadium,52.317142,-1.941956,,,
2000G323281,wocgjpmg,Auxerre Avenue,52.291615,-1.917711,,,
2000G323323,wocgadwj,De Wych Rd,52.291435,-2.113795,,,
2000G323324,wocgadwm,St Richard's Road,52.289989,-2.112398,,,
2000G323325,wocgadwp,Stoke Lane,52.29076,-2.104279,,,
2000G323326,wocgadwt,Stoke Lane,52.290627,-2.104571,,,
2000G323328,wocgagad,Shaw Lane Shelter,52.30167,-2.086692,,,
2000G323329,wocgagag,Shops,52.302383,-2.085227,,,
2000G323330,wocgagaj,Church,52.306396,-2.077198,,,
2000G323331,wocgagam,Orchard Crescent,52.304558,-2.08221,,,
2000G323377,wocdjwmt,Astwood Lane,52.289883,-2.089234,,,
2000G323936,wocgtdgp,Windmill Avenue,52.395943,-2.01986,,,
2000G323999,wocdpdtp,The Crown Inn,52.293018,-2.114136,,,
2000G353933,wocdpdwa,Gibb Lane School,52.363255,-2.057985,,,
2000G500935,wocgjatj,Webbs,52.301991,-2.103088,,,
2000G500936,wocgjatm,Webbs,52.301838,-2.102941,,,
2000G500941,wocgjawa,Walkmill Drive,52.289478,-2.118393,,,
2000G500944,wocgjawj,Chateau Impney,52.277714,-2.134631,,,
2000G500948,wocgtpaj,Walkmill Drive,52.291233,-2.116785,,,
2000G501725,wocgdgwt,School Lane,52.35228,-2.047415,,,
2000G501732,wocgdjag,Littleheath Lane,52.350449,-2.041923,,,
2000G501733,wocgdjaj,Cottage Farm,52.347286,-2.034727,,,
2000G501735,wocgdjap,First School,52.351158,-2.047047,,,
2000G501736,wocdmdjd,Grosvenor Gardens,52.350006,-2.04778,,,
2000G501737,wocdmdjg,Upland Road,52.345158,-2.050755,,,
2000G501738,wocdajpj,Oakland Grove,52.342434,-2.051456,,,
2000G501739,wocdajpm,Oakland Grove,52.342731,-2.051515,,,
2000G501740,wocdajpt,All Saints Road,52.341103,-2.053216,,,
2000G501748,wocdajpw,Windsor Street,52.33379,-2.060353,,,
2000G501750,wocdajta,Sunnymead,52.332138,-2.057856,,,
2000G501751,wocdajtd,Sunnymead,52.332058,-2.057284,,,
2000G501754,wocdajtg,Wellington Road,52.329399,-2.052335,,,
2000G501755,wocdajtj,Wellington Road,52.328857,-2.051806,,,
2000G501756,wocdajtm,Clive Road,52.327042,-2.050264,,,
2000G501757,wocdajtp,Rigby Lane,52.325371,-2.049587,,,
2000G501758,wocdajtw,Rigby Lane,52.324726,-2.049014,,,
2000G501760,wocdajwa,Rugby Club,52.325851,-2.041209,,,
2000G501761,wocdajwd,Rugby Club,52.326004,-2.040798,,,
2000G501762,wocdajwg,Walnut Lane,52.327976,-2.036354,,,
2000G501764,wocdajwj,Stoke Road,52.323048,-2.05604,,,
2000G501765,wocdajwm,Stoke Road,52.322853,-2.055042,,,
2000G501766,wocdajwp,Sherwood Road,52.321873,-2.057712,,,
2000G501767,wocdajwt,Sherwood Road,52.321728,-2.05755,,,
2000G501768,wocdamad,Newton Works,52.320675,-2.056683,,,
2000G501769,wocdamag,Newton Works,52.320442,-2.056595,,,
2000G501770,wocdamaj,Sugarbrook Road,52.318542,-2.059336,,,
2000G501772,wocdamam,Aston Road,52.317768,-2.062342,,,
2000G501773,wocdamap,Aston Road,52.3176,-2.062268,,,
2000G501795,wocdapam,Duke of York,52.341995,-2.06631,,,
2000G501796,wocdapap,Broad Street,52.343544,-2.065123,,,
2000G501797,wocdapat,Broad Street,52.343731,-2.06527,,,
2000G501798,wocdapaw,Middleton Road,52.345493,-2.063013,,,
2000G501800,wocdapdg,King George Close,52.344387,-2.069029,,,
2000G501808,wocdapdt,Barnsley Hall,52.350979,-2.063167,,,
2000G501813,wocdapga,Meadow Road,52.362839,-2.060437,,,
2000G501814,wocdapgd,Meadow Road,52.36274,-2.060848,,,
2000G501816,wocdapgm,Montgomery Close,52.366985,-2.057799,,,
2000G501817,wocdapgp,Alexander Close,52.366768,-2.056154,,,
2000G501818,wocdapgt,Alexander Close,52.366516,-2.056021,,,
2000G501820,wocdapgw,Montgomery Close,52.367199,-2.058254,,,
2000G501821,wocdapja,Aintree Close,52.364601,-2.054873,,,
2000G501822,wocdapjd,Ash Drive,52.363766,-2.053698,,,
2000G501823,wocdapjg,Ash Drive,52.364128,-2.052729,,,
2000G501827,wocdamjg,Marlbrook Lane,52.366383,-2.03568,,,
2000G501828,wocdamjm,Marlbrook Lane,52.366356,-2.034593,,,
2000G501829,wocdamjp,Lickey Rock,52.366714,-2.031817,,,
2000G501830,wocdamjt,Lickey Rock,52.366974,-2.031289,,,
2000G501831,wocdamjw,Braces Lane,52.365364,-2.039409,,,
2000G501832,wocdampa,Braces Lane,52.364887,-2.039717,,,
2000G501833,wocdampd,Old Birmingham Road,52.362457,-2.042888,,,
2000G501834,wocdampg,Staple Flat,52.359203,-2.044383,,,
2000G501835,wocdampj,Old Birmingham Road,52.362053,-2.042917,,,
2000G501836,wocdampm,Staple Flat,52.359634,-2.043972,,,
2000G501837,wocdampt,Old Birmingham Road,52.356758,-2.044968,,,
2000G501838,wocdampw,Old Birmingham Road,52.356838,-2.045203,,,
2000G501898,wocgdjmd,Barnsley Hall,52.350925,-2.06327,,,
2000G502281,wocgmpgd,Hodge Hill Nurseries,52.394535,-2.210716,,,
2000G502282,wocgmpgj,Bruce Road,52.392303,-2.2264,,,
2000G502289,wocgmpjg,Bruce Road,52.392658,-2.22502,,,
2000G502290,wocgmpjm,Hurcot Lane,52.393829,-2.218472,,,
2000G502291,wocgjtmp,Hodge Hill Nurseries,52.394814,-2.210908,,,
2000G502330,wocgjtwg,Villiers Street,52.386501,-2.233819,,,
2000G502332,wocgmgtp,Linden Avenue,52.391392,-2.233067,,,
2000G502337,wocgmjpt,Broadwaters Drive,52.399784,-2.235991,,,
2000G502342,wocgmjtg,Broadwaters Drive,52.399124,-2.236635,,,
2000G502702,wocdgjad,Queen Street,52.26825,-2.145651,,,
2000G502785,wocgmamw,Burcot Grange,52.345573,-2.02009,,,
2000G502787,wocgtmwt,Linthurst Newtown,52.350521,-2.004191,,,
2000G502788,wocgtmtp,Linthurst Newtown,52.349991,-2.004734,,,
2000G502790,wocgmapg,Tanglewood Close,52.349396,-2.008919,,,
2000G502792,wocgmapm,Linthurst Rise,52.350555,-2.001093,,,
2000G502793,wocgmapt,Linthurst Rise,52.350574,-2.000829,,,
2000G502794,wocgmapw,Blackwell Road,52.356857,-1.995792,,,
2000G502795,wocgptam,Sandhills Lane,52.359303,-1.991108,,,
2000G502796,wocgmata,Sandhills Road,52.360355,-1.990491,,,
2000G502798,wocgmatd,Poplar Drive,52.362782,-1.989609,,,
2000G502799,wocdjawj,Fiery Hill Road,52.365021,-1.991062,,,
2000G502803,wocdjawt,Lickey Square,52.370647,-2.01158,,,
2000G502804,wocdjdad,Rose and Crown,52.379818,-2.008775,,,
2000G502805,wocdjdag,Rose Hill,52.381084,-2.004883,,,
2000G502806,wocdjdaj,Rose Hill,52.38097,-2.004368,,,
2000G502818,wocgmtap,Lea End Lane,52.376709,-1.958596,,,
2000G502821,wocgmtaw,Pestilence Lane,52.366417,-1.959428,,,
2000G502822,wocgmtda,Pestilence Lane,52.365978,-1.959664,,,
2000G502831,wocdadgm,Cobbs Barn Farm- Redditch Road,52.333988,-1.951166,,,
2000G502839,wocdadgp,Lion Wood,52.343288,-1.875282,,,
2000G502843,wocdadja,Ipsley Street,52.304386,-1.93838,,,
2000G502850,wocdadjm,Abbey Stadium,52.317028,-1.942279,,,
2000G502854,wocdadjp,Shawhurst Lane,52.386433,-1.884682,,,
2000G502861,wocdadjt,Highters Heath Lane,52.401222,-1.88385,,,
2000G502867,wocdadjw,May Lane,52.390839,-1.875736,,,
2000G502888,wocdwajt,Washford Mill,52.284069,-1.900178,,,
2000G502889,wocdwajw,Washford Mill,52.283966,-1.899547,,,
2000G502890,wocdwama,Pipers Road,52.28405,-1.903212,,,
2000G502899,wocdwamj,Lion Wood,52.342995,-1.877117,,,
2000G502912,wocgtwmg,Kings Arms,52.304974,-1.93219,,,
2000G502918,wocdtwtp,St. Bede's School,52.303238,-1.927925,,,
2000G502919,wocdtwtw,Kings Arms,52.305046,-1.93175,,,
2000G502920,wocdwada,Trafford Park,52.304951,-1.935021,,,
2000G502921,wocdwadg,Station Way Top,52.303532,-1.942106,,,
2000G502922,wocdwadj,Trafford Park,52.304653,-1.93772,,,
2000G502923,wocdwadm,Station Way Top,52.303604,-1.941725,,,
2000G502967,wocdwadw,May Lane,52.390694,-1.876839,,,
2000G503069,wocdtpdg,Hagley Wood Lane,52.434532,-2.090028,,,
2000G503072,wocdtpdp,Hagley Golf Course,52.432304,-2.098907,,,
2000G503073,wocdtpdt,Hagley Road,52.428013,-2.122575,,,
2000G503074,wocdtpdw,School Lane,52.427383,-2.123868,,,
2000G503076,wocgpmwj,Wassell Grove Road,52.430443,-2.110492,,,
2000G503077,wocgpjda,Wassell Grove Road,52.429867,-2.112712,,,
2000G503078,wocdtpga,Newfield Road,52.41563,-2.147933,,,
2000G503079,wocgdgjt,Pinewoods Avenue,52.414253,-2.150545,,,
2000G503080,wocgdgjw,Thicknall Lane,52.413116,-2.153335,,,
2000G503081,wocgdgma,Kidderminster Road South,52.41246,-2.154582,,,
2000G503082,wocgdgmd,Broome Lane,52.411053,-2.158458,,,
2000G503084,wocgdgmg,Station Drive,52.405426,-2.175637,,,
2000G503087,wocgdgmj,Halfshire Lane,52.401566,-2.183514,,,
2000G503088,wocgdgmp,Halfshire Lane,52.40173,-2.183559,,,
2000G503089,wocgdgmt,New Wood Lane,52.398735,-2.188735,,,
2000G503090,wocgdgmw,Park Hall,52.397057,-2.199235,,,
2000G503091,wocgdgpa,Park Hall,52.396622,-2.199792,,,
2000G503104,wocgdgpd,Railway Station,52.385033,-2.240085,,,
2000G503105,wocgdgpg,Lorne Street,52.384686,-2.236793,,,
2000G503112,wocgdgpm,Hinton Fields,52.357235,-2.063778,,,
2000G503113,wocdwjwm,War Memorial,52.360344,-2.064957,,,
2000G503115,wocgpgpg,Plough and Harrow,52.364948,-2.065257,,,
2000G503118,wocgpgpt,Plough and Harrow,52.36414,-2.064507,,,
2000G503119,wocdwmag,Horsepool Farm,52.4217,-2.053945,,,
2000G503120,wocdwmaj,Hollies Farm,52.423309,-2.053344,,,
2000G503121,wocdwmam,Redhill Place,52.427372,-2.052834,,,
2000G503122,wocdwmap,Redhill Place,52.427544,-2.052496,,,
2000G503124,wocdwmat,Bibby Lane,52.435135,-2.048019,,,
2000G503125,wocdwmaw,Illey Turn,52.439621,-2.043802,,,
2000G503126,wocdwmda,Illey Turn,52.44001,-2.043905,,,
2000G503127,wocdwmdg,The Hedgerows,52.416859,-2.061908,,,
2000G503129,wocdjpmw,The Bell and Cross,52.407677,-2.114493,,,
2000G503130,wocdjpta,The Bell and Cross,52.407803,-2.114861,,,
2000G503131,wocdatjd,Mearse Lane,52.387539,-2.083774,,,
2000G503132,wocdatjg,Stourbridge Road,52.3839,-2.079609,,,
2000G503133,wocdatjm,Stourbridge Road,52.384258,-2.07961,,,
2000G503134,wocdatjp,Spring Pools,52.382023,-2.039129,,,
2000G503135,wocdatjt,Spring Pools,52.381737,-2.039026,,,
2000G503136,wocdatjw,Lydiate Ash Road,52.375549,-2.044779,,,
2000G503137,wocdatma,Lydiate Ash Road,52.375431,-2.045073,,,
2000G503139,wocdatmd,Woodrow Lane,52.372223,-2.04507,,,
2000G503140,wocdatmg,Marlbrook Hotel,52.365883,-2.046988,,,
2000G503919,wocgjmjp,Horsepool Farm,52.421513,-2.053724,,,
2000G503920,wocgjmjt,Hollies Farm,52.424198,-2.052816,,,
2000G503924,wocgjmjw,Bibby Lane,52.434963,-2.048078,,,
2000G503927,wocgjmpa,The Hedgerows,52.417004,-2.062129,,,
2000G516904,wocdpwtj,Groveley Hall,52.386913,-1.958983,,,
2000G52777A,wocdtgjg,School,52.353367,-2.047343,,,
2000G52781A,wocdtgjp,Village Hall,52.34309,-2.0296,,,
2000G52782A,wocdtgjt,Village Hall,52.34301,-2.029688,,,
2000G52783A,wocdtgjw,Alcester Road near Greenhill,52.342793,-2.026459,,,
2000G52786A,wocdtgma,Green Hill,52.347633,-2.017227,,,
2000G52786B,wocgmtdp,Green Hill,52.347282,-2.017668,,,
2000G52835A,wocgmtgp,Holt Hill,52.32378,-1.891358,,,
2000G52836A,wocgmtgt,Bransons Cross Roundabout,52.331699,-1.872511,,,
2000G52847A,wocgmtgw,Barkers Lane,52.36488,-1.889084,,,
2000G52848A,wocgmtja,Hill Lane,52.368877,-1.887782,,,
2000G52850A,wocdjpgw,Wythall Island,52.374889,-1.885006,,,
2000G52851A,wocdjpja,Brick Kiln Lane,52.378593,-1.88482,,,
2000G52851B,wocdjpjd,Brick Kiln Lane,52.378235,-1.884938,,,
2000G52852A,wocdjpjg,Silver Street,52.383053,-1.884235,,,
2000G52855A,wocdjpjm,Shawhurst Lane,52.385983,-1.88414,,,
2000G52857A,wocdjpjp,Pack Horse Inn,52.391727,-1.884419,,,
2000G52858A,wocdjpjt,Dark Lane,52.395943,-1.881968,,,
2000G52858B,wocdjpjw,Dark Lane,52.395836,-1.88188,,,
2000G52860A,wocdjpma,Highters Heath Lane,52.400665,-1.883705,,,
2000G52866A,wocdjpmp,Falstaff Avenue,52.388325,-1.879667,,,
2000G52869A,wocgjmta,Alder Close,52.388405,-1.869748,,,
2000G52874A,wocgjmtj,The Spinney,52.378254,-1.869308,,,
2000G52875A,wocgjmtm,Gorsey Lane,52.375633,-1.874662,,,
2000G52876A,wocgjmtp,Gorsey Lane,52.375912,-1.8745,,,
2000G52877A,wocgjmtw,School Drive,52.374023,-1.88019,,,
2000G52878A,wocgjmwa,School Drive,52.373951,-1.881409,,,
2000G52879B,wocgjmwg,The Spinney,52.378792,-1.868248,,,
2000G581601,wocgmwja,Woodman Lane,52.415161,-2.120614,,,
2000G583516,wocgtjpw,Hurcott Road Crossroads,52.394482,-2.235037,,,
2000G591733,wocgdtpw,Cottage Farm,52.347298,-2.034976,,,
2000G591737,wocgawpd,Upland Road,52.345421,-2.050931,,,
2000G592451,wocgpdmp,Green Street,52.384983,-2.245345,,,
2000G592733,wocgawpj,Fiery Hill Road,52.365101,-1.990798,,,
2000G592785,wocgawpt,Burcot Grange,52.345474,-2.020016,,,
2000G592804,wocgawpw,Rose and Crown,52.379963,-2.008335,,,
2000G592890,wocgawtd,Pipers Road,52.284077,-1.902684,,,
2000G593082,wocgawtg,Broome Lane,52.410683,-2.158927,,,
2000G593089,wocgawtj,New Wood Lane,52.399178,-2.188325,,,
2000G593105,wocgpdmw,Lorne Street,52.384525,-2.236792,,,
2000G612333,wocgjwpj,Regents Park Road,52.332775,-2.042609,,,
2000G612335,wocgjwpt,Dagnell End Road,52.323849,-1.937443,,,
2000G621003,wocgmadt,Galton's Lane,52.393208,-2.101552,,,
2000G621004,wocgmadw,Yew Tree Avenue,52.399376,-2.117073,,,
2000G621005,wocdwjtd,Woodman Lane,52.415249,-2.121026,,,
2000G621006,wocdwjtg,Haybridge High School,52.423653,-2.147739,,,
2000G621007,wocdwjtj,Hagley Primary School,52.42255,-2.137089,,,
2000G621010,wocdwjtw,Dark Lane,52.416264,-2.064378,,,
2000G621011,wocdwjwa,Hillcrest Road,52.41473,-2.061435,,,
2000G621012,wocdwjwd,Poplar Lane,52.413631,-2.060301,,,
2000G621017,wocwtwpw,War Memorial,52.423191,-2.133121,,,
2000G621018,wocgptat,Station Road,52.422302,-2.141514,,,
2000G621019,wocgpjpa,Bell Inn,52.392002,-2.089661,,,
2000G621020,wocgpjpd,Bell Inn,52.391823,-2.088559,,,
2000G622003,wocgmtmg,Shaw Lane Shelter,52.300926,-2.086485,,,
2000G622004,wocgmtmj,Orchard Crescent,52.304558,-2.082885,,,
2000G623001,wocgmtmw,Cofton Church Lane,52.369904,-1.993999,,,
2000G623007,wocdgdmp,Hinton Fields,52.357506,-2.063749,,,
2000G623009,wocdgdmw,Pleck Stores,52.339405,-2.067612,,,
2000G623010,wocdgdpa,Stratford Road,52.335484,-2.053502,,,
2000G623013,wocdgdpj,Fordhouse Road,52.330673,-2.054876,,,
2000G623016,wocgjtag,Walnut Lane,52.32856,-2.03449,,,
2000G623017,wocgjtaj,Cofton Church Lane,52.37001,-1.99372,,,
2000G623018,wocgjtam,Woodshill Avenue,52.371105,-2.015442,,,
2000G623020,wocgjtat,Clive Road,52.326649,-2.050263,,,
2000G623021,wocgpwtj,Railway Bridges,52.297409,-2.085202,,,
2000G623022,wocgtaga,Railway Bridges,52.297859,-2.085174,,,
2000G623050,wocgtpjd,Kendal Drive,52.368114,-1.992897,,,
2000G623051,wocgtmwj,Kendal Drive,52.368034,-1.993162,,,
2000G623910,wocgpdmt,Stratford Road,52.335365,-2.053634,,,
2000G624004,wocgjtdj,Beoley First School,52.323898,-1.894776,,,
2000G626006,wocdmgdp,Fords Road,52.39386,-1.852083,,,
2000G631005,wocdmgmd,Baptist Church,52.308994,-1.937464,,,
2000G631006,wocdmgmg,Gibbs Road,52.313648,-1.926793,,,
2000G661007,wocdpjtd,De Wych Rd,52.291561,-2.113912,,,
2000G700303,wocgpdjw,Redditch Bus Station,52.305729,-1.944773,0.0,200G003001,C
2000G700306,wocgpdjm,Redditch Bus Station,52.305305,-1.9447,0.0,200G003001,F
2000G714676,wocdwatm,North of Studley Road Island,52.284687,-1.910775,,,
2000G800091,wocgjptj,Old Alcester Road,52.347797,-1.880495,,,
2000G800092,wocgjptm,Slip Road,52.346024,-1.876668,,,
2000G800901,wocgjptw,Prince Mews,52.430489,-2.128833,,,
2000G800903,wocgjpwa,Hartle Farm,52.390541,-2.107468,,,
2000G800904,wocgjpwd,Hartle Farm,52.390709,-2.107557,,,
2000G800907,wocgjpwm,Lickey Square,52.371952,-2.016794,,,
2000G800908,wocgjpwp,Lickey Square,52.371574,-2.017734,,,
2000G800909,wocgjpwt,Lickey Grange Drive,52.368435,-2.026369,,,
2000G800910,wocdmdjm,Lickey Grange Drive,52.368198,-2.026619,,,
2000G500939,wocgtptp,Webbs Grounds,52.302971,-2.102914,,,
2000G038704,wocgtjtw,Woodgate Way,52.3909,-2.115258,,,
2000G621024,wocgtjwg,Dark Lane,52.394295,-2.117735,,,
2000G038705,wocgtpag,Woodgate Way,52.391171,-2.11564,,,
2000G093301,wocgtpwa,Church Hill,52.420975,-2.01308,,,
2000G621028,wocgtmpg,Yew Tree Avenue,52.400124,-2.116545,,,
2000G621029,wocgtmta,Pool Furlong,52.403442,-2.115393,,,
2000G621030,wocgtmpm,Pool Furlong,52.40366,-2.11507,,,
2000G621031,wocgtmwa,Galton's Lane,52.392982,-2.101817,,,
2000G025904,wocgtwad,Blythesway,52.353203,-1.968734,,,
2000G621000,wocgtwaw,Dark Lane,52.416302,-2.064025,,,
2000G621032,wocgtwtg,Hillcrest Road,52.41444,-2.061449,,,
2000G501763,wocgwamd,Sugarbrook Road,52.318348,-2.059423,,,
2000G528601,wocgwamg,New Road,52.399456,-1.882723,,,
2000G528602,wocgwama,New Road,52.399738,-1.882678,,,
2000G210028,wocgwapm,Dark Lane,52.39452,-2.117398,,,
2000G621035,wocgwapd,Woodfield Lane,52.395771,-2.071372,,,
2000G621036,wocgwamp,Woodfield Lane,52.395889,-2.071078,,,
2000G502800,wocgwawm,Elliot Gardens,52.383217,-2.002136,,,
2000G010006,wocdgtjw,Bromsgrove Railway Station,52.320885,-2.049582,,,
2000G010007,wocdtpgm,Bromsgrove Railway Station,52.321022,-2.049436,,,
260003732,leidtdam,M&S,52.599167,-1.179166,,,
260004300,leidtgtm,Beggars Lane,52.619183,-1.230741,,,
260004301,leidtgtp,Hinckley Road,52.621326,-1.227115,,,
260004302,leidtgtw,Warren Lane,52.622623,-1.225053,,,
260004303,leidtgwa,Warren Lane,52.622612,-1.224477,,,
260004304,leidtgwd,Red Cow,52.624115,-1.220625,,,
260004305,leidtgwg,Red Cow,52.624569,-1.219834,,,
260004306,leiajgtd,Kings Drive,52.624954,-1.215676,,,
260004307,leiajgta,Kings Drive,52.624928,-1.214066,,,
260004308,leiajgpt,Grange Avenue,52.625294,-1.211194,,,
260004309,leiajgpw,Grange Avenue,52.625492,-1.211087,,,
260004310,leiajgpg,Walsingham Crescent,52.62598,-1.205213,,,
260004311,leiajgpd,Braunstone Crossroads,52.626465,-1.203698,,,
260004312,leiadmgj,Braunstone Crossroads,52.626583,-1.202425,,,
260004316,leimampa,Hinckley Road,52.621399,-1.22735,,,
260004400,leidtgwp,Thurlaston Turn,52.601784,-1.27438,,,
260004401,leidtgwt,Thurlaston Turn,52.601894,-1.274541,,,
260004402,leidtjad,Kennels,52.61116,-1.258246,,,
260004403,leidtjag,Kennels,52.61116,-1.258438,,,
260004404,leimatpa,Bulls Head,52.60915,-1.262075,,,
260004405,leimatpj,Bulls Head,52.609375,-1.261835,,,
260005100,leidtmpw,Desford Crossroads,52.612846,-1.255072,,,
260005101,leidtmta,Desford Crossroads,52.612503,-1.256141,,,
260010262,leijagjt,Three Pots Road,52.521118,-1.365508,,,
260010318,leijagtw,Harrowbrook Road,52.534725,-1.406562,,,
260010319,leijagwa,Maple Drive,52.535454,-1.402852,,,
260010320,leijagwd,Nutts Lane,52.535698,-1.396067,,,
260010321,leijagwg,Beaumont Avenue,52.535603,-1.391749,,,
260010322,leijagwj,King George's Way,52.536568,-1.388757,,,
260010324,leijagwp,Brandon Road,52.538185,-1.381982,,,
260010325,leijagwt,Granville Road,52.539066,-1.379891,,,
260010326,leijajad,Granville Road,52.538841,-1.380218,,,
260010327,leijajag,Brandon Road,52.537971,-1.382368,,,
260010328,leijajaj,Rosemary Way,52.537502,-1.38553,,,
260010329,leijajam,King George's Way,52.535961,-1.389798,,,
260010330,leijajap,Beaumont Avenue,52.535492,-1.393092,,,
260010332,leijajaw,Maple Drive,52.53508,-1.403683,,,
260010333,leijajda,Harrowbrook Road,52.534481,-1.408055,,,
260010348,leijajmd,Well Lane,52.54541,-1.372709,,,
260010349,leijajmg,Well Lane,52.545143,-1.372771,,,
260010350,leijajmj,Atkins Building,52.543098,-1.373803,,,
260010361,leijajta,The Crescent Bus Station,52.539143,-1.375422,0.0,260GCC16101,
260010362,leijajtd,The Crescent Bus Station,52.538948,-1.374747,0.0,260GCC16101,
260010367,leijajwa,Dodwells Road,52.53511,-1.414916,,,
260010368,leijajwd,Dodwells Road,52.535202,-1.415593,,,
260010389,leijamgd,Chesterfield Way,52.569843,-1.333954,,,
260010390,leijamgj,Atkins Building,52.543194,-1.373625,,,
260010600,leijampa,Keats Lane,52.579163,-1.310024,,,
260010601,leijampd,Almeys Lane,52.576694,-1.310874,,,
260010602,leijampg,Almeys Lane,52.577053,-1.310721,,,
260010603,leijampj,Keats Lane,52.578453,-1.309991,,,
260010604,leijampm,Library,52.575619,-1.316322,,,
260010605,leijampt,Mountfield Road,52.575466,-1.319069,,,
260010606,leijampw,Mountfield Road,52.575611,-1.319096,,,
260010607,leijamta,New Street,52.574104,-1.323044,,,
260010608,leijamtd,Belle Vue Road,52.57095,-1.329497,,,
260010609,leijamtg,Belle Vue Road,52.570656,-1.330298,,,
260010610,leijamtj,Field Way,52.572559,-1.326786,,,
260010611,leijamtm,New Street,52.574505,-1.322551,,,
260010628,leijapda,Field Way,52.572739,-1.326238,,,
260010661,leimatpm,Clickers Way,52.58865,-1.295601,,,
260010662,leimatpt,Clickers Way,52.5882,-1.296568,,,
260010900,leijatdg,Ashby Road,52.563595,-1.36019,,,
260010901,leijatdj,St Marys Avenue,52.563049,-1.35415,,,
260010902,leijatdm,Ashby Road,52.563797,-1.361073,,,
260010903,leijatdp,Church Lane,52.565418,-1.348494,,,
260010904,leijatdt,The Square,52.567726,-1.346085,,,
260010905,leijatdw,Church Lane,52.565121,-1.348484,,,
260010906,leijatga,Hill Street,52.568062,-1.341816,,,
260010907,leijatgd,Chesterfield Way,52.569962,-1.334484,,,
260010908,leijatgj,The Cedars,52.569519,-1.336054,,,
260010909,leijatgm,Hill Street,52.56802,-1.340961,,,
260010913,leijatja,The Cedars,52.569309,-1.336899,,,
260010936,leijatwg,The Square,52.567703,-1.345569,,,
260010937,leijatwj,St Marys Avenue,52.563015,-1.353191,,,
260010949,leijawdg,Barwell House Farm,52.564682,-1.365471,,,
260010950,leijawdj,Community Hospital,52.561642,-1.366606,,,
260010951,leijawdm,Ashby Grange,52.558384,-1.365798,,,
260010952,leijawdp,Hangmans Lane,52.555851,-1.364934,,,
260010953,leijawdt,Sunnyside,52.553078,-1.365269,,,
260010954,leijawdw,Barrie Road,52.550194,-1.36742,,,
260010955,leijawga,Factory Road,52.548367,-1.368744,,,
260010956,leijawgd,Factory Road,52.54808,-1.369205,,,
260010957,leijawgj,Barrie Road,52.551296,-1.366829,,,
260010958,leijawgm,Sunnyside,52.552673,-1.365762,,,
260010959,leijawgp,Hangmans Lane,52.555683,-1.365069,,,
260010960,leijawgt,Ashby Grange,52.558708,-1.365896,,,
260010961,leijawgw,Community Hospital,52.561607,-1.366784,,,
260070078,leijwdmp,Marchant Road,52.539459,-1.377585,,,
260070079,leijwdmt,Marchant Road,52.539658,-1.377538,,,
260070081,leijwdpa,Whitworth Avenue,52.535618,-1.398044,,,
260070143,leijwgpm,Three Pots Road,52.520832,-1.36566,,,
269030004,lecdapwt,St Peter's Lane,52.637814,-1.134953,,,
269030084,lecdgpjd,St Margaret's Bus Station,52.639748,-1.133836,0.0,269GLC30614,SN
269030090,lecdgpma,St Margaret's Bus Station,52.639881,-1.133523,0.0,269GLC30614,SU
269030112,lecdpmwa,St Peter's Lane,52.637592,-1.135179,,,
269030116,lecdpmwm,Causeway Lane,52.637596,-1.137248,,,
269034018,lecdjwpd,Welford Place,52.63089,-1.133597,,,
269034022,lecdjwpt,Nelson Mandela Park,52.625893,-1.132174,,,
269034040,lecdgdtp,Walnut Street,52.625122,-1.13377,,,
269034043,lecdgdwd,Bonners Lane,52.629829,-1.135878,,,
269034056,lecdjwgt,Burnmoor Street,52.624695,-1.138254,,,
269034057,lecdjwgw,Windermere Street,52.625248,-1.141538,,,
269034058,lecdjwja,Windermere Street,52.625328,-1.141182,,,
269034060,lecdjwjg,Walnut Street,52.62463,-1.135567,,,
269034104,lecdjtjt,St Nicholas Circle,52.6348,-1.140805,,,
269034106A,lecdpmtw,Town Hall Square,52.633862,-1.133051,,,
269034110,lecdptdj,St Nicholas Circle,52.634747,-1.139446,,,
269045000,lecdapgj,Braunstone Leisure Centre,52.631615,-1.178589,,,
269045001,lecdapgm,Braunstone Way,52.630959,-1.187526,,,
269045002,lecdjgtd,Avery Hill,52.628975,-1.194403,,,
269045003,lecdjgtg,Wyatt Close,52.628067,-1.197419,,,
269045004,lecdjgtj,Golf Course Lane,52.628925,-1.194981,,,
269045005,lecdjgtm,Avery Hill,52.629498,-1.193404,,,
269045006,lecdjgtp,Braunstone Way,52.630829,-1.18976,,,
269045007,lecdjgtw,Braunstone Leisure Centre,52.63192,-1.178111,,,
269045059,lecdptaw,Wyatt Close,52.62756,-1.199497,,,
269046004,lecdgmwt,Rowley Fields Avenue,52.614468,-1.163962,,,
269046006,lecdmjdm,Jaguar Garage,52.613949,-1.165154,,,
269050003,lecdajtm,Kate Street,52.634216,-1.149431,,,
269050004,lecdajtp,Tudor Road,52.634022,-1.147277,,,
269050005,lecdajtw,West Bridge,52.633842,-1.142759,,,
269055000,lecdgtpt,West Bridge,52.633541,-1.143016,,,
269055001,lecdgtpw,Tudor Road,52.633774,-1.14777,,,
269055002,lecdgtwa,Mostyn Street,52.632874,-1.160214,,,
269056000,lecdjdtj,Frampton Avenue,52.632652,-1.163174,,,
269056001,lecdjdtm,Dovelands School,52.632576,-1.16545,,,
269056002,lecdjdtp,Sunnycroft Road,52.632885,-1.168503,,,
269056003,lecdjdtw,Western Park,52.633209,-1.172501,,,
269056004,lecdjdwa,Western Park,52.633354,-1.170977,,,
269056005,lecdjdwd,Sunnycroft Road,52.6329,-1.168015,,,
269056006,lecdjdwg,Dovelands School,52.632736,-1.163807,,,
269056007,lecdjdwj,Mostyn Street,52.633121,-1.160121,,,
269057030,lecdgjpw,Rutland Street,52.633812,-1.129535,,,
3500B006900,shradatd,St Mary's Church,52.66721,-2.376667,,,
3500B006901,shradatg,St Mary's Church,52.66711,-2.376874,,,
3500B006902,shrdjma,Jaspers Bar,52.666553,-2.374044,,,
3500B006903,shrdgjmd,Jaspers Bar,52.666508,-2.374458,,,
3500B029100,shradpgm,Oldbury Wells School,52.530651,-2.427681,,,
3500B055300,shragdtm,Wheel Inn,52.553967,-2.350239,,,
3500B055301,shragjtj,Wheel Inn,52.553707,-2.350252,,,
3500B099000,shrajmjp,Swancote Farm,52.543957,-2.380875,,,
3500B099001,shrajmjt,Swancote Farm,52.543739,-2.38133,,,
3500B126301,shramdwd,Woodberry Down PH,52.53965,-2.431027,,,
3500B126302,shramdmt,Oak Gardens,52.540165,-2.432064,,,
3500B132000,shramjgt,Seniors Club,52.670456,-2.371327,,,
3500B132001,shramgwt,Seniors Club,52.670292,-2.371444,,,
3500B132002,shramjad,Barn Road Jct,52.670437,-2.368355,,,
3500B132003,shramjag,Barn Road Jct,52.670303,-2.368649,,,
3500B132004,shramjaj,Aston Road Jct,52.668781,-2.366137,,,
3500B132005,shramjam,Aston Road Jct,52.668449,-2.366149,,,
3500B136500,shramjtj,Severn Valley Railway,52.532394,-2.421152,,,
3500B218700,shratdjd,The Wheatsheaf,52.668938,-2.373118,,,
3500B218701,shratdjg,The Wheatsheaf,52.668095,-2.372919,,,
3500B219700,shratdjt,Long Lane Jct,52.651424,-2.294744,,,
3500B219701,shratdjw,Long Lane Jct,52.651272,-2.294935,,,
3500B219702,shratdma,Garage,52.647903,-2.292399,,,
3500B219703,shratdmd,Garage,52.64801,-2.293065,,,
3500B220000,shratdmg,Fire Station,52.639637,-2.288221,,,
3500B220001,shratdmj,Fire Station,52.639679,-2.288605,,,
3500B220200,shratdmp,Shrewsbury Arms,52.636681,-2.282926,,,
3500B220201,shratdmt,Shrewsbury Arms,52.636101,-2.281711,,,
3500B220202,shratdmw,Crown Inn,52.634789,-2.277979,,,
3500B220203,shratdpa,Crown Inn,52.634636,-2.277992,,,
3500B220204,shratdpd,Meadow Road Jct,52.634045,-2.27261,,,
3500B220205,shratdpg,Meadow Road Jct,52.6339,-2.272713,,,
3500B220600,shratdpj,The Cedars,52.633228,-2.264153,,,
3500B220601,shratdpm,The Cedars,52.633022,-2.264108,,,
3500B220800,shratdpt,Crossroads,52.625748,-2.247887,,,
3500B220801,shratdpw,Crossroads,52.625576,-2.247946,,,
3500B227900,shratgta,New Road Jct,52.533062,-2.419655,,,
3500B228000,shratgtd,Riverside Wines,52.532921,-2.417325,,,
3500B228001,shratgtg,Riverside Wines,52.53302,-2.417134,,,
3500B239100,shratjtp,Cann Hall Drive Jct,52.534306,-2.412016,,,
3500B239200,shratjtw,Severn Street Jct,52.533001,-2.411605,,,
3500B239201,shratjwa,Pale Meadow Rd Jct,52.531902,-2.411993,,,
3500B239400,shratjwd,No. 5,52.53056,-2.411184,,,
3500B239401,shratjwg,No. 5,52.53046,-2.411287,,,
3500B239402,shratjwj,Aldi,52.529087,-2.405451,,,
3500B239403,shratjwm,Aldi,52.529148,-2.405924,,,
3500B239404,,Lodge Lane Jct,52.5303,-2.408322,,,
3500B240400,shratmap,Hawthorns Jct,52.533772,-2.42292,,,
3500B240504,shratwtj,Northgate Car Park,52.539078,-2.422189,,,
3500B240900,shratpdj,No. 82,52.54137,-2.434715,,,
3500B240901,shratwjg,No. 60,52.539936,-2.435497,,,
3500B240902,shratwjm,Racecourse Drive Jct,52.539093,-2.435091,,,
3500B240903,shratwjp,Post Office,52.539291,-2.432527,,,
3500B243700,shratwpg,Sandpit Lane Jct,52.55571,-2.331595,,,
3500B243701,shratwpj,Sandpit Lane Jct,52.555439,-2.331681,,,
3500B245400,shratmgt,Pub,52.555305,-2.294024,,,
3500B249600,shratpgt,Fosters Arms PH,52.534424,-2.414051,,,
3500B249601,shratpgw,Falcon Hotel,52.534035,-2.414298,,,
3500B264001,shrawawg,Harp Inn,52.536022,-2.41986,,,
3500B287700,shrawjda,Royal Oak Inn,52.558533,-2.304386,,,
3500B287701,shrawjdg,Royal Oak Inn,52.558361,-2.304724,,,
3500B287702,shrawjdj,Crossroads,52.55883,-2.294564,,,
3500B287703,shrawjdm,Crossroads,52.558662,-2.295935,,,
3500B407900,shrdadap,The Hobbins Ent,52.53458,-2.391673,,,
3500B407901,shrdadat,The Hobbins Ent,52.534142,-2.391345,,,
3500B463900,shrdgptj,Estate Road Jct,52.531429,-2.387282,,,
3500B463901,shrdgptm,Estate Road Jct,52.531502,-2.386988,,,
3500B464300,shrdgpwg,Faraday Drive Jct,52.528255,-2.400889,,,
3500B464301,shrdgpwj,Faraday Drive Jct,52.52813,-2.400726,,,
3500B464500,shrdgpwt,Roughton Jct,52.547504,-2.367589,,,
3500B464501,shrdgtad,Roughton Jct,52.547405,-2.367426,,,
3500B466501,shrdjmj,Sainsbury's,52.537315,-2.422364,,,
3500B467700,,Lamledge Lane Jct,52.667126,-2.361229,,,
3500B467701,,Lamledge Lane Jct,52.666935,-2.361405,,,
3590E039900,teladpwa,Magna Foods,52.676903,-2.424318,,,
3590E040000,teladpwd,Magna Foods,52.676651,-2.424064,,,
3590E040100,telagmwd,Business Development Centre,52.675476,-2.418048,,,
3590E040200,telagmwg,Business Development Centre,52.675438,-2.418905,,,
3590E040300,teladtag,Kwik Fit,52.674553,-2.415081,,,
3590E040400,teladtad,Kwik Fit,52.674248,-2.415196,,,
3590E040500,teladpwg,Naird Roundabout,52.672142,-2.415102,,,
3590E040600,teladpwj,Naird Roundabout,52.671856,-2.415366,,,
3590E100600,telagjpa,Telford Services,52.677025,-2.401955,,,
3590E100601,telagjmw,Telford Services,52.677094,-2.402562,,,
3590E101500,telamjgt,Fire Station,52.676189,-2.425376,,,
3590E101501,telamjgw,Fire Station,52.675793,-2.42583,,,
3590E101502,telamjma,Bookers,52.674648,-2.425952,,,
3590E101503,telamjmp,Bookers,52.674351,-2.426319,,,
3590E101504,telamjmg,Randlay Interchange,52.670921,-2.424984,,,
3590E101505,telamjmj,Randlay Interchange,52.670712,-2.4255,,,
3590E106000,telagatm,Bus Station,52.675407,-2.447553,0.0,359GTELFRDC,L
3590E107100,telamadt,International Centre,52.67358,-2.442757,,,
3590E107400,telamagd,International Centre,52.673454,-2.442874,,,
3800C200300,,Banbury Road,52.68697,-2.046166,,,
3800C200301,,Banbury Road,52.686924,-2.046018,,,
3800C200400,stadjdgt,Wellington Drive,52.682457,-2.048054,,,
3800C200401,,Wellington Drive,52.682537,-2.048055,,,
3800C200601,,Sainsburys Store,52.674587,-2.017831,,,
3800C200801,stadjdjm,Bus Station,52.690613,-2.031391,0.0,380G200800,1
3800C200807,stadjdmg,Bus Station,52.690796,-2.030977,0.0,380G200800,7
3800C200808,stadjdmj,Bus Station,52.690811,-2.03074,0.0,380G200800,8
3800C203400,stagtapj,Norton Canes Business Park,52.667458,-1.975212,,,
3800C203401,stagtapm,Norton Canes Business Park,52.667198,-1.975005,,,
3800C203700,stadjgdp,Butts Lane,52.668423,-1.980712,,,
3800C203701,stadjgdt,Butts Lane,52.668304,-1.980875,,,
3800C208801,stadjmgp,Asda Store,52.686378,-2.031047,,,
3800C208802,stadjmgt,Asda Store,52.686714,-2.030825,,,
3800C209001,,Cley Road,52.673611,-2.00875,,,
3800C209002,,Cley Road,52.673367,-2.008454,,,
3800C211301,stagtawd,Repton Close,52.683437,-2.045985,,,
3800C211302,,Repton Close,52.683418,-2.045837,,,
3800C211401,stadjmwm,Lock Keepers Close,52.668922,-1.974176,,,
3800C211402,stagtawg,Lock Keepers Close,52.669033,-1.973984,,,
3800C211701,,Longford Primary Academy,52.684273,-2.041326,,,
3800C211702,,Longford Primary Academy,52.684364,-2.041282,,,
3800C212001,stagtawj,Park Road,52.671879,-1.96678,,,
3800C212101,stagtawm,Yew Tree Close,52.671917,-1.971956,,,
3800C212102,stagtawp,Yew Tree Close,52.671852,-1.972562,,,
3800C212301,stagtawt,Wolverhampton Road,52.683601,-2.039698,,,
3800C212302,,Wolverhampton Road,52.68359,-2.039891,,,
3800C212502,,Norton East Road,52.671036,-1.965701,,,
3800C213601,stadjpgp,Red Lion Lane,52.667717,-1.961164,,,
3800C213602,stadjpgt,Red Lion Lane,52.668362,-1.96174,,,
3800C214801,stadjpmp,Willow Road,52.665043,-1.957795,,,
3800C214802,stadjpmt,Willow Road,52.66489,-1.957366,,,
3800C216701,stagtdat,The Brambles,52.67168,-1.969087,,,
3800C216702,stagtdaw,The Brambles,52.671791,-1.969102,,,
3800C219001,stagpwdt,Wolverhampton Road,52.682774,-2.038839,,,
3800C219601,stagtdgd,Oaks Drive,52.686161,-2.043502,,,
3800C219602,stagtdgj,Oaks Drive,52.685783,-2.043162,,,
3800C219901,stagtdgm,Lakeside Boulevard,52.673218,-2.034083,,,
3800C221102,,McArthurGlen Retail Outlet,52.690491,-2.013134,,,
3800C221103,,McArthurGlen Retail Outlet,52.690483,-2.013267,,,
3800C222201,,Wallace Close,52.6702,-1.973835,,,
3800C222300,,Kingswood Crescent,52.67244,-1.999877,,,
3800C222301,,Kingswood Crescent,52.672344,-1.999995,,,
3800C222501,,Eastern Way,52.677429,-2.018024,,,
3800C222502,,Eastern Way,52.676296,-2.016589,,,
3800C240300,stadmdpt,Bus Garage,52.677975,-2.033924,,,
3800C240301,stadmdpw,Bus Garage,52.677795,-2.034013,,,
3800C240501,stadmdta,Mill Farm PH,52.686741,-2.018517,,,
3800C240502,stadmdtd,Mill Farm PH,52.686562,-2.019331,,,
3800C240601,stadmdtg,Hollies Park Road,52.68837,-2.0238,,,
3800C240602,stadmdtj,Hollies Park Road,52.688774,-2.023815,,,
3800C241001,stadmdwa,Hazlemere Grove,52.685593,-2.048635,,,
3800C241002,stagtdjp,Hazlemere Grove,52.685448,-2.048605,,,
3800C241101,stadmdwd,Berwick Drive,52.684513,-2.046326,,,
3800C241102,stadmdwg,Berwick Drive,52.684425,-2.046178,,,
3800C241201,stagtdjt,Carlisle Road,52.683804,-2.044654,,,
3800C241202,stadmdwj,Whitby Way,52.68359,-2.04381,,,
3800C241301,stadmdwm,Mosswood Street,52.681408,-2.036649,,,
3800C241302,stadmdwp,Mosswood Street,52.681553,-2.037078,,,
3800C241401,stadmdwt,Laburnum Avenue,52.679043,-2.033082,,,
3800C241402,stagtdjw,Laburnum Avenue,52.679253,-2.033644,,,
3800C290300,stadmgtd,Wellington Drive,52.680153,-2.047948,,,
3800C290301,stadmgtg,Wellington Drive,52.679928,-2.048022,,,
3800C290901,stadmgtw,Watling Street,52.674503,-2.032576,,,
3800C290902,stadmgwa,Watling Street,52.674343,-2.032546,,,
3800C291001,stadmgwd,Vine Lane,52.672176,-2.035724,,,
3800C291002,stadmgwg,Vine Lane,52.672039,-2.035694,,,
3800C295801,,Rosefinch Drive,52.66613,-1.986613,,,
3800C401200,stadmjpw,Atherstone Street,52.615227,-1.699023,,,
3800C401201,stadmjta,The Square,52.614834,-1.700267,,,
3800C402000,stadmjtg,Hudson Drive,52.67778,-1.905823,,,
3800C402001,stadmjtj,Hudson Drive,52.67778,-1.906193,,,
3800C402701,,Bridge Cross Road,52.679447,-1.921528,,,
3800C402702,stagtdpd,Bridge Cross Road,52.679482,-1.921365,,,
3800C403901,stadmpda,Bus Station,52.681545,-1.82517,0.0,380G403900,1
3800C403905,stadmpdp,Bus Station,52.681572,-1.825303,0.0,380G403900,5
3800C403907,stadmpdw,Bus Station,52.681293,-1.825571,0.0,380G403900,7
3800C403908,stadmpga,Bus Station,52.681152,-1.825704,0.0,380G403900,8
3800C404001,stadmpgd,Hospital Road,52.666393,-1.921152,,,
3800C404002,stagtdpj,Hospital Road,52.66634,-1.9213,,,
3800C404100,stadmpgj,Swan Road,52.680927,-1.831518,,,
3800C404101,stadmpgm,Swan Road,52.680771,-1.831519,,,
3800C404600,stadmpjm,Fosseway Lane,52.671597,-1.861752,,,
3800C404601,stadmpjp,Fosseway Lane,52.671398,-1.862196,,,
3800C404800,stadmpmd,Churchill Road,52.638668,-1.834947,,,
3800C404801,stadmpmg,Churchill Road,52.637051,-1.834465,,,
3800C404900,stadmpmj,Royal Oak PH,52.63063,-1.89907,,,
3800C404901,stadmpmp,Royal Oak PH,52.632256,-1.896879,,,
3800C405301,,The Butts,52.656357,-1.858415,,,
3800C406201,stadmpwm,Affleck Avenue,52.619427,-1.72471,,,
3800C406202,stadmpwp,Affleck Avenue,52.61937,-1.723913,,,
3800C406400,,The Friary School,52.694324,-1.848394,,,
3800C407501,stadmtda,Holiday Inn,52.652748,-1.834479,,,
3800C407502,stadmtdg,Holiday Inn,52.651741,-1.834321,,,
3800C407701,stadmtdj,Co-op Store,52.66869,-1.831639,,,
3800C407702,stadmtdm,Co-op Store,52.666595,-1.831706,,,
3800C407801,stadmtdp,Shortbutts Lane,52.672215,-1.832129,,,
3800C407802,stadmtdt,Shortbutts Lane,52.672447,-1.831876,,,
3800C407901,stadmtdw,Friary Avenue,52.676762,-1.830499,,,
3800C407902,stadmtga,Friary Avenue,52.677021,-1.830084,,,
3800C408901,stadmtmg,Old Library,52.681965,-1.829636,,,
3800C408902,stadmtmj,Old Library,52.681751,-1.829651,,,
3800C409201,stadmtpm,No. 50,52.679634,-1.83917,,,
3800C409202,stadmtpt,No. 50,52.679714,-1.839244,,,
3800C409301,stadmtpw,Wallheath Crescent,52.63459,-1.89021,,,
3800C409302,stadmtwa,Wallheath Crescent,52.634228,-1.890033,,,
3800C409401,stadmtwd,Sorrel Close,52.677094,-1.849651,,,
3800C409402,stadmtwg,Sorrel Close,52.67704,-1.8494,,,
3800C409801,stadmtwt,Broad Lane,52.673088,-1.869941,,,
3800C409802,stagtdta,Broad Lane,52.672974,-1.869926,,,
3800C409901,stagtdtd,Edial Farm,52.674984,-1.874653,,,
3800C409902,stadmwad,Edial Farm,52.675381,-1.875835,,,
3800C410001,stadmwag,Woodhouses Road,52.67585,-1.880004,,,
3800C410002,stadmwam,Woodhouses Road,52.67577,-1.88036,,,
3800C410101,stadmwaj,Pipehill Farm,52.668411,-1.866331,,,
3800C410102,stadmwap,Pipehill Farm,52.669918,-1.864124,,,
3800C410401,stadmwat,Hall Lane,52.656765,-1.880678,,,
3800C410402,stagtdtg,Hall Lane,52.656803,-1.880914,,,
3800C410601,stadmwdg,Frog Lane,52.680687,-1.827674,,,
3800C410602,stadmwdj,Frog Lane,52.680695,-1.827836,,,
3800C411201,stadmwgj,Morrisons,52.688324,-1.838562,,,
3800C411202,stadmwgm,Morrisons,52.68858,-1.839641,,,
3800C412101,stadmwjm,Kean Close,52.69212,-1.84744,,,
3800C412102,stadmwjp,Kean Close,52.692032,-1.847544,,,
3800C412301,stadmwjt,Anson Avenue,52.686863,-1.834869,,,
3800C412302,stadmwjw,Anson Avenue,52.686684,-1.834869,,,
3800C412401,stadmwma,Beacon Park,52.684269,-1.832319,,,
3800C412402,stadmwmd,Beacon Park,52.684162,-1.832009,,,
3800C412701,stadmwmj,Lyn Avenue,52.691093,-1.846304,,,
3800C412702,stadmwmp,Lyn Avenue,52.69096,-1.845876,,,
3800C414401,stadmwtp,Abnalls Lane,52.689686,-1.842566,,,
3800C414402,stadmwtw,Abnalls Lane,52.689678,-1.843143,,,
3800C415201,stadpadw,Davey Close,52.668358,-1.928764,,,
3800C415202,stadpaga,Davey Close,52.668545,-1.93045,,,
3800C415901,stadpagj,Queen Street,52.669827,-1.934056,,,
3800C415902,stadpagm,Queen Street,52.670025,-1.934263,,,
3800C416901,stadpamj,Clock Tower,52.679905,-1.833667,,,
3800C417301,stadpapa,Henley Close,52.673824,-1.918033,,,
3800C417302,stadpapd,Henley Close,52.673691,-1.918787,,,
3800C417401,stadpapg,New Road,52.674866,-1.912707,,,
3800C417402,stadpapj,New Road,52.674908,-1.912928,,,
3800C417501,stadpapm,Lodge Farm,52.621258,-1.837316,,,
3800C417502,stadpapt,Lodge Farm,52.621376,-1.837449,,,
3800C417601,stadpapw,Dobbies Garden Centre,52.643837,-1.834764,,,
3800C417602,stadpata,Dobbies Garden Centre,52.643585,-1.834573,,,
3800C418501,stadpawa,Oakdene Road,52.680538,-1.925963,,,
3800C418601,stadpawd,Morley Road,52.680065,-1.921941,,,
3800C418602,,Springhill Road,52.679966,-1.921912,,,
3800C419001,stadpawt,Mease Avenue,52.676392,-1.902365,,,
3800C419002,stadpdag,Mease Avenue,52.676277,-1.901626,,,
3800C419101,stagtdwa,Farewell Lane,52.675301,-1.896748,,,
3800C419102,stagtdwd,Farewell Lane,52.675102,-1.896748,,,
3800C419201,stagtdwg,Edial House Farm,52.675171,-1.892001,,,
3800C419202,stagpjma,Edial House Farm,52.67527,-1.891616,,,
3800C419701,stadpdap,Ashcroft Lane,52.640236,-1.848876,,,
3800C419901,,Mill Lane,52.636997,-1.88153,,,
3800C419902,stadpdat,Mill Lane,52.63707,-1.881648,,,
3800C420201,stadpdgd,Forge Lane,52.60273,-1.865867,,,
3800C420202,stadpdgj,Forge Lane,52.602589,-1.866207,,,
3800C420301,stadpdgm,Little Aston Lane,52.602123,-1.86268,,,
3800C420302,stadpdgp,Little Aston Lane,52.602108,-1.862384,,,
3800C420401,stadpdgt,Woodside Drive,52.600327,-1.861017,,,
3800C420402,stadpdgw,Woodside Drive,52.600155,-1.861106,,,
3800C420601,stadpdja,Blake Street,52.60746,-1.837928,,,
3800C420602,,Blake Street,52.607571,-1.838076,,,
3800C420701,stadpdjd,Smarts Avenue,52.610374,-1.837726,,,
3800C420702,stadpdjg,Smarts Avenue,52.610249,-1.837579,,,
3800C420801,stadpdjm,Footherley Lane,52.614887,-1.838802,,,
3800C420802,stadpdjp,Footherley Lane,52.615299,-1.83852,,,
3800C420901,stadpdjt,Derry Court,52.619579,-1.838002,,,
3800C420902,stadpdjw,Derry Court,52.618771,-1.838271,,,
3800C421101,stadpdmd,Shenstone Lodge School,52.62439,-1.838147,,,
3800C421102,stadpdmg,Shenstone Lodge School,52.624577,-1.837984,,,
3800C421201,stadpdmj,Court Drive,52.630466,-1.837415,,,
3800C421202,stadpdmp,Court Drive,52.630421,-1.837283,,,
3800C421301,stadpdmt,St Johns Hill,52.634274,-1.835732,,,
3800C421302,stadpdmw,St Johns Hill,52.633762,-1.83665,,,
3800C421501,stadpdpg,Mill Lane,52.641239,-1.834774,,,
3800C421502,stadpdpj,Mill Lane,52.641006,-1.834938,,,
3800C421601,stadpdpm,Wall Turn,52.656326,-1.834362,,,
3800C421602,stadpdpt,Wall Turn,52.656082,-1.834127,,,
3800C421701,stadpdpw,Keepers Cottage,52.663082,-1.83342,,,
3800C421702,stadpdta,Keepers Cottage,52.662579,-1.833452,,,
3800C422001,stadpdtp,Brewster Close,52.61813,-1.717053,,,
3800C422002,stadpdtw,Brewster Close,52.617958,-1.716803,,,
3800C422301,stagtdwm,Oak Drive,52.620064,-1.728547,,,
3800C422302,stagtdwp,Oak Drive,52.620296,-1.728678,,,
3800C422501,stadpdwp,Lakeside Business Park,52.617119,-1.711845,,,
3800C422502,stadpdwt,Lakeside Business Park,52.616947,-1.711492,,,
3800C423601,stadpgag,Methodist Church,52.587738,-1.869145,,,
3800C423602,stadpgaj,Methodist Church,52.587505,-1.869795,,,
3800C424101,stadpgat,Burnett Road,52.585533,-1.872148,,,
3800C424102,stadpgaw,Burnett Road,52.58519,-1.872267,,,
3800C424201,stadpgda,Little Aston Hall Drive,52.603313,-1.872643,,,
3800C424301,stadpgdg,no. 118,52.602165,-1.882657,,,
3800C424302,stadpgdj,no. 118,52.602066,-1.88282,,,
3800C424401,stadpgdm,Fotherley Brook Road,52.602619,-1.888266,,,
3800C424402,stadpgdp,Fotherley Brook Road,52.602566,-1.889123,,,
3800C425301,stadpgmg,Maxtock Avenue,52.675266,-1.833211,,,
3800C425302,stadpgmj,Maxtock Avenue,52.675301,-1.833448,,,
3800C425401,stagtgag,Swan Corner Shopping Centre,52.677467,-1.907673,,,
3800C425402,stadpgmp,Swan Corner Shopping Centre,52.677322,-1.907658,,,
3800C425701,stadpgmw,Deykin Road,52.673626,-1.837329,,,
3800C425702,stadpgpa,Deykin Road,52.673328,-1.837626,,,
3800C426501,stadpgtd,Willow Avenue,52.676189,-1.90843,,,
3800C427201,,Water Works,52.665035,-1.871827,,,
3800C427202,stadpgwj,Water Works,52.664581,-1.872539,,,
3800C427401,stadpgwt,Watling Street,52.654324,-1.884557,,,
3800C427402,stadpjad,Watling Street,52.654022,-1.885696,,,
3800C427601,stadpjag,Pouk Lane,52.648273,-1.894595,,,
3800C427602,stadpjaj,Pouk Lane,52.649414,-1.893099,,,
3800C427701,stadpjap,Whitacre Lane,52.646221,-1.898354,,,
3800C427801,stadpjam,Barracks Lane,52.643616,-1.903754,,,
3800C427802,stadpjat,Barracks Lane,52.644436,-1.902807,,,
3800C428001,stadpjdg,Lower Sandford Street,52.683292,-1.832219,,,
3800C428002,stadpjdj,Lower Sandford Street,52.683212,-1.83256,,,
3800C428201,stadpjdm,Lazy Hill,52.627892,-1.901721,,,
3800C428202,,Lazy Hill,52.627876,-1.901617,,,
3800C428301,stadpjdp,Church Lane,52.63245,-1.892653,,,
3800C428302,stadpjdt,Church Lane,52.632702,-1.89317,,,
3800C428401,stadpjdw,Mill Lane,52.60331,-1.877294,,,
3800C428402,,Mill Lane,52.603382,-1.877471,,,
3800C428501,stadpjga,No. 129,52.667599,-1.92529,,,
3800C428801,stadpjgj,Fallow Road,52.616249,-1.707745,,,
3800C428802,stadpjgm,Broomfield Avenue,52.615845,-1.705045,,,
3800C428803,stagpwmp,Broomfield Avenue,52.615681,-1.704677,,,
3800C430801,stadpjtw,Walsall Road,52.673092,-1.862102,,,
3800C430802,stagtgam,Walsall Road,52.673092,-1.862472,,,
3800C431901,stadpmaj,Brook End,52.614151,-1.696254,,,
3800C431902,stadpmam,Brook End,52.61422,-1.695707,,,
3800C432401,stadpmda,Royal Oak Close,52.675365,-1.854242,,,
3800C432402,stadpmdg,Royal Oak Close,52.67514,-1.854376,,,
3800C432601,stadpmdm,Christchurch Lane,52.677986,-1.845699,,,
3800C432602,stadpmdp,Christchurch Lane,52.678265,-1.845018,,,
3800C432701,stadpmdt,Angorfa Close,52.678677,-1.84296,,,
3800C432702,stadpmdw,Angorfa Close,52.678944,-1.842338,,,
3800C436201,stagtgdm,Grange Lane,52.672142,-1.866172,,,
3800C436202,stagtgdp,Grange Lane,52.672375,-1.866985,,,
3800C436601,stagtgja,Leafenden Avenue,52.67551,-1.923827,,,
3800C436602,stagpwdm,Leafenden Avenue,52.67522,-1.924139,,,
3800C436701,stagptaj,Grange Road,52.673973,-1.921967,,,
3800C436702,stagptam,Grange Road,52.673916,-1.922174,,,
3800C436801,stagpwmt,French Avenue,52.619648,-1.73137,,,
3800C436802,stagpwmw,French Avenue,52.619595,-1.731149,,,
3800C436901,stagpwpj,George Avenue,52.617836,-1.734114,,,
3800C436902,stagpwpm,George Avenue,52.61747,-1.734382,,,
3800C437001,stagpwpt,Gainsborough Drive,52.614624,-1.740189,,,
3800C437002,stagpwpw,Gainsborough Drive,52.613609,-1.741199,,,
3800C437601,stagpwta,Bassetts Pole PH,52.591667,-1.781612,,,
3800C437602,stagpwtd,Bassetts Pole PH,52.592251,-1.781388,,,
3800C438001,stagtgma,Agincourt Road,52.670887,-1.839055,,,
3800C438002,stagtgmd,Agincourt Road,52.670902,-1.839454,,,
3800C438101,stagtgmg,The Whytmore,52.672756,-1.839462,,,
3800C438102,,The Whytmore,52.672901,-1.839299,,,
3800C490300,stadptdm,Mary Slater Road,52.677071,-1.832509,,,
3800C490301,stadptdp,Mary Slater Road,52.677078,-1.83282,,,
3800C492501,stadptja,Union Street,52.672989,-1.934155,,,
3800C492502,stadptjd,Union Street,52.673096,-1.934021,,,
3800C492601,stadptjg,Care Home,52.676422,-1.934061,,,
3800C492602,stadptjm,Care Home,52.675892,-1.933943,,,
3800C492701,stadptjp,High Street,52.679939,-1.93302,,,
3800C492702,stadptjt,High Street,52.680065,-1.933271,,,
3800C494401,,Mossbank Avenue,52.678135,-1.922329,,,
3800C494402,stagptwp,Mossbank Avenue,52.677757,-1.922448,,,
3800C494502,stadptwp,Chase Terrace Academy,52.680473,-1.924706,,,
3800C494601,stadptwt,Chase Vale,52.67878,-1.933865,,,
3800C494602,stagtgmj,Chase Vale,52.678841,-1.933998,,,
3800C494701,,King Street,52.669212,-1.933362,,,
3800C494702,,King Street,52.669106,-1.933421,,,
3800C495201,,Holm View Close,52.639668,-1.843056,,,
3800C495202,,Holm View Close,52.639694,-1.841888,,,
3800C495401,,Anna Seward School,52.668751,-1.834892,,,
3800C495402,,Anna Seward School,52.668865,-1.834641,,,
3800C4E0011,,Deer Park Road,52.617512,-1.714398,,,
3800C600000,stadwmdw,Argos Distribution Centre,52.769596,-2.107795,,,
3800C600300,stadwmga,Duck Lane,52.624359,-2.187548,,,
3800C600301,stadwmgd,Duck Lane,52.624298,-2.18709,,,
3800C600800,stadwmgm,Furnace Grange Road,52.57251,-2.221308,,,
3800C600801,stadwmgp,Shop Lane,52.570999,-2.225918,,,
3800C601002,,East Road,52.650002,-2.10605,,,
3800C601100,stadwmgt,Post Office,52.676792,-2.173279,,,
3800C601101,,Swan Hotel,52.676716,-2.17393,,,
3800C601200,stadwmgw,South Staffordshire Council Offices,52.625908,-2.191159,,,
3800C601201,stadwmja,South Staffordshire Council Offices,52.626247,-2.191353,,,
3800C601301,,East Road,52.652573,-2.106145,,,
3800C601302,,East Road,52.652679,-2.10622,,,
3800C601500,,Cross Guns Inn PH,52.643024,-2.226704,,,
3800C601501,stadwmjm,Cross Guns Inn PH,52.64341,-2.22743,,,
3800C601600,stadwmjp,Brewood Road,52.654289,-2.129995,,,
3800C601601,stadwmjt,Brewood Road,52.654129,-2.130349,,,
3800C601700,,Church Lane,52.656776,-2.13358,,,
3800C601701,stadwmjw,Church Lane,52.656956,-2.133684,,,
3800C601800,stadwmpa,Post Office,52.658581,-2.135256,,,
3800C601801,stadwmpd,Post Office,52.658707,-2.13533,,,
3800C601900,stadwmpg,School Lane,52.759663,-2.108764,,,
3800C601901,stadwmpj,School Lane,52.759525,-2.108438,,,
3800C602200,,Blundies Lane,52.478992,-2.258619,,,
3800C602201,,Blundies Lane,52.479118,-2.258561,,,
3800C602400,stadwmpm,Hill Street,52.627953,-2.058912,,,
3800C602401,stadwmpt,Hill Street,52.627712,-2.058646,,,
3800C602800,stadwmtd,New Street,52.625851,-2.060919,,,
3800C602801,stadwmtg,New Street,52.625706,-2.060786,,,
3800C602901,stadwmtj,Broad Lane,52.639442,-2.043219,,,
3800C602902,stadwmtm,Broad Lane,52.639397,-2.043603,,,
3800C603200,stadwmtp,Sanderling Close,52.645325,-2.094053,,,
3800C603201,stadwmtw,Sanderling Close,52.645721,-2.093019,,,
3800C603400,stagtjdp,Brinsford Prison,52.651131,-2.109601,,,
3800C603501,stadwmwa,New Road,52.651356,-2.106394,,,
3800C604000,stadwmwd,Spread Eagle PH,52.694214,-2.131342,,,
3800C604001,stadwmwg,Spread Eagle PH,52.692162,-2.131365,,,
3800C604100,stadwmwj,Holy Cross Church,52.512093,-2.283288,,,
3800C604101,,Holy Cross Church,52.51202,-2.283229,,,
3800C604801,stadwmwt,Wolgarston High School,52.723083,-2.09967,,,
3800C604802,,Wolgarston High School,52.723118,-2.099137,,,
3800C604900,stadwpad,Norton Lane,52.665302,-2.013953,,,
3800C604901,stadwpag,Norton Lane,52.665142,-2.013583,,,
3800C605100,stadwpap,Halfpenny Green Lane,52.523712,-2.26127,,,
3800C605101,,Halfpenny Green Lane,52.523712,-2.261358,,,
3800C605600,,The Bradford Arms PH,52.694298,-2.246176,,,
3800C605601,,The Bradford Arms PH,52.694183,-2.246042,,,
3800C606401,,The Fox Inn,52.561943,-2.25896,,,
3800C606500,,Chester Road,52.461624,-2.240634,,,
3800C606501,,Chester Road,52.461597,-2.240384,,,
3800C606600,stadwpdw,White Harte PH,52.448074,-2.228657,,,
3800C606800,,Meddins Lane,52.454086,-2.235075,,,
3800C606801,,Meddins Lane,52.454121,-2.234854,,,
3800C606900,,Plough and Harrow PH,52.449429,-2.229532,,,
3800C607001,,Chandler Avenue,52.454609,-2.237388,,,
3800C607400,stadwpgp,Shops,52.589123,-2.264227,,,
3800C607401,stadwpgt,Shops,52.589451,-2.263373,,,
3800C607600,stadwpja,Bungham Lane,52.719326,-2.117679,,,
3800C607601,stadwpjd,Bungham Lane,52.718689,-2.117722,,,
3800C608000,stadwpjw,Mayfield Avenue,52.720783,-2.117283,,,
3800C608100,stadwpma,Francis Close,52.719044,-2.103836,,,
3800C608101,stadwpmd,Francis Close,52.719086,-2.104013,,,
3800C608200,stadwpmg,Rydal Drive,52.593311,-2.195461,,,
3800C608201,,Rydal Drive,52.593456,-2.195506,,,
3800C608300,stadwpmj,Sainsbury's Store,52.596188,-2.202265,,,
3800C608400,stadwpmp,Severn Drive,52.592339,-2.20331,,,
3800C608401,,Severn Drive,52.592365,-2.203871,,,
3800C608600,stadwpmt,Church Road,52.652809,-2.079094,,,
3800C608601,stadwpmw,Church Road,52.652962,-2.078488,,,
3800C608700,,Swan Lane,52.655197,-2.083534,,,
3800C609100,,Bridgnorth Road,52.461777,-2.203766,,,
3800C609200,stadwpta,Manor Drive,52.514244,-2.20255,,,
3800C609201,stadwptd,Manor Drive,52.514629,-2.202758,,,
3800C609600,stadwptg,Weston Drive,52.651176,-2.025833,,,
3800C609601,stadwptj,Somerford Close,52.652409,-2.025065,,,
3800C609700,stadwptm,The Meadows,52.672817,-2.050972,,,
3800C609701,,The Meadows,52.672585,-2.050972,,,
3800C609900,stadwptp,Coach & Horses PH,52.710716,-2.222201,,,
3800C609901,stadwptw,Coach & Horses PH,52.710445,-2.222629,,,
3800C610100,stadwpwa,Waterdale,52.526798,-2.204362,,,
3800C610101,stadwpwd,Waterdale,52.527035,-2.204157,,,
3800C610200,stadwpwg,St. Benedict's Church,52.536011,-2.183543,,,
3800C610301,stadwpwm,Appledore Close,52.661976,-2.011587,,,
3800C610302,,Appledore Close,52.662212,-2.011498,,,
3800C610400,stadwpwp,Windsor Road,52.533241,-2.196239,,,
3800C610401,stadwpwt,Windsor Road,52.533386,-2.195252,,,
3800C610500,stadwtad,Colliers Arms PH,52.660149,-2.036335,,,
3800C610700,stadwtag,Church Road,52.631042,-2.201037,,,
3800C610701,stadwtaj,Church Road,52.631176,-2.201097,,,
3800C611400,stadwtdj,Moat Lane,52.65947,-2.014986,,,
3800C611401,stadwtdm,Moat Lane,52.659882,-2.014247,,,
3800C611701,stadwtga,Holly Lane,52.64814,-2.012751,,,
3800C611800,,Elm Tree Inn PH,52.459194,-2.238693,,,
3800C611900,stadwtgd,White Harte PH,52.448215,-2.229158,,,
3800C612300,stadwtgj,Dunsley Drive,52.452751,-2.218558,,,
3800C612301,stadwtgm,Dunsley Drive,52.452576,-2.220499,,,
3800C612901,,The Woodman Inn,52.626526,-2.180452,,,
3800C612902,stadwtgp,The Woodman Inn,52.626247,-2.180982,,,
3800C613100,,Maple Close,52.45607,-2.236116,,,
3800C613400,stadwtgw,Holy Cross Church,52.627327,-2.180056,,,
3800C613401,,Middle School,52.627281,-2.179982,,,
3800C613601,stadwtja,South Crescent,52.643127,-2.088845,,,
3800C613602,stadwtjd,South Crescent,52.643253,-2.089289,,,
3800C613701,stagtjdt,Featherstone Academy,52.643421,-2.092526,,,
3800C613702,stadwtjg,Featherstone Academy,52.64336,-2.092822,,,
3800C613802,stagtjdw,Westbourne Avenue,52.665787,-2.027231,,,
3800C614401,stadwtmj,Wardles Lane,52.657185,-2.01602,,,
3800C614402,stadwtmp,Wardles Lane,52.657482,-2.015947,,,
3800C614501,stadwtmt,Brookhouse Close,52.643383,-2.094817,,,
3800C614502,stagtjgd,Brookhouse Close,52.643467,-2.094876,,,
3800C614601,stadwtmw,Plover Close,52.643894,-2.095971,,,
3800C614801,stagpwgj,Oak Avenue,52.654453,-2.016448,,,
3800C614802,stadwtpa,Oak Avenue,52.654964,-2.016315,,,
3800C614901,stadwtpd,Enterprise Park,52.650398,-2.018353,,,
3800C614902,stadwtpg,Enterprise Park,52.650372,-2.018634,,,
3800C615001,stadwtpj,Coppice Close,52.666809,-2.030825,,,
3800C615002,stadwtpm,Coppice Close,52.666927,-2.030811,,,
3800C615101,stadwtpt,New Horse Road,52.661945,-2.03128,,,
3800C615102,,New Horse Road,52.661812,-2.031192,,,
3800C615201,stadwtpw,Methodist Church,52.660023,-2.032964,,,
3800C615401,stadwtwg,Whitehouse Farm,52.648239,-2.09462,,,
3800C615402,,Whitehouse Farm,52.648346,-2.094517,,,
3800C615501,stadwtwj,Baneberry Drive,52.647675,-2.091264,,,
3800C615502,stagtjgj,Baneberry Drive,52.647812,-2.091131,,,
3800C615801,stagadad,Shepwell Gardens,52.646851,-2.085557,,,
3800C615802,stagadag,Shepwell Gardens,52.647202,-2.087051,,,
3800C616101,stagadaj,Station Road,52.667057,-2.016881,,,
3800C616102,stagadam,Station Road,52.666561,-2.015728,,,
3800C616201,stagadap,Leacroft Lane,52.669716,-2.01947,,,
3800C616202,stagadat,Leacroft Lane,52.668915,-2.019367,,,
3800C616501,stagadaw,Low Street,52.661343,-2.031561,,,
3800C616801,stagadgp,Cheslyn Hay Academy,52.659801,-2.043254,,,
3800C616802,stagtjgp,Cheslyn Hay Academy,52.660973,-2.041762,,,
3800C617001,stagadja,Monument Drive,52.647537,-2.083445,,,
3800C617002,stagadjd,Monument Drive,52.647419,-2.083267,,,
3800C617801,,Frederick Road,52.728222,-2.110803,,,
3800C617802,,Frederick Road,52.728424,-2.109204,,,
3800C618301,stagadmp,Long Lane,52.642803,-2.013266,,,
3800C618302,stagadmt,Long Lane,52.642109,-2.012764,,,
3800C618401,stagadmw,No. 29,52.63916,-2.011906,,,
3800C618402,stagadpa,No. 29,52.638889,-2.011625,,,
3800C618501,stagadpd,St Modwena Way,52.717564,-2.106749,,,
3800C618502,stagadpg,St Modwena Way,52.717396,-2.106852,,,
3800C618601,stagadpj,Penkridge Fire Station,52.717278,-2.114683,,,
3800C618602,stagadpm,Penkridge Fire Station,52.717594,-2.115528,,,
3800C618901,stagadta,St John's Road,52.627323,-2.059709,,,
3800C619201,stagadtj,Saxon Road,52.721085,-2.102508,,,
3800C619202,stagadtm,Saxon Road,52.721012,-2.1027,,,
3800C619801,,Wolgarston Way,52.723392,-2.102706,,,
3800C619802,stagagag,Wolgarston Way,52.723484,-2.102588,,,
3800C619901,stagagaj,The Lakes,52.636787,-2.011063,,,
3800C619902,stagagam,The Lakes,52.636238,-2.010693,,,
3800C620201,stagagap,Moseley Road,52.631618,-2.092191,,,
3800C620202,stagagat,Moseley Road,52.631798,-2.092265,,,
3800C620401,stagagda,The Gables,52.630077,-2.058043,,,
3800C620402,stagagdg,The Gables,52.63023,-2.058324,,,
3800C621000,stagagdj,Ivetsey Bank Road,52.682907,-2.243316,,,
3800C621701,stagagdw,Hinksford View,52.509647,-2.198359,,,
3800C621801,stagagja,Dudley Road,52.516735,-2.1744,,,
3800C622102,stagagjt,Billy Buns Lane,52.541706,-2.175797,,,
3800C622301,stagagjw,The Avenue,52.642166,-2.086538,,,
3800C622401,stagagma,Maypole Street,52.534546,-2.184672,,,
3800C622601,stagagmg,Smallbrook Lane,52.540329,-2.17728,,,
3800C622701,stagagmj,Meadow Lane,52.54105,-2.187708,,,
3800C622702,stagagmp,Meadow Lane,52.541248,-2.187856,,,
3800C622801,stagagmt,Bullmeadow Lane,52.538727,-2.188641,,,
3800C622802,stagagmw,Bullmeadow Lane,52.538567,-2.188759,,,
3800C622901,stagagpa,The New Inn,52.537525,-2.187471,,,
3800C622902,stagagpd,The New Inn,52.537319,-2.187426,,,
3800C623101,stagagpj,Landywood Lane,52.655987,-2.021091,,,
3800C623102,stagagpm,Landywood Lane,52.655907,-2.021327,,,
3800C623301,stagagpw,Bridgnorth Avenue,52.526127,-2.203725,,,
3800C623302,stagagta,Bridgnorth Avenue,52.525116,-2.200758,,,
3800C623501,stagagtd,Bridgnorth Road,52.524414,-2.196333,,,
3800C623502,stagagtj,Bridgnorth Road,52.524612,-2.196009,,,
3800C623601,stagagtm,Fire Station,52.530437,-2.200178,,,
3800C623602,stagajgp,Fire Station,52.529854,-2.199851,,,
3800C623701,stagagtp,Lindale Drive,52.531788,-2.200228,,,
3800C623702,stagagtw,Lindale Drive,52.531651,-2.200213,,,
3800C623801,stagagwa,Leasowe Drive,52.595654,-2.209363,,,
3800C623802,stagtjgt,Leasowe Drive,52.595787,-2.209128,,,
3800C623901,stagagwd,The Grange,52.535255,-2.189688,,,
3800C623902,stagagwg,The Grange,52.535381,-2.189423,,,
3800C624001,stagagwj,Stanham Close,52.535683,-2.186712,,,
3800C624002,stagagwm,Stanham Close,52.53582,-2.186432,,,
3800C624101,stagagwp,Walk Lane,52.533691,-2.185701,,,
3800C624201,stagagwt,Redhill Avenue,52.530312,-2.189829,,,
3800C624202,stagajad,Redhill Avenue,52.530212,-2.190285,,,
3800C624301,stagajag,Sytch Lane,52.528374,-2.193992,,,
3800C624302,stagajaj,Sytch Lane,52.527058,-2.194723,,,
3800C624401,stagajam,Giggetty Lane,52.528954,-2.200053,,,
3800C624402,stagajap,Giggetty Lane,52.528828,-2.200583,,,
3800C624701,stagajat,Himley House Hotel,52.517902,-2.175039,,,
3800C624702,stagajaw,Himley House Hotel,52.519581,-2.175443,,,
3800C624801,stagajda,Himley Country Hotel,52.519199,-2.177623,,,
3800C624802,stagajdg,Himley Country Hotel,52.519058,-2.178256,,,
3800C624901,stagajdj,Plantation Lane,52.518894,-2.183855,,,
3800C624902,stagajdm,Plantation Lane,52.519073,-2.183886,,,
3800C625301,stagajdp,Holly Lane,52.64991,-2.02669,,,
3800C625401,stagajdt,Garden Centre,52.654224,-2.05506,,,
3800C625402,stagajdw,Garden Centre,52.654522,-2.055311,,,
3800C625501,stagajga,Meadow Way,52.620182,-2.201312,,,
3800C625502,stagajgd,Meadow Way,52.620201,-2.201504,,,
3800C625601,stagajgj,Bridgnorth Road,52.460423,-2.205423,,,
3800C625602,stagajgm,Bridgnorth Road,52.460056,-2.205083,,,
3800C626101,stagajgw,The Burgesses,52.446804,-2.226047,,,
3800C626102,,The Burgesess,52.446964,-2.22618,,,
3800C626701,stagtjgw,Middle Lane,52.619595,-2.218946,,,
3800C627101,stagtjmd,Newgate,52.590012,-2.261841,,,
3800C627102,,Newgate,52.590054,-2.262019,,,
3800C627201,stagtjmg,Bridgnorth Garden Centre,52.560848,-2.265385,,,
3800C627301,stagtjmj,Honeysuckle Drive,52.647018,-2.090804,,,
3800C627302,stagtjmp,Honeysuckle Drive,52.647156,-2.090923,,,
3800C627400,,Wolgarston High School,52.722626,-2.097952,,,
3800C627601,,The Garden Village,52.567348,-2.244813,,,
3800C627602,stagajmp,The Garden Village,52.566833,-2.245415,,,
3800C627801,stagajmt,Shackleton Drive,52.598,-2.208444,,,
3800C628001,stagajmw,Edge Hill Drive,52.592232,-2.206867,,,
3800C628002,stagtjmw,Edge Hill Drive,52.592365,-2.207237,,,
3800C628101,stagtjpa,Littlewood Road,52.668346,-2.027558,,,
3800C628201,stagajpa,Richmond Drive,52.592506,-2.198631,,,
3800C628202,stagtjpd,Richmond Drive,52.592579,-2.198174,,,
3800C628401,stagajpd,Turner Grove,52.595646,-2.192312,,,
3800C628402,stagajpg,Turner Grove,52.595657,-2.19212,,,
3800C628701,stagpwga,Poplar Road,52.653141,-2.017157,,,
3800C628702,stagpwgd,Poplar Road,52.653111,-2.017024,,,
3800C628801,stagajta,Stephenson Drive,52.600605,-2.205209,,,
3800C628802,stagtjpj,Stephenson Drive,52.600479,-2.205252,,,
3800C628900,stagdgap,Shackleton Drive,52.598236,-2.208298,,,
3800C629001,stagajtd,Wrottesley Park Road,52.611378,-2.204299,,,
3800C629002,stagajtg,Wrottesley Park Road,52.611477,-2.204034,,,
3800C629201,stagajtm,Holyhead Road,52.620884,-2.234418,,,
3800C629202,stagajtp,Holyhead Road,52.62096,-2.233872,,,
3800C629301,stagajtw,Old Stafford Road,52.648808,-2.128456,,,
3800C629302,,Old Stafford Road,52.649132,-2.128974,,,
3800C629401,stagajwa,Brinsford Lane,52.642429,-2.126456,,,
3800C629402,stagajwd,Ball Lane,52.640965,-2.126763,,,
3800C629500,stagajwg,Ball Lane,52.640488,-2.126229,,,
3800C629600,stagajwj,Brinsford Lane,52.643784,-2.127185,,,
3800C629701,stagajwm,School Lane,52.660385,-2.138307,,,
3800C629702,stagajwp,School Lane,52.660305,-2.13841,,,
3800C629801,stagtjpm,Community Centre,52.646336,-2.092059,,,
3800C629802,stagtjpt,Community Centre,52.646236,-2.092148,,,
3800C629901,stagtjpw,Lime Tree Road,52.631142,-2.184209,,,
3800C629902,stagtjta,Lime Tree Road,52.631222,-2.184076,,,
3800C630001,stagajwt,Histons Hill,52.627262,-2.193928,,,
3800C630002,stagtjtd,Histons Hill,52.627316,-2.193692,,,
3800C630101,stagamad,Wheel Avenue,52.628918,-2.196595,,,
3800C630102,stagamag,Wheel Avenue,52.629288,-2.197365,,,
3800C630401,,The Royal Oak PH,52.682365,-2.243283,,,
3800C630501,stagamaj,Castle Street,52.451874,-2.230973,,,
3800C630502,stagamam,Castle Street,52.45192,-2.230855,,,
3800C630601,stagamap,No. 143,52.4632,-2.184903,,,
3800C630602,stagamat,No. 143,52.463066,-2.185359,,,
3800C630701,stagamaw,Prestwood Drive,52.463497,-2.179518,,,
3800C630702,stagamda,Prestwood Drive,52.463337,-2.17881,,,
3800C631300,,Cheslyn Hay High School,52.663246,-2.046229,,,
3800C631401,,Wood Hill Drive,52.528324,-2.195083,,,
3800C631601,stagtjtg,Crown Inn,52.432655,-2.170552,,,
3800C631602,,Crown Inn,52.432781,-2.170656,,,
3800C631801,,no. 56,52.467289,-2.173247,,,
3800C631901,,Westgate House,52.730812,-2.112868,,,
3800C631902,,Bloor Homes,52.731674,-2.112292,,,
3800C632001,,Frairs Gorse,52.467041,-2.171774,,,
3800C636301,stagamdm,Hinksford Gardens,52.512642,-2.202395,,,
3800C636302,stagamdp,Hinksford Gardens,52.512238,-2.202497,,,
3800C636701,stagamdt,Kinver High School,52.453064,-2.233363,,,
3800C636702,stagamdw,Kinver High School,52.453018,-2.233053,,,
3800C636801,stagamga,Sterrymere Gardens,52.450569,-2.229936,,,
3800C636802,stagamgd,Jubilee Gardens,52.450474,-2.229817,,,
3800C637001,stagamgj,The Holloway,52.446903,-2.22434,,,
3800C637002,stagamgm,The Holloway,52.446789,-2.224413,,,
3800C637101,stagamgp,Orchard Grove,52.449909,-2.223193,,,
3800C637102,stagamgt,Orchard Grove,52.450649,-2.222785,,,
3800C637301,stagamgw,No. 50,52.453632,-2.213735,,,
3800C637302,stagamja,No. 50,52.453659,-2.213147,,,
3800C637401,stagamjd,Dunsley Hall Hotel,52.455498,-2.210154,,,
3800C637402,stagamjg,Dunsley Hall Hotel,52.455536,-2.209388,,,
3800C637501,stagamjm,Stourton Crescent,52.461887,-2.20047,,,
3800C637502,stagamjp,Stourton Crescent,52.462086,-2.200324,,,
3800C637601,stagamjt,Village Hall,52.462288,-2.197778,,,
3800C637602,stagamjw,Village Hall,52.462395,-2.198206,,,
3800C637701,stagampa,Living Springs Centre,52.462833,-2.193836,,,
3800C637702,stagampd,Living Springs Centre,52.462765,-2.193336,,,
3800C638101,stagampg,Goods Station Lane,52.728992,-2.115425,,,
3800C638102,stagampj,Goods Station Lane,52.728596,-2.116149,,,
3800C638201,stagampm,Chase View,52.73402,-2.111469,,,
3800C638202,stagampt,Chase View,52.733562,-2.111409,,,
3800C638301,stagampw,Lower Drayton Lane,52.738571,-2.110088,,,
3800C638302,stagamta,Lower Drayton Lane,52.738419,-2.109851,,,
3800C638401,,Stone Cottages,52.742401,-2.108365,,,
3800C638402,stagamtd,Stone Cottages,52.74268,-2.108484,,,
3800C638501,stagamtg,Swan Lane,52.748032,-2.107372,,,
3800C638502,stagamtj,Swan Lane,52.748901,-2.107018,,,
3800C638601,stagamtm,Dunston Hall,52.755871,-2.107347,,,
3800C638602,stagamtp,Dunston Hall,52.754002,-2.106957,,,
3800C638701,stagtjtj,Clay Street,52.725487,-2.115741,,,
3800C638702,stagamtw,White Hart PH,52.725739,-2.115875,,,
3800C638703,stagamwa,Crown Bridge,52.725487,-2.116318,,,
3800C638901,stagamwd,Rodbaston Drive,52.710018,-2.123071,,,
3800C638902,stagamwg,Rodbaston Drive,52.710098,-2.123264,,,
3800C639001,stagamwj,Rodbaston College,52.700481,-2.127854,,,
3800C639002,,Rodbaston College,52.700562,-2.128091,,,
3800C639101,stagamwm,Station Drive,52.672855,-2.130686,,,
3800C639103,,Station Drive,52.67271,-2.131321,,,
3800C639201,stagamwt,Crateford Lane,52.682579,-2.133171,,,
3800C639202,stagapad,Crateford Lane,52.68309,-2.133705,,,
3800C639501,stagapag,Hyde Mill Croft,52.673431,-2.171639,,,
3800C639601,stagapaj,Dean Street,52.67387,-2.171168,,,
3800C639701,stagapam,Deansfield Close,52.678684,-2.168036,,,
3800C639702,,Deansfield Close,52.67881,-2.168007,,,
3800C640201,stagapap,Miller and Carter PH,52.549221,-2.169957,,,
3800C640202,stagapat,Miller and Carter PH,52.549168,-2.170355,,,
3800C640301,stagapaw,Withymere Lane,52.545422,-2.173216,,,
3800C640302,stagapda,Withymere Lane,52.545811,-2.172038,,,
3800C641201,stagapga,Hinksford Arms PH,52.504932,-2.195156,,,
3800C641202,stagapgd,Hinksford Arms PH,52.505863,-2.197164,,,
3800C641701,stagapgj,Albert Drive,52.516251,-2.201734,,,
3800C641702,stagapgm,Albert Drive,52.51651,-2.201676,,,
3800C644501,stagapja,Leese Lane,52.762585,-2.096797,,,
3800C644502,,Leese Lane,52.762306,-2.096796,,,
3800C648701,stagapjd,Greenacre Drive,52.621841,-2.181717,,,
3800C648702,stagapjg,Greenacre Drive,52.621914,-2.182323,,,
3800C648801,stagapjm,Birches Avenue,52.618389,-2.176016,,,
3800C648802,stagapjp,Birches Avenue,52.619457,-2.177705,,,
3800C649301,stagapjw,Offas Drive,52.598801,-2.202749,,,
3800C649302,stagapma,Offas Drive,52.598541,-2.202718,,,
3800C649601,stagapmd,Fairoaks Drive,52.649227,-2.014909,,,
3800C649602,stagapmg,Fairoaks Drive,52.6492,-2.013401,,,
3800C649701,stagapmj,Wood Lane,52.675911,-2.050103,,,
3800C649702,stagapmp,Wood Lane,52.675831,-2.04997,,,
3800C649801,stagapmt,Upper Landywood Lane,52.648266,-2.027398,,,
3800C649802,stagapmw,Upper Landywood Lane,52.648354,-2.027487,,,
3800C650001,stagapta,Weston Drive,52.654308,-2.022745,,,
3800C650002,stagaptd,Weston Drive,52.653793,-2.023839,,,
3800C650101,stagaptg,Landywood Green,52.65741,-2.023383,,,
3800C650102,stagaptj,Landywood Green,52.65731,-2.023915,,,
3800C650201,stagaptm,Coltsfoot View,52.657875,-2.031041,,,
3800C650202,stagaptp,Coltsfoot View,52.658325,-2.03144,,,
3800C650301,stagaptw,Hatherton Street,52.660297,-2.038597,,,
3800C650401,stagapwa,Warstone Road,52.654343,-2.052177,,,
3800C650402,,Warstone Road,52.654881,-2.051897,,,
3800C650501,stagapwd,Cemetery Street,52.658947,-2.04448,,,
3800C650502,stagapwg,Cemetery Street,52.658695,-2.044997,,,
3800C650601,stagapwj,Wesley Avenue,52.661362,-2.03851,,,
3800C650701,stagapwm,Queen Street,52.661667,-2.034681,,,
3800C650801,stagtjtm,Coppice Lane,52.66449,-2.028828,,,
3800C650802,stagapwp,Coppice Lane,52.664642,-2.028547,,,
3800C651001,stagapwt,Littlewood Road,52.665947,-2.029361,,,
3800C690100,stagtjtp,Barn End Road,52.757523,-2.096193,,,
3800C690301,stagatag,Wood Hayes Road,52.623287,-2.090873,,,
3800C690302,stagataj,Wood Hayes Road,52.622818,-2.090606,,,
3800C690401,stagatam,No 157,52.625801,-2.091558,,,
3800C690402,stagatap,No 157,52.626171,-2.091869,,,
3800C690501,stagatat,No. 91,52.629585,-2.092511,,,
3800C690502,stagataw,No. 91,52.629612,-2.092718,,,
3800C690601,stagatda,Hilton Cross Business Park,52.637283,-2.089735,,,
3800C690602,stagatdg,Hilton Cross Business Park,52.636356,-2.090753,,,
3800C690801,stagatdp,Bursnips Road,52.636967,-2.046187,,,
3800C690802,,Bursnips Road,52.637093,-2.046084,,,
3800C691001,stagatdt,St Johns Primary Academy,52.631695,-2.057277,,,
3800C691002,stagatdw,St Johns Primary Academy,52.631596,-2.057292,,,
3800C691201,stadwawd,Moog,52.631229,-2.141288,,,
3800C691701,stagatga,Birches Road,52.616909,-2.174386,,,
3800C691702,,Birches Road,52.616928,-2.174164,,,
3800C691801,stagatgd,Birches Bridge,52.623264,-2.185594,,,
3800C691901,stagatgj,Fire Station,52.624508,-2.184816,,,
3800C691902,stagatgm,Fire Station,52.625069,-2.183046,,,
3800C692001,stagatgp,Church Road,52.535694,-2.185812,,,
3800C692201,stagatgt,Saredon Hall Road,52.669788,-2.052802,,,
3800C692401,stagatja,Wolverhampton Road,52.657665,-2.060771,,,
3800C692402,stagatjd,Wolverhampton Road,52.657681,-2.061126,,,
3800C693301,,Codsall Community High School,52.630398,-2.18914,,,
3800C693302,stagtjtw,Codsall Community High School,52.629974,-2.189138,,,
3800C694001,stagatmd,Hatherton Resevoir,52.668373,-2.035529,,,
3800C694002,stagatmg,Hatherton Resevoir,52.668545,-2.035588,,,
3800C709100,stagawpa,Wetherspoons PH,52.804512,-2.115863,,,
3800C709101,stagpjmg,Wetherspoons PH,52.804523,-2.11567,,,
3800C709201,stagawpd,The Green,52.803013,-2.114465,,,
3800C709202,stagagtg,The Sun Inn,52.803669,-2.114392,,,
3800C709400,stadadtj,Chell Road,52.807896,-2.121109,,,
3800C709701,stagawpt,Cope Street,52.80555,-2.11367,,,
3800C709901,stagawtd,Stafford College,52.80629,-2.119665,,,
3800C710103,stagawtw,Gaol Square,52.809013,-2.117759,0.0,380G710100,
3800C710600,stagdadt,Churchill Way,52.7817,-2.120887,,,
3800C710601,stagdadp,Churchill Way,52.781799,-2.121184,,,
3800C710900,stagdagj,School Lane,52.779827,-2.11427,,,
3800C710901,stagdagm,School Lane,52.779606,-2.114507,,,
3800C711401,stagdajg,Royal Oak PH,52.788078,-2.118014,,,
3800C718700,stagdgpg,Mill Bank,52.804646,-2.118444,,,
3800C723101,stagdjdt,Border Way,52.784771,-2.115514,,,
3800C723201,stagdjdw,Nelson Way,52.78389,-2.117231,,,
3800C724101,stagdjpt,Burton Square,52.788273,-2.119734,,,
3800C724102,stagdjpw,Burton Square,52.788239,-2.119616,,,
3800C724201,stagdjta,Hesketh Road,52.786808,-2.121183,,,
3800C724202,stagdjtd,Hesketh Road,52.786034,-2.121804,,,
3800C724301,stagdjtg,Oxbarn Road,52.783604,-2.122612,,,
3800C724302,stagdjtj,Oxbarn Road,52.783436,-2.122568,,,
3800C724501,stagdjtp,Manor Farm Crescent,52.780472,-2.11992,,,
3800C724601,stagdjtw,Barn Close,52.779476,-2.117975,,,
3800C724901,stagdjwg,Barn Bank Lane,52.776234,-2.112155,,,
3800C724902,stagdjwj,Barn Bank Lane,52.775913,-2.11171,,,
3800C725101,stagdjwp,Boon Grove,52.781601,-2.11423,,,
3800C725102,stagdjwt,Boon Grove,52.78286,-2.114589,,,
3800C725201,stagdmad,Rickerscote Road,52.784485,-2.114534,,,
3800C725202,,Rickerscote Road,52.784286,-2.114652,,,
3800C725302,stagdmaj,Stafford Manor High School,52.785858,-2.115487,,,
3800C725501,stagdmat,Park Avenue,52.790764,-2.119964,,,
3800C725601,stagdmaw,Highfield Grove,52.792534,-2.119331,,,
3800C725602,stagdmda,Highfield Grove,52.79179,-2.119299,,,
3800C725701,stagdmdg,Rowley Grove,52.796196,-2.117828,,,
3800C725702,stagdmdj,Rowley Grove,52.795574,-2.117767,,,
3800C725801,stagdmdm,Alexandra Road,52.799847,-2.115272,,,
3800C725802,stagdmdp,Alexandra Road,52.800045,-2.115317,,,
3800C749101,stagjdgt,Barnhurst Farm,52.77309,-2.109479,,,
3800C749102,stagjdgw,Barnhurst Farm,52.773323,-2.109776,,,
3800C749301,stagjdjg,Garage,52.771591,-2.108616,,,
3800C749302,stagjdjm,Garage,52.771809,-2.108542,,,
3800C752200,stagpmda,Poplar Way,52.7826,-2.118874,,,
3800C900900,stagmpgd,The Fox Inn,52.595974,-1.685588,,,
3800C900901,stagmpgj,The Fox Inn,52.596027,-1.68572,,,
3800C902401,stagmptd,Corporation St,52.634098,-1.69585,,,
3800C903300,stagmpwa,Mcdonalds Restaurant,52.627708,-1.703798,,,
3800C903301,stagmtad,McDonalds Restaurant,52.627682,-1.703473,,,
3800C903700,,Appian Close,52.610989,-1.682689,,,
3800C903701,stagmtap,Appian Close,52.610878,-1.682808,,,
3800C904200,stagmtdw,Parkfield Court,52.612366,-1.684525,,,
3800C904201,,Parkfield Court,52.612125,-1.684173,,,
3800C904404,,Victoria Road Bus Interchange,52.633968,-1.691404,,,
3800C904901,stagmtgm,Cottage Farm Road,52.603287,-1.684384,,,
3800C904902,stagmtgp,Cottage Farm Road,52.603134,-1.684193,,,
3800C905001,stagmtgt,Welford Road,52.598827,-1.68418,,,
3800C905002,stagmtgw,Welford Road,52.599277,-1.684044,,,
3800C909801,,Bus Garage,52.636055,-1.695127,,,
3800C909901,stagpwtg,Ventura Park Road,52.625446,-1.697594,,,
3800C909902,stagmwmt,Shopping Centre,52.627487,-1.697802,,,
3800C919701,stagpdwt,Asda Store,52.626255,-1.701607,,,
3800C919702,stagpgad,Asda Store,52.626194,-1.702361,,,
3800C919801,stagpgag,Lakeview Avenue,52.623718,-1.697857,,,
3800C920401,stagpgaj,Sutton Avenue,52.621651,-1.697295,,,
3800C920402,stagpgam,Sutton Avenue,52.622234,-1.697114,,,
3800C920501,stagpgap,Bitterscote Lane,52.617668,-1.697692,,,
3800C920502,stagpgat,Bitterscote Lane,52.618732,-1.697862,,,
3800C922401,stagpgma,Fire Station,52.634144,-1.703223,,,
3800C922402,stagpgmd,Fire Station,52.634029,-1.703534,,,
3800C922501,stagpgmg,New Street,52.633873,-1.699265,,,
3800C922502,stagpgmj,New Street,52.633999,-1.698658,,,
3800C925801,stagpjap,Bletchley Drive,52.612995,-1.687194,,,
3800C925802,stagpjat,Bletchley Drive,52.613487,-1.689332,,,
3800C926001,stagpjda,Ascot Drive,52.593544,-1.685664,,,
3800C930901,stagpjgm,Stanegate,52.608624,-1.682618,,,
3800C930902,stagpjgp,Stanegate,52.608055,-1.682769,,,
3800C931001,stagpjgt,Blackwood Road,52.605576,-1.683467,,,
3800C931002,stagpjgw,Blackwood Road,52.605984,-1.683537,,,
3800C9E0001,stagpmpg,The Rawlett School,52.651875,-1.70393,,,
420015692,wardmdmj,Baginton Stores,52.371056,-1.49264,,,
4200F000600,waradgmt,Crooks Lane,52.219326,-1.863816,,,
4200F001700,wardgwgt,Ludford Close,52.521748,-1.562006,,,
4200F001701,wardgwgw,Arley Lane,52.517685,-1.555813,,,
4200F001900,waratgaj,Turn,52.517006,-1.554287,,,
4200F002000,waratgam,Ludford Close,52.521721,-1.562404,,,
4200F002100,waratgap,Garage,52.445992,-1.417261,,,
4200F002101,waratgat,Grove Road,52.445511,-1.4179,,,
4200F002300,waratgdj,War Memorial,52.512783,-1.584831,,,
4200F002301,waratgdm,War Memorial,52.512428,-1.586367,,,
4200F002600,waradadp,New Road,52.461884,-1.509762,,,
4200F002700,waradadt,Vicarage Lane,52.461899,-1.509526,,,
4200F003100,waradagj,Rushbrook Lane,52.335693,-1.85888,,,
4200F003101,waradagm,Aspley Heath Lane,52.335594,-1.858704,,,
4200F003400,waradaja,Bus Station,52.576981,-1.547997,,,
4200F004101,waradjgp,Chatsworth Drive,52.513294,-1.445562,,,
4200F004102,waradjgt,Raven Way,52.513672,-1.44566,,,
4200F004800,waradjmp,Warwick Road,52.350506,-1.695387,,,
4200F004801,waradjmt,Warwick Road,52.350479,-1.695211,,,
4200F005100,waradjpd,Kimberley Road,52.370422,-1.491899,,,
4200F005101,waradjpg,Church Road,52.367989,-1.492103,,,
4200F005102,waradgdg,Oak Close,52.36795,-1.491853,,,
4200F005700,waradgjd,Village Hall,52.45829,-1.42977,,,
4200F006200,waragdwt,Oak Tree Close,52.243439,-1.740659,,,
4200F006300,waragjad,Oak Tree Close,52.24361,-1.740658,,,
4200F006400,waragjag,Railway Station,52.244381,-1.74764,,,
4200F006500,waragjaj,Railway Station,52.244995,-1.748325,,,
4200F006700,waragjap,All Saints Square,52.480453,-1.473392,,,
4200F006703,waragjat,Iceland,52.480499,-1.473848,,,
4200F007300,waragjdw,Chestnut Road,52.486225,-1.461454,,,
4200F007301,waragjga,Chestnut Road,52.486118,-1.461175,,,
4200F007400,waragjgd,Coventry Road,52.468102,-1.483285,,,
4200F007600,waragjgm,Cardigan Road,52.475037,-1.5168,,,
4200F007601,wardmadm,Cardigan Road,52.475037,-1.516594,,,
4200F007701,waramdap,Wootton Street,52.483204,-1.465172,,,
4200F007702,waramdat,Tewkesbury Drive,52.482506,-1.466285,,,
4200F008000,waramdgd,Coventry Road,52.463375,-1.484061,,,
4200F008001,wardmapm,Coventry Road,52.46349,-1.483986,,,
4200F008100,waramdgj,Dark Lane,52.474758,-1.503465,,,
4200F008200,waramdgm,Whitburn Road,52.476418,-1.513016,,,
4200F008201,wardmada,Whitburn Road,52.476261,-1.513018,,,
4200F008300,waramdgp,Dark Lane,52.474899,-1.503213,,,
4200F009301,waramgma,Oakdale Road,52.395088,-1.426072,,,
4200F009302,waramgmd,Oakdale Road,52.394928,-1.425971,,,
4200F009400,waramgmg,Roseycombe,52.394367,-1.420012,,,
4200F009900,waramgpj,Bus Shelter,52.312321,-1.367498,,,
4200F010000,waramgpm,Old Post Office,52.310596,-1.36984,,,
4200F010001,waramjtp,Main Street,52.31218,-1.367881,,,
4200F010002,wardjatm,Old Post Office,52.310715,-1.36975,,,
4200F010900,warampaj,Bramcote Barracks,52.49408,-1.39895,,,
4200F010901,wardmtdw,Bramcote Barracks,52.494205,-1.398801,,,
4200F011000,warampam,Memorial,52.384243,-1.400427,,,
4200F011200,warampaw,Turn,52.386806,-1.370638,,,
4200F011201,wardjpdt,Turn,52.386768,-1.370432,,,
4200F011600,warajtjw,Dun Cow,52.409657,-1.363712,,,
4200F011602,warajtma,Bulls Head,52.409496,-1.363774,,,
4200F011800,warajtmd,Great Balance,52.411495,-1.368111,,,
4200F011900,warajtmg,Post Office,52.410465,-1.362069,,,
4200F012000,warajtmj,White Lion,52.410786,-1.361535,,,
4200F013001,wardmtga,Three Horseshoes,52.348507,-1.469997,,,
4200F013002,wardawth,Three Horseshoes,52.348541,-1.469791,,,
4200F013700,warampta,Cromwell Lane,52.381187,-1.605765,,,
4200F013800,waramptd,Cromwell Lane,52.380943,-1.606149,,,
4200F013900,waramptg,Stores,52.367928,-1.595278,,,
4200F014000,waramptj,Hinckley Road,52.505123,-1.39597,,,
4200F014001,waramptm,Cicey Lane,52.505341,-1.396395,,,
4200F014500,warampwd,Orange Tree,52.355503,-1.69804,,,
4200F014600,warampwg,Wall Hill Road,52.466076,-1.604288,,,
4200F015500,waramtgm,Griffin Inn,52.515102,-1.645374,,,
4200F015501,wardjwdj,Griffin Inn,52.515228,-1.64552,,,
4200F015600,waramtgp,Coronation Road,52.381516,-1.342078,,,
4200F015601,waramtgt,School Street,52.381668,-1.342076,,,
4200F015901,wardjamg,Church,52.278893,-1.710433,,,
4200F016300,waramwmj,Post Office,52.498459,-1.706345,,,
4200F016400,waramwmp,Coleshill School,52.485538,-1.706372,,,
4200F016500,waramwmt,Lichfield Road,52.504105,-1.707839,,,
4200F016600,waramwmw,Sumner Road,52.497169,-1.705263,,,
4200F016601,wardmgtw,Sumner Road,52.497135,-1.705499,,,
4200F016700,waramwpa,Mill Terrace,52.490032,-1.474589,,,
4200F016723,waramwpd,Mill Terrace,52.489872,-1.474694,,,
4200F017300,waramwtd,Saracens Head,52.471992,-1.569153,,,
4200F017301,wardjpmj,Saracens Head,52.471878,-1.569302,,,
4200F017400,waramwtg,Church,52.463329,-1.557183,,,
4200F017500,waramwtj,Bull & Butcher,52.462322,-1.589824,,,
4200F017600,waramwtm,Coughton Court,52.241383,-1.884105,,,
4200F017602,waramwtp,Coughton Court,52.241428,-1.883783,,,
4200F018200,warapadp,Beehive,52.532242,-1.736384,,,
4200F018300,warapadt,Post Office,52.5336,-1.737393,,,
4200F018301,wardpgag,Post Office,52.53352,-1.737571,,,
4200F018400,warapadw,White Horse,52.534672,-1.738861,,,
4200F018401,warapaga,White Horse,52.534763,-1.739038,,,
4200F018900,warapagt,Woodside,52.51125,-1.593583,,,
4200F018901,wardjgtw,Woodside,52.511395,-1.593626,,,
4200F019800,warajwad,School Street,52.337391,-1.290879,,,
4200F019801,wardpatd,School Street,52.337471,-1.290672,,,
4200F020800,warapatm,Reservoir Hotel,52.363255,-1.82929,,,
4200F020900,warapatp,Golden Lion,52.411957,-1.318382,,,
4200F020901,warapatw,Golden Lion,52.411678,-1.31824,,,
4200F022900,wardgdwg,Shops,52.273186,-1.600156,,,
4200F023000,wardgdwj,Forshaw Heath Lane,52.361542,-1.87081,,,
4200F023100,wardgdwm,Cooks Lane,52.328789,-1.377183,,,
4200F023101,wardjtaj,Birdingbury Lane,52.328678,-1.377023,,,
4200F023300,wardgdwt,Bulls Head,52.518864,-1.634924,,,
4200F023301,wardjmap,Bulls Head,52.518894,-1.635204,,,
4200F023400,wardgjad,Crossroads,52.519775,-1.63558,,,
4200F023600,wardgjpt,British Motor Museum,52.189201,-1.475139,,,
4200F023900,wardgjtg,Penn Lane,52.33942,-1.849636,,,
4200F023901,wardjtam,Penn Lane,52.33952,-1.849797,,,
4200F025100,wardgjma,Lamp Lane,52.501209,-1.578194,,,
4200F025101,wardgjmd,Infant School,52.504524,-1.568203,,,
4200F025102,wardgjmg,Infant School,52.504803,-1.567905,,,
4200F026002,wardpjmw,Edison Road,52.526924,-1.711491,,,
4200F026003,wardpjpa,Edison Road,52.526699,-1.711728,,,
4200F026004,wardpjpt,Wincanton,52.52211,-1.69534,,,
4200F026006,wardpjpw,Nestle,52.523884,-1.700869,,,
4200F026007,wardpjta,Nestle,52.523777,-1.701061,,,
4200F026100,wardgjaj,Kerry Lea,52.406376,-1.306179,,,
4200F026101,wardjpat,Lodge Farm,52.406933,-1.307434,,,
4200F026102,wardjtpd,Lodge Farm,52.406807,-1.307524,,,
4200F026103,wardmwdt,Kerry Lea,52.406528,-1.306073,,,
4200F026200,wardgjam,Old Lion,52.408989,-1.297788,,,
4200F026201,wardgjap,Easenhall Road,52.406113,-1.296863,,,
4200F026202,wardgjat,Easenhall Road,52.406021,-1.2966,,,
4200F026203,wardjpgt,Pailton Road,52.40926,-1.298342,,,
4200F026205,wardgjan,Old Lion,52.40897,-1.29795,,,
4200F026700,wardgjdw,Green,52.548271,-1.521025,,,
4200F027301,wardmtaw,Starmer Place,52.302746,-1.658097,,,
4200F027500,wardgmwd,Tudor Dairies,52.28994,-1.780412,,,
4200F027700,wardgmwj,Three Tuns,52.293625,-1.779675,,,
4200F027800,wardgmwm,Three Tuns,52.293758,-1.779308,,,
4200F027801,wardtgtj,Henley High School,52.286308,-1.776091,,,
4200F029801,warajwdg,Church,52.346291,-1.578153,,,
4200F029802,warajwdj,Church,52.346275,-1.578535,,,
4200F029900,warajwdm,Willow Meer,52.347591,-1.567116,,,
4200F030001,waragtdm,Henry Street,52.347858,-1.574688,,,
4200F030002,waragtdp,Spring Lane,52.347652,-1.574558,,,
4200F030100,waragtdt,Moseley Road,52.33728,-1.565279,,,
4200F030401,waragtgp,Clinton Avenue,52.349884,-1.592624,,,
4200F030500,waragtgw,Shops,52.343887,-1.579923,,,
4200F030501,waragtja,Shops,52.343979,-1.58001,,,
4200F030600,waragtjd,Common Lane,52.357498,-1.567239,,,
4200F030601,wardamam,Crackley,52.361156,-1.562578,,,
4200F030700,wardamap,Cornhill Grove,52.346443,-1.555971,,,
4200F030701,wardpmad,Cornhill Grove,52.346451,-1.555765,,,
4200F031000,wardamda,Whitemoor Road,52.345333,-1.567255,,,
4200F031001,wardamdg,Whitemoor Road,52.345367,-1.567064,,,
4200F031200,wardamdm,Mayfield Drive,52.342575,-1.555481,,,
4200F031201,wardpjwp,Mayfield Drive,52.342583,-1.555231,,,
4200F031300,wardamdp,Shops,52.346985,-1.55918,,,
4200F031301,wardamdt,Shops,52.347061,-1.559796,,,
4200F031402,wardpjwm,Rose Croft,52.353687,-1.587406,,,
4200F031701,warapdtm,Leyes Lane,52.347183,-1.564565,,,
4200F032100,warapdwg,Leyes Lane,52.348,-1.55666,,,
4200F032101,wardpmag,Leyes Lane,52.348019,-1.556439,,,
4200F032200,warapdwj,St Johns Church,52.33704,-1.573133,,,
4200F032201,warapdwm,Clarendon Road,52.338844,-1.575009,,,
4200F032202,warapdwp,St Johns Street,52.337959,-1.574372,,,
4200F032400,warapgad,Offa Drive,52.345913,-1.573664,,,
4200F033100,warapjdg,Kings Coughton Lane,52.228695,-1.880434,,,
4200F033101,warapjdj,Moat House Inn,52.228722,-1.880171,,,
4200F033300,warapjdp,Mill Crescent,52.560078,-1.682155,,,
4200F033301,warapjdt,White Swan,52.56525,-1.681395,,,
4200F033302,wardpgdt,Mill Crescent,52.560059,-1.682302,,,
4200F033400,warapjdw,White Swan,52.565193,-1.682413,,,
4200F034000,waratatd,Church,52.262772,-1.721366,,,
4200F034100,waratatg,Station Lane,52.33733,-1.725595,,,
4200F034300,waratatm,Green,52.376701,-1.311344,,,
4200F034600,waratawd,Green,52.537956,-1.701142,,,
4200F035400,warapmpj,Hurrans,52.282791,-1.549483,,,
4200F035700,warapmpw,Railway Station,52.2841,-1.536584,,,
4200F035800,warapmta,Parish Church,52.285984,-1.533002,,,
4200F035900,warapmtg,Railway Station,52.284176,-1.535367,,,
4200F036100,wardamgj,Crown Hotel,52.283989,-1.532965,,,
4200F036401,wardamgw,Wheatsheaf,52.277813,-1.533543,,,
4200F036600,wardamjd,Upper Parade,52.292503,-1.535734,,,
4200F037101,wardamjt,Winyates Road,52.201019,-1.486208,,,
4200F037105,wardamju,Upper Lighthorne,52.205952,-1.491507,,,
4200F037107,wardamjl,White Lias Way,52.1982,-1.483533,,,
4200F037109,wardamjy,Wellum Street,52.203354,-1.488054,,,
4200F040401,waraptad,Green,52.376568,-1.31142,,,
4200F041600,waratjmd,Mill Lane,52.310608,-1.72815,,,
4200F041900,waratjmt,Church,52.567619,-1.528235,,,
4200F042100,waratjpa,Post Office,52.569519,-1.529292,,,
4200F042101,waratjpd,Post Office,52.569447,-1.529027,,,
4200F042600,waratjpt,Dog,52.298504,-1.877739,,,
4200F042601,wardtgpd,Dog,52.297894,-1.878884,,,
4200F042700,waratjpw,Village Hall,52.291508,-1.884575,,,
4200F042900,waratjtd,Black Horse,52.318203,-1.402712,,,
4200F043000,waratjtg,Coventry Road,52.317673,-1.402425,,,
4200F043300,waratjtm,Green Man,52.582081,-1.741385,,,
4200F043701,waratmwn,Bus Shelter,52.444374,-1.318015,,,
4200F044100,waratpag,N.A.C. Main Entrance,52.338512,-1.518595,,,
4200F044101,waratpah,Abbey Park,52.342464,-1.500703,,,
4200F044501,waratpap,Gate Lane,52.530861,-1.660902,,,
4200F044600,waratpat,The Gate,52.531349,-1.661488,,,
4200F044900,waratpdj,Rankin Close,52.390934,-1.283026,,,
4200F044901,wardtdwg,Church,52.390713,-1.286263,,,
4200F045000,waratpdm,Yates Avenue,52.384106,-1.271691,,,
4200F045200,warajwtd,Parkfield Road,52.390121,-1.280732,,,
4200F045201,warajwtg,Grange Road,52.388088,-1.277768,,,
4200F045202,warajwtj,Grange Road,52.387714,-1.276848,,,
4200F046400,warawdgt,New Inn,52.266102,-1.667655,,,
4200F046800,warawdjg,Walsingham Drive,52.499012,-1.48195,,,
4200F046900,warawdjm,National Dairies,52.500244,-1.482186,,,
4200F047000,warawdjp,Bermuda Village,52.507599,-1.480273,,,
4200F047002,warawdjw,Hare & Hounds,52.513149,-1.483257,,,
4200F047003,warawdjq,Rider Close,52.50753,-1.481143,,,
4200F047223,warawdmt,Trafford Drive,52.531235,-1.514548,,,
4200F047300,warawdmw,Boot Inn,52.514153,-1.472488,,,
4200F047301,warawdpa,Boot Inn,52.51429,-1.472619,,,
4200F047402,warawdpg,Bus Station,52.524368,-1.466839,0.0,420G000001,A1
4200F047406,warawdpt,Bus Station,52.524708,-1.466481,0.0,420G000001,B3
4200F047407,warawdpw,Bus Station,52.524357,-1.466706,0.0,420G000001,B1
4200F047408,warawdta,Bus Station,52.524502,-1.466616,0.0,420G000001,B2
4200F047409,warawdtd,Bus Station,52.524364,-1.466426,0.0,420G000001,E1
4200F047410,waratpmp,Bus Station,52.524746,-1.466642,0.0,420G000001,A3
4200F047414,waratptd,Bus Station,52.524509,-1.466527,0.0,420G000001,C2
4200F047415,waratptg,Bus Station,52.5247,-1.466407,0.0,420G000001,C3
4200F049200,waratpwa,Post Office,52.541294,-1.52091,,,
4200F049401,waratpwj,Oxford Rise,52.524284,-1.541051,,,
4200F049500,waratpwm,George Eliot Hospital Main Entrance,52.510036,-1.476221,,,
4200F049600,waratpwp,Croft Road,52.520893,-1.48383,,,
4200F049601,waratpwt,Croft Road,52.520786,-1.483963,,,
4200F049613,warawgwg,Greenmoor Road,52.521317,-1.484429,,,
4200F049623,warawgwj,Greenmoor Road,52.521149,-1.484844,,,
4200F050000,warawjaj,Cornish Crescent,52.513119,-1.482226,,,
4200F050013,warawjam,Heath End Road,52.515404,-1.497201,,,
4200F050201,warawjaw,Middlemarch Road,52.508957,-1.46844,,,
4200F050202,warawjda,Middlemarch Road,52.508942,-1.46869,,,
4200F050500,wardamwd,Dawlish Close,52.526623,-1.449182,,,
4200F050701,wardamwt,Donnithorne Ave,52.507027,-1.468802,,,
4200F050702,wardapad,Donnithorne Avenue,52.506981,-1.468581,,,
4200F050800,wardapag,Higham Lane School,52.532463,-1.457571,,,
4200F051001,warawmat,Sorrell Road,52.507957,-1.464326,,,
4200F051002,warawmaw,Sorrell Road,52.507824,-1.46421,,,
4200F051600,wardadag,Oak Avenue,52.512363,-1.584983,,,
4200F052100,warawapj,White Lion,52.433887,-1.309542,,,
4200F052102,warawapm,White Lion,52.433929,-1.309027,,,
4200F052700,warawatj,Crossroads,52.295868,-1.697154,,,
4200F053602,wardadtp,Sheep Dip Lane,52.335945,-1.410208,,,
4200F053700,wardadtw,Fosse Crescent,52.336021,-1.409825,,,
4200F054700,waratdwa,Caravan Park,52.213005,-1.51038,,,
4200F054701,waratdwd,Caravan Park,52.213158,-1.510217,,,
4200F054900,wardgadp,Church,52.322201,-1.704267,,,
4200F055702,wardgajg,Clifton Road,52.371655,-1.255651,,,
4200F055703,wardgajm,Clifton Road,52.372128,-1.258125,,,
4200F055704,wardgajp,Clifton Road,52.372047,-1.256922,,,
4200F056500,wardagma,North Street,52.37336,-1.262453,,,
4200F057002,waratdwg,Yates Avenue,52.384148,-1.271456,,,
4200F057413,waragadj,Fawsley House,52.369308,-1.252929,,,
4200F057423,waragadm,Fawsley House,52.369144,-1.252902,,,
4200F057900,waragagp,Royal Oak,52.374359,-1.278595,,,
4200F058000,waragagw,North Street,52.374287,-1.262848,,,
4200F058223,waragajm,Dunsmoor Avenue,52.361595,-1.232278,,,
4200F058800,warajgwg,Bus Shelter,52.363873,-1.25631,,,
4200F058813,warajgwj,Dickinson Court,52.365993,-1.260784,,,
4200F059600,warajmdj,Blacksmiths Arms,52.365433,-1.434107,,,
4200F059900,warajmdt,Leamington Road,52.362377,-1.432487,,,
4200F059901,warajmdw,Post Office,52.366722,-1.435089,,,
4200F059902,wardpatw,Leamington Road,52.362259,-1.432341,,,
4200F060000,warajmga,Hillman Way,52.371464,-1.452978,,,
4200F060900,warajaja,Church,52.454857,-1.407858,,,
4200F060901,waragwjp,Wood Lane,52.457851,-1.40823,,,
4200F060902,wardjgmw,Wood Lane,52.457878,-1.408009,,,
4200F061000,waragwjt,School,52.454929,-1.408019,,,
4200F062500,waragwpt,Leamington Shopping Park,52.2798,-1.547564,,,
4200F062701,wardjwgw,Crossroads,52.306351,-1.683545,,,
4200F062900,waragwtd,Green,52.515381,-1.666341,,,
4200F062901,wardjgpm,Green,52.515488,-1.666326,,,
4200F063200,waragwtj,Bus Shelter,52.236843,-1.689298,,,
4200F063300,waragwtm,Bus Shelter,52.236717,-1.689138,,,
4200F063413,waragwtw,Denehurst Way,52.515717,-1.493218,,,
4200F063423,warajada,Denehurst Way,52.515697,-1.494545,,,
4200F063900,waragtpm,Round Towers,52.515862,-1.510399,,,
4200F064201,waragtwj,Stoneleigh Close,52.352562,-1.518354,,,
4200F064202,waragtwm,Stoneleigh Close,52.352264,-1.518078,,,
4200F064300,waragtwp,Stoneleigh Bridge,52.35183,-1.514985,,,
4200F064600,wardapat,Brookside Road,52.195213,-1.727524,,,
4200F064700,wardapaw,Clarence Road,52.194675,-1.723811,,,
4200F064803,wardtgmw,Stratford High School,52.194046,-1.721153,,,
4200F064900,wardapdm,Avon Park Caravan Park,52.204723,-1.687253,,,
4200F064901,wardapdp,Avon Park Caravan Park,52.204842,-1.687428,,,
4200F065200,warajdaj,McDonalds,52.192623,-1.704205,,,
4200F065201,warajdam,McDonalds,52.19281,-1.704131,,,
4200F065500,warajdga,Greenhill Street,52.193134,-1.711356,,,
4200F065501,warajdgd,Greenhill Launderette,52.192982,-1.711372,,,
4200F065901,waragawg,Regal Road,52.200352,-1.713827,,,
4200F065902,waragawj,Maybird Centre,52.200188,-1.713316,,,
4200F066201,waragdag,Civic Hall,52.192394,-1.710395,,,
4200F066500,waragdap,Bell,52.190899,-1.72872,,,
4200F066700,waragdaw,Tesco,52.202236,-1.716946,,,
4200F066701,waragdga,Tesco,52.201805,-1.716568,,,
4200F067200,waragdja,NatWest Bank,52.19286,-1.708783,,,
4200F067203,waragdjm,Oxfam,52.192787,-1.709149,,,
4200F067300,waragjwp,Crossroads,52.436512,-1.326256,,,
4200F067301,wardjpja,Crossroads,52.436634,-1.326107,,,
4200F067400,waragjwt,Oak & Black Dog,52.349743,-1.401069,,,
4200F067500,waragmad,Oak & Black Dog,52.349869,-1.401214,,,
4200F067601,waragmaj,Farriers Court,52.428692,-1.337892,,,
4200F067800,waragmap,Farriers Court,52.428791,-1.338022,,,
4200F068000,waragmaw,Needle Close,52.272518,-1.89462,,,
4200F068100,waragmda,Castle Road,52.271881,-1.894182,,,
4200F068400,waragmdm,Royal Oak,52.26466,-1.891547,,,
4200F068900,waragmgd,Tanworth In Arden Church,52.332607,-1.835278,,,
4200F069200,wardaptw,The Lakes Railway Station,52.358959,-1.844402,,,
4200F069300,wardapwa,Bus Shelter,52.340172,-1.314231,,,
4200F069301,wardjdap,Turn,52.33963,-1.311906,,,
4200F070100,waragmgt,Town Thorns,52.409443,-1.336474,,,
4200F070101,wardjtpt,Town Thorns,52.409607,-1.336516,,,
4200F072300,waragpgm,St Michaels Road,52.289001,-1.593387,,,
4200F072301,waragpgp,Priory Mews,52.284874,-1.590229,,,
4200F072302,waragpgt,Clinic,52.284809,-1.58998,,,
4200F072400,waragpgw,St Michaels Road,52.28857,-1.592878,,,
4200F072500,waradtga,Warwick Castle,52.281723,-1.584087,,,
4200F072600,waradtgd,Warwick Castle,52.281975,-1.58426,,,
4200F072700,waradtgj,Guy Street,52.284313,-1.579313,,,
4200F072800,waradtgm,Goldsmith Avenue,52.276268,-1.599718,,,
4200F072801,waradtgp,Hampton Road,52.276077,-1.599676,,,
4200F073000,waradtgw,Hilton National,52.260799,-1.609674,,,
4200F073100,waradtja,Warwick Hospital,52.290367,-1.582422,,,
4200F073200,waradtjd,Warwick Hospital,52.290485,-1.582832,,,
4200F073600,waradtjp,Portobello Bridge,52.28896,-1.561383,,,
4200F073700,waradtjt,Warwick Rail Station,52.285229,-1.580653,,,
4200F073702,waradtma,Warwick Rail Station,52.285774,-1.580149,,,
4200F074700,waradwaj,St Nicholas Park,52.280724,-1.58093,,,
4200F075400,waradwdp,Dog Inn,52.519154,-1.741621,,,
4200F075500,waradwdt,Water Orton Railway Station,52.518234,-1.744146,,,
4200F075600,waradwdw,Park Grove,52.516048,-1.731633,,,
4200F075601,waradwga,Park Grove,52.516174,-1.731691,,,
4200F077400,wardgtdj,Birmingham Road,52.533016,-1.678753,,,
4200F077500,wardgtdm,Swan,52.533031,-1.678473,,,
4200F077700,wardgtdt,Ross Way,52.50024,-1.43014,,,
4200F077701,wardapgd,Bulkington Lane,52.498398,-1.434038,,,
4200F077900,wardapgt,Shops,52.506157,-1.436709,,,
4200F078000,wardapgw,Shops,52.506023,-1.436769,,,
4200F080500,waradpwa,Dyers Lane,52.376041,-1.394426,,,
4200F080501,waradpwd,Priory Road,52.377323,-1.389958,,,
4200F080502,waradpwg,Priory Road,52.377213,-1.387903,,,
4200F080503,wardmwgd,Priory Road,52.377213,-1.3899,,,
4200F080600,waradpwj,Manor Estate,52.37468,-1.400438,,,
4200F080800,waradpwp,Wolverton Road,52.258766,-1.697144,,,
4200F080900,waradpwt,Square,52.486275,-1.36922,,,
4200F080902,waradtad,Square,52.486275,-1.369456,,,
4200F081700,waradwjg,Church,52.266838,-1.777625,,,
4200F081800,waradwjm,Mayswood Road,52.275387,-1.781818,,,
4200F081801,wardtgmj,Mayswood Road,52.275898,-1.781713,,,
4200F081802,wardtgmg,Hill Farm Marina,52.259171,-1.764522,,,
4200F081803,wardtgmd,Hill Farm Marina,52.259018,-1.764303,,,
4200F082001,waradwjt,General Stores,52.266731,-1.778036,,,
4200F082800,waragdma,Caravan Park,52.263447,-1.545532,,,
4200F082801,waragdmd,Caravan Park,52.263565,-1.545399,,,
4200F082803,wardpgjm,Garrett Drive,52.265495,-1.549497,,,
4200F084200,waratmap,Common Lane,52.289433,-1.712328,,,
4200F084900,waratmdm,Wharf,52.343536,-1.775348,,,
4200F085000,waratmdp,Wharf Lane,52.345798,-1.764488,,,
4200F086200,waradmtw,Little Shrewley Crossroads,52.302177,-1.673295,,,
4200F087200,warapjta,Gilson Hall,52.509293,-1.723158,,,
4200F087700,warapjtw,Heathcote Hospital,52.269459,-1.539565,,,
4200F088000,warapjwg,Dog Inn,52.519035,-1.741445,,,
4200F088100,warapjwj,Boat,52.459476,-1.47223,,,
4200F088400,warapmad,Somers Road,52.4613,-1.529843,,,
4200F088401,wardjmta,Somers Road,52.461315,-1.529592,,,
4200F088500,warapmag,Chaucer Drive,52.525826,-1.526959,,,
4200F100004,wardjgtj,Broad Walk,52.189301,-1.713502,,,
4200F100012,warajawa,Railway Station Bridge,52.193531,-1.715523,,,
4200F100013,warajawd,Stratford High School,52.194283,-1.721283,,,
4200F100018,wardpgpj,Railway Station,52.194881,-1.715675,,,
4200F102102,waradjap,Hospital,52.193802,-1.712317,,,
4200F102401,waradjda,Wharf Road,52.198349,-1.711411,,,
4200F102501,waradjdg,Avenue Farm,52.203419,-1.718885,,,
4200F102601,waradjdm,Joseph Way,52.204906,-1.720207,,,
4200F104501,waragpaw,St Gregorys Road,52.195683,-1.701918,,,
4200F104502,waragpda,St Gregorys Road,52.19603,-1.701315,,,
4200F106601,warapdmj,Sports & Social Club,52.347214,-1.577102,,,
4200F106602,warapdmp,Sports & Social Club,52.347076,-1.576898,,,
4200F106701,warapdmt,Wyandotte,52.349953,-1.572158,,,
4200F106702,warapdmw,Herberts Lane,52.34948,-1.572353,,,
4200F106801,warapdpa,Forge Road,52.351742,-1.569043,,,
4200F106802,warapgjd,Forge Road,52.351482,-1.569647,,,
4200F106901,warapgjg,Watling Road,52.352036,-1.566382,,,
4200F106902,warapgjm,Mill Bank Mews,52.351814,-1.56706,,,
4200F107001,warapgjp,Knowle Hill,52.352898,-1.560883,,,
4200F107002,wardptpj,Cotton Drive,52.353367,-1.558441,,,
4200F107003,wardptpm,Cotton Drive,52.353294,-1.558427,,,
4200F107004,wardptpw,Best Avenue,52.35384,-1.555441,,,
4200F107005,wardptwa,Best Avenue,52.35376,-1.555427,,,
4200F107101,warapgjt,Thirlestane Close,52.350513,-1.558235,,,
4200F107501,warapgmp,Rawnsley Drive,52.347183,-1.556976,,,
4200F107601,warapgmt,Villiers Road,52.348812,-1.566825,,,
4200F107602,warapgmw,Villiers Road,52.348965,-1.566809,,,
4200F107701,warapgpa,Adcock Drive,52.348312,-1.568078,,,
4200F107802,warajwmj,Cobbs Road,52.354496,-1.592919,,,
4200F107902,warajwmt,Malthouse Lane,52.349648,-1.586489,,,
4200F108001,warajwmw,Manor Road,52.351269,-1.578032,,,
4200F108002,warajwpa,Manor Road,52.351086,-1.578974,,,
4200F108101,warajwpd,Tainters Hill,52.353458,-1.575985,,,
4200F108102,warajwpg,Tainters Hill,52.353565,-1.576249,,,
4200F108201,warajwpj,Princes Drive,52.356934,-1.567671,,,
4200F108301,warajwpm,Woodland Road,52.358582,-1.56579,,,
4200F108302,warajwpt,Woodland Road,52.358685,-1.565304,,,
4200F108401,warajwpw,Common,52.356655,-1.565779,,,
4200F108402,warajwta,Common,52.356686,-1.566058,,,
4200F108501,warajpdt,Highland Road,52.355095,-1.561551,,,
4200F108502,warajpdw,Dalehouse Lane,52.353428,-1.560393,,,
4200F108601,warajpga,Abbey Fields,52.348843,-1.580037,,,
4200F108602,warajpgd,Abbey Fields,52.348263,-1.579147,,,
4200F108701,warajpgj,De Montfort Road,52.350376,-1.587363,,,
4200F108801,warajpgm,Clinton Lane,52.356598,-1.592782,,,
4200F108901,warajpgp,Holiday Inn,52.344124,-1.58061,,,
4200F109001,warajpgt,Lion,52.341568,-1.577875,,,
4200F109002,warajpgw,Randall Road,52.341118,-1.577659,,,
4200F109202,warajpjg,Thickthorn Island,52.332371,-1.565327,,,
4200F109301,warajpjm,Ferndale Drive,52.335457,-1.570962,,,
4200F109302,wardjmga,Ferndale Drive,52.335674,-1.570798,,,
4200F110001,wardagpj,Warwick Road,52.340134,-1.575731,,,
4200F112902,warapgdw,Cordelia Way,52.349468,-1.279074,,,
4200F113101,wardajdp,Dunchurch Road,52.346066,-1.278747,,,
4200F113102,wardajdt,Dunchurch Road,52.346191,-1.278921,,,
4200F113301,wardajdw,The Drive,52.344311,-1.2829,,,
4200F113302,wardajga,Northampton Lane,52.34412,-1.283652,,,
4200F113401,wardajgd,Dunchurch Park Hotel,52.340923,-1.287623,,,
4200F113402,wardajgj,Dunchurch Park Hotel,52.341396,-1.287028,,,
4200F113501,wardajgm,Cawston Lane,52.34008,-1.289236,,,
4200F113502,wardajgp,Cawston Lane,52.339828,-1.289093,,,
4200F113901,warajdtj,Sainsburys,52.34938,-1.276682,,,
4200F114201,warajdtw,Fighting Cocks,52.350803,-1.281401,,,
4200F114301,warajdwa,Longrood Road,52.351551,-1.287717,,,
4200F117301,waratjgt,Rugby Road,52.376045,-1.294726,,,
4200F117401,waratjgw,Cherwell Way,52.379108,-1.297233,,,
4200F117402,wardatag,Cherwell Way,52.379002,-1.297264,,,
4200F117501,wardataj,Holbrook Road,52.379833,-1.301188,,,
4200F117502,wardatam,Holbrook Road,52.379707,-1.301234,,,
4200F118301,wardatdt,Townsend Lane,52.375935,-1.294243,,,
4200F118401,waragtjg,Paynes Lane,52.375668,-1.285463,,,
4200F118402,waragtjm,Paynes Lane,52.375534,-1.285553,,,
4200F118501,waragtjp,Recreation Ground,52.374752,-1.280116,,,
4200F118601,waragtjt,Campbell Street,52.373466,-1.276641,,,
4200F118701,waragtjw,Glebe Crescent,52.372696,-1.275567,,,
4200F118702,waragtma,Seabroke Avenue,52.372494,-1.273749,,,
4200F118703,wardjtmt,Seabroke Avenue,52.372341,-1.27381,,,
4200F118801,waragtmd,Northcote Road,52.372032,-1.271597,,,
4200F118901,waragtmg,Bennett Street,52.372608,-1.270207,,,
4200F119001,waragtmj,Edward Street,52.374058,-1.268993,,,
4200F119002,waragtmp,Edward Street,52.374146,-1.26858,,,
4200F119101,waragtmt,Rounds Gardens,52.374962,-1.267377,,,
4200F119102,waragtmw,Dale Street,52.375011,-1.266245,,,
4200F119201,waragtpa,Essex Street,52.377781,-1.264935,,,
4200F119202,wardatdw,Lancaster Road,52.377769,-1.264759,,,
4200F119301,wardatga,Hunters Lane,52.381187,-1.264746,,,
4200F119302,wardatgd,Hunters Lane,52.381413,-1.265227,,,
4200F119701,wardatgw,Crown,52.39006,-1.279734,,,
4200F119801,wardatja,Avon Valley School,52.385647,-1.273738,,,
4200F119802,wardatjd,Avon Valley School,52.385586,-1.274047,,,
4200F120501,warajgdt,Church Street,52.373032,-1.260519,,,
4200F122402,wardajtg,Harris High School,52.360306,-1.272715,,,
4200F122430,wardajtp,Timber Yard,52.341858,-1.757595,,,
4200F122470,wardajtw,Railway Station,52.342228,-1.725477,,,
4200F122541,warajpta,Roebuck Inn,52.223228,-1.87938,,,
4200F122562,warajptd,Roebuck Inn,52.223255,-1.879175,,,
4200F122611,warajptg,Manor Road,52.270279,-1.893643,,,
4200F122612,warajptj,Manor Road,52.270306,-1.893438,,,
4200F122701,warajptw,Worths Way,52.207005,-1.722594,,,
4200F122791,warajpwd,River House School,52.286701,-1.780648,,,
4200F122811,warajpwg,Royal Oak,52.341003,-1.774993,,,
4200F122812,warajpwj,Royal Oak,52.341011,-1.7747,,,
4200F122851,warajpwm,Stratford College,52.193962,-1.718856,,,
4200F123021,warapwmg,War Memorial,52.288086,-1.534754,,,
4200F123071,warapwmj,Keeling Road,52.346752,-1.562162,,,
4200F123211,warapwpm,Bus Shelter,52.366245,-1.595,,,
4200F123361,warapwtd,Griff Caravan Site,52.500248,-1.468781,,,
4200F123362,warapwte,Bermuda Park Station,52.503036,-1.472901,,,
4200F123363,warapwtf,Bermuda Park Station,52.502926,-1.472755,,,
4200F123382,waramwdw,Griff Island,52.496784,-1.472313,,,
4200F123471,waramwgm,Beechwood Road,52.487587,-1.462203,,,
4200F123501,waramwgt,Gala Bingo,52.524822,-1.471948,,,
4200F123511,waramwgw,Cedars Road,52.470959,-1.479291,,,
4200F123512,waramwja,Cedars Road,52.470833,-1.479116,,,
4200F123601,waramwjd,Riversley Road,52.51955,-1.46728,,,
4200F123602,waramwjg,Carsal Close,52.454262,-1.506006,,,
4200F123603,waramwjm,Carsal Close,52.45417,-1.505801,,,
4200F123641,waramwjp,Woodford Close,52.456272,-1.504865,,,
4200F123642,waramwjt,Woodford Close,52.456253,-1.504615,,,
4200F123701,waramwjw,Edward Street,52.516018,-1.467279,,,
4200F123702,waramwma,Home Park Road,52.516033,-1.466851,,,
4200F123720,waramwmd,Railway Station,52.478943,-1.467167,,,
4200F123721,warampwt,Railway Station,52.478779,-1.465064,,,
4200F123800,waramtaj,St James Church,52.476978,-1.425553,,,
4200F123801,waramtam,Arches Bar,52.513763,-1.467763,,,
4200F123802,waramtap,Shepperton Street,52.513321,-1.467518,,,
4200F123803,waramtat,St James Church,52.476841,-1.425569,,,
4200F123901,waramtaw,Dorlecote Place,52.50349,-1.46852,,,
4200F123902,waramtda,Dorlecote Place,52.50349,-1.46827,,,
4200F123904,waramtdj,Chevrel Street,52.51498,-1.470415,,,
4200F123940,warapdpd,Park & Ride,52.20908,-1.728582,,,
4200F124002,warapdpw,Longford Road,52.461525,-1.4827,,,
4200F124102,waradgpm,Edward Street,52.52232,-1.473407,,,
4200F124110,waradgpt,Horse & Jockey,52.457359,-1.554608,,,
4200F124111,waradgpw,Horse & Jockey,52.4576,-1.554532,,,
4200F124112,waradgta,Cheshire Farm,52.46418,-1.571349,,,
4200F124113,waradgtd,Cheshiire Farm,52.464417,-1.572436,,,
4200F124190,waradgtg,Beaumont Road,52.459831,-1.53133,,,
4200F124191,waradgtj,Beaumont Road,52.459705,-1.531567,,,
4200F124192,waradgtm,Schofield Road,52.460384,-1.5305,,,
4200F124193,waradgtp,Schofield Road,52.460419,-1.530294,,,
4200F124301,waradgwa,Richmond Road,52.522339,-1.47777,,,
4200F124302,wardjwpw,Richmond Road,52.522217,-1.478096,,,
4200F124330,waradgwd,High School for Girls,52.352627,-1.287244,,,
4200F124350,waradgwg,Edward Tyler Road,52.473804,-1.48045,,,
4200F124351,waradgwj,Rectory Close,52.473915,-1.478977,,,
4200F124390,waradgwm,Butlers Crescent,52.472012,-1.483342,,,
4200F124391,waradgwp,Jones Road,52.47205,-1.483636,,,
4200F124392,warawjdm,Marshall Road,52.469879,-1.48509,,,
4200F124393,warawjdp,Marshall Road,52.469753,-1.485371,,,
4200F124401,warawjdt,St Thomas More School,52.517891,-1.479989,,,
4200F124402,warawjdw,St Thomas More School,52.517811,-1.480181,,,
4200F124470,warawjga,Middlemarch Business Park,52.372948,-1.465004,,,
4200F124471,warawjgd,Middlemarch Business Park,52.373005,-1.4654,,,
4200F124472,warawjgj,Middlemarch Business Park,52.369125,-1.470911,,,
4200F124474,warawjgp,Siskin Parkway West,52.365231,-1.476303,,,
4200F124475,warawjgq,SEGRO Park,52.362045,-1.489674,,,
4200F124476,warawjgr,Coventry Airport,52.367088,-1.489866,,,
4200F124477,warawjgs,Coventry Airport,52.367996,-1.489782,,,
4200F124478,warawjgu,SEGRO Park DHL,52.360153,-1.480988,,,
4200F124479,warawjgv,Ansty Park Stop A,52.432343,-1.411072,,,
4200F124480,warawjgx,Ansty Park Stop B,52.424397,-1.406163,,,
4200F124481,warawjgy,Ansty Park Stop C,52.428448,-1.406668,,,
4200F124483,warawjha,Ansty Park Stop E,52.432117,-1.411119,,,
4200F124501,warawjgt,Cricket Ground,52.515484,-1.476805,,,
4200F124570,warawjgw,Weavers,52.487804,-1.57299,,,
4200F124571,warawjma,Weavers,52.487633,-1.572933,,,
4200F124601,warawjmd,Bull Ring,52.514534,-1.475107,,,
4200F124602,warawjmg,Bull Ring,52.514641,-1.474973,,,
4200F124711,warawjmt,Alexander Road,52.485336,-1.465927,,,
4200F124771,warawjmw,Holly Walk,52.372772,-1.496513,,,
4200F124772,warawjpa,Holly Walk,52.372574,-1.496515,,,
4200F124811,warawjpg,Old Mill,52.37421,-1.50343,,,
4200F124812,warawjpj,Old Mill,52.37405,-1.503564,,,
4200F124891,warawjpt,Plank Lane,52.516983,-1.748339,,,
4200F124892,warawjpw,Plank Lane,52.51717,-1.748456,,,
4200F124951,warawjtd,Nicholas Chamberlaine School,52.478939,-1.462058,,,
4200F125221,wardatmg,Wild Boar,52.287701,-1.580688,,,
4200F125301,wardatmj,Cornish Crescent,52.512993,-1.482228,,,
4200F125360,wardatmp,Henry Street,52.515701,-1.468874,,,
4200F125361,wardatmt,John Street,52.515846,-1.46899,,,
4200F125401,wardatpa,Orkney Close,52.512989,-1.479369,,,
4200F125402,wardatpd,Orkney Close,52.513149,-1.479382,,,
4200F125500,wardgwad,Maternity Hospital,52.514023,-1.475319,,,
4200F125502,wardgwaj,Maternity Hospital,52.51387,-1.475247,,,
4200F125601,wardgwam,Vicarage Street,52.521194,-1.463001,,,
4200F125701,wardgwat,Anker Street,52.519836,-1.461146,,,
4200F125801,wardgwdg,Lister Street,52.51796,-1.45912,,,
4200F125802,wardgwdj,Lister Street,52.51796,-1.458914,,,
4200F125890,warajwdt,Warwick New Road,52.28936,-1.553155,,,
4200F125891,warajwdw,Warwick New Road,52.289326,-1.55336,,,
4200F125901,warajwga,Trinity Walk,52.515251,-1.456781,,,
4200F125902,warajwgd,Trinity Walk,52.515259,-1.456177,,,
4200F126101,warajwjd,Garrett Way,52.514133,-1.452065,,,
4200F126150,warajwjg,Hodgetts Lane,52.381081,-1.606309,,,
4200F126201,warajwjt,Townsend Drive,52.514175,-1.44782,,,
4200F126210,warajwjw,Edmonscote Road,52.287056,-1.550422,,,
4200F126211,warajwma,Edmonscote Road,52.287113,-1.550788,,,
4200F126250,waradjwp,Stratford Road,52.27282,-1.598152,,,
4200F126251,wardpjgm,Stratford Road,52.272842,-1.597492,,,
4200F126501,waradmdj,Grassington Drive,52.511837,-1.441646,,,
4200F126502,waradmdm,Grassington Drive,52.511757,-1.441779,,,
4200F126510,waradmdp,Charingworth Drive,52.300365,-1.629123,,,
4200F126601,waratadj,Crowhill Road,52.509151,-1.438615,,,
4200F126602,waratadm,Crowhill Road,52.508991,-1.438617,,,
4200F126701,waratadt,Falstaff Close,52.509914,-1.437957,,,
4200F126702,waratadw,Falstaff Close,52.50993,-1.437795,,,
4200F126801,waratagp,Juliet Close,52.509659,-1.435411,,,
4200F126802,waratagt,Juliet Close,52.509792,-1.435306,,,
4200F126901,waratajg,Hamlet Close,52.509823,-1.432403,,,
4200F126902,waratajm,Hamlet Close,52.509895,-1.432623,,,
4200F126921,waratajp,Touchstone Road,52.262928,-1.53679,,,
4200F126922,waratajt,Touchstone Road,52.262981,-1.536394,,,
4200F127001,waratamd,Fairway,52.508633,-1.431402,,,
4200F127002,waratamg,Fairway,52.50877,-1.431621,,,
4200F127102,warajmgm,Golf Drive,52.507755,-1.432091,,,
4200F127201,warajmjg,Fairway,52.506477,-1.431857,,,
4200F127291,warajmjt,Griff House,52.495502,-1.473242,,,
4200F127301,warajmpa,Greenway,52.505733,-1.430791,,,
4200F127331,warajmpd,Gates,52.407799,-1.407679,,,
4200F127332,warajmpg,Gates,52.407944,-1.407707,,,
4200F127401,warajmpm,Gorse Farm Road,52.506481,-1.427187,,,
4200F127491,warawtwg,Etone School,52.526443,-1.458839,,,
4200F127500,warawtwj,Lavenham Close,52.502838,-1.424715,,,
4200F127501,warawtwm,Gorse Farm Road,52.505405,-1.425992,,,
4200F127512,warawtwt,Marston Lane,52.488194,-1.462961,,,
4200F127571,warawtmj,Lodge,52.348473,-1.709509,,,
4200F127601,warawtmt,Lavenham Close,52.502876,-1.424979,,,
4200F127611,warawtmw,Mancetter Road,52.5355,-1.500067,,,
4200F127631,warawtpa,Riversley Road,52.520378,-1.467093,,,
4200F127691,warawtpj,Red Lane,52.359863,-1.595528,,,
4200F127692,warawtpm,Red Lane,52.359764,-1.595749,,,
4200F127903,wardpmgt,Crematorium,52.519321,-1.442774,,,
4200F128001,waragtam,Co-op,52.527088,-1.438548,,,
4200F128301,warajdad,St Ives Way,52.524551,-1.442472,,,
4200F128401,waradmja,Penryn Close,52.525181,-1.440017,,,
4200F128431,waradmjd,Tournament Fields Business Park,52.264526,-1.60233,,,
4200F128432,waradmjg,Tournament Fields Business Park,52.264561,-1.602637,,,
4200F128433,wardptma,Tapping Way,52.267349,-1.600048,,,
4200F128434,wardptmd,Tapping Way,52.267567,-1.600148,,,
4200F128501,waradmjm,Hayle Close,52.5256,-1.437757,,,
4200F128571,waradmjw,Stratford Road,52.271027,-1.597669,,,
4200F128601,waradmpa,Eastboro Way,52.529106,-1.434027,,,
4200F128602,waradmpd,Eastboro Way,52.529331,-1.433744,,,
4200F128611,waradmpg,Ramada Hotel,52.325336,-1.554641,,,
4200F128612,waradmpj,Ramada Hotel,52.325268,-1.554921,,,
4200F128702,waradmpw,Calendar Grove,52.530502,-1.429026,,,
4200F128771,warawmtp,The Virgins,52.303375,-1.777838,,,
4200F128772,warawmtw,The Virgins,52.302879,-1.777576,,,
4200F128801,warawmwa,Calendar Grove,52.530949,-1.426794,,,
4200F128902,warawmwp,The Long Shoot,52.532597,-1.42493,,,
4200F129001,warawpaj,The Long Shoot,52.534554,-1.423032,,,
4200F129101,warawpat,Watling Street,52.536182,-1.421286,,,
4200F129102,warawpaw,Watling Street,52.536118,-1.421066,,,
4200F129151,warawpdj,Avenue Road,52.514114,-1.454069,,,
4200F129172,wardadwg,Garrett Street,52.514168,-1.453818,,,
4200F129201,wardadwm,Manor Court Road,52.527889,-1.476451,,,
4200F129202,wardadwp,Aston Road,52.528042,-1.476361,,,
4200F129250,wardagag,Purcell Avenue,52.501617,-1.440508,,,
4200F129301,wardagap,Stanley Road,52.528721,-1.479404,,,
4200F129302,wardagat,Stanley Road,52.528835,-1.479255,,,
4200F129370,wardagda,Saville Grove,52.349335,-1.557395,,,
4200F129391,wardagdg,Framlingham Grove,52.350227,-1.560645,,,
4200F129392,wardmdta,Framlingham Grove,52.350143,-1.560264,,,
4200F129402,warapamp,The Hedgerows,52.531662,-1.490027,,,
4200F129411,warapamt,Allitt Grove,52.349876,-1.563086,,,
4200F129412,wardpjtw,Allitt Grove,52.349724,-1.562984,,,
4200F129451,warapapa,Hidcote Road,52.350708,-1.55697,,,
4200F129452,warapapd,Hidcote Road,52.350796,-1.556749,,,
4200F129501,warapapg,Queen Elizabeth Road,52.532089,-1.491541,,,
4200F129601,warapapw,Holly Stitches Road,52.533016,-1.493859,,,
4200F129610,warapata,Northgate Methodist Church,52.283722,-1.589814,,,
4200F129611,wardpmga,Northgate Methodist Church,52.283642,-1.590064,,,
4200F129702,warapatd,Holly Stitches Road,52.533352,-1.494209,,,
4200F129801,warapgpj,Walnut Close,52.53429,-1.497014,,,
4200F129802,warapgpm,Walnut Close,52.534397,-1.496866,,,
4200F129850,warapgta,Trinity Street,52.295261,-1.535236,,,
4200F129890,warapgtd,The Gardens,52.339722,-1.571155,,,
4200F129901,warapgtg,Tuttle Hill,52.535336,-1.500098,,,
4200F129910,warapgtm,Arlidge Crescent,52.345173,-1.555704,,,
4200F129911,wardpjwt,Arlidge Crescent,52.345181,-1.555469,,,
4200F130001,warapgwa,Arlon Avenue,52.535721,-1.503809,,,
4200F130002,warapgwd,Camp Hill Drive,52.535805,-1.502481,,,
4200F130070,warapgwp,St Peters Way,52.206192,-1.721282,,,
4200F130072,wardtgjt,Worths Way,52.207584,-1.723162,,,
4200F130101,warapjad,Craddock Drive,52.536331,-1.50998,,,
4200F130102,warapjag,Craddock Drive,52.536434,-1.509256,,,
4200F130201,warawgpm,St Annes RC Church,52.536678,-1.513411,,,
4200F130202,warawgpt,St Annes RC Church,52.536865,-1.51338,,,
4200F130291,warawgtg,Rope Walk,52.520718,-1.468976,,,
4200F130292,warawgtj,Rope Walk,52.520622,-1.469434,,,
4200F130301,warawgtm,Victoria Road,52.537106,-1.517431,,,
4200F130302,warawgtp,Victoria Road,52.537296,-1.517518,,,
4200F130371,warawgtw,Tenlons Road,52.512226,-1.483902,,,
4200F130372,warawgwa,Tenlons Road,52.512192,-1.484167,,,
4200F130401,warawgwd,Supermarket,52.537071,-1.522179,,,
4200F130402,warawtdp,Supermarket,52.537201,-1.522502,,,
4200F130610,warawtja,Bournebrook View,52.510342,-1.585517,,,
4200F130630,warawtjd,Rectory Road,52.507618,-1.586103,,,
4200F130671,warawtjg,Nuthurst Crescent,52.518696,-1.553931,,,
4200F130672,warawtjm,Nuthurst Crescent,52.518665,-1.553695,,,
4200F130732,warawtma,Hickman Road,52.52372,-1.537019,,,
4200F130771,warawtmd,Valley Road,52.523754,-1.53466,,,
4200F130772,waragjgp,Valley Road,52.52359,-1.534529,,,
4200F130802,waragjgw,Recreation Ground,52.539017,-1.520979,,,
4200F130811,waragjma,Arthur Rank Hall,52.524227,-1.531,,,
4200F130812,waragjmd,Arthur Rank Hall,52.524136,-1.530632,,,
4200F130850,waragjmg,Campbell Close,52.524879,-1.528089,,,
4200F130870,waragjmj,Austen Close,52.526119,-1.53067,,,
4200F130890,waragjmp,Sheridan Drive,52.526691,-1.531843,,,
4200F130901,waragjmt,Post Office,52.541275,-1.520674,,,
4200F130902,waragjmw,Hartshill School,52.540718,-1.521358,,,
4200F131001,waragjpd,Michael Drayton Junior School,52.542557,-1.519893,,,
4200F131002,waragjpg,Charity Farm,52.543282,-1.519369,,,
4200F131101,waratpdw,Oldbury View,52.545525,-1.519964,,,
4200F131102,waratpga,Castle View,52.545406,-1.519523,,,
4200F131202,waratpgm,Nuneaton Road,52.547836,-1.520882,,,
4200F131301,waratpjd,Willow Close,52.536266,-1.524857,,,
4200F131302,waratpjg,Willow Close,52.536259,-1.525063,,,
4200F131401,waratpjm,Plough Hill Road,52.535049,-1.526255,,,
4200F131402,waratpjp,Plough Hill Road,52.535255,-1.526415,,,
4200F131501,waratpmj,Plough Inn,52.533058,-1.527884,,,
4200F131502,wardgamd,Plough Inn,52.533249,-1.528162,,,
4200F131601,wardgamt,Golf Course,52.530163,-1.529757,,,
4200F131701,wardgapa,Infant School,52.527584,-1.532527,,,
4200F131702,wardgapd,Infant School,52.527519,-1.532306,,,
4200F131712,wardgawj,Alcester Academy Bus Park,52.221844,-1.856064,,,
4200F132001,warawgdp,Coleshill Road,52.536903,-1.517847,,,
4200F132101,warawgjg,Westminster Driive,52.534893,-1.516276,,,
4200F132111,warawgjp,Lawrence Sheriff Street,52.370129,-1.261904,,,
4200F132112,warawgjt,Lawrence Sheriff Street,52.370129,-1.261743,,,
4200F132150,warawgjw,Dickinson Court,52.366001,-1.260637,,,
4200F132172,warawgmd,St Cross Hospital,52.364841,-1.260289,,,
4200F132201,warawgmg,Queen Elizabeth Road,52.532742,-1.514236,,,
4200F132321,warawgpa,Bridge End,52.278286,-1.578315,,,
4200F132322,waramaga,Bridge End,52.277611,-1.577236,,,
4200F132380,waramagd,Stand H,52.374348,-1.262583,,,
4200F132600,waratawt,Main Street,52.385159,-1.399988,,,
4200F132621,waratdaj,Regent Street,52.487869,-1.46513,,,
4200F132622,waratdam,Regent Street,52.487656,-1.46528,,,
4200F132681,waratdap,Hazel Grove,52.484283,-1.463053,,,
4200F132682,waratdat,Hazel Grove,52.484184,-1.462922,,,
4200F132720,waratdgd,All Saints Square,52.480568,-1.472935,,,
4200F134101,waramapg,York Avenue,52.478607,-1.460325,,,
4200F134102,waramapj,East Avenue,52.478249,-1.459107,,,
4200F134201,waramapm,Columbia Gardens,52.477943,-1.455253,,,
4200F134202,warajtpd,Columbia Gardens,52.47773,-1.4553,,,
4200F134301,warajtpg,Severn Road,52.478207,-1.438008,,,
4200F134302,waramtdm,Severn Road,52.478043,-1.437996,,,
4200F134701,wardapmd,The Paddocks,52.482796,-1.429733,,,
4200F134702,wardapmg,The Paddocks,52.482567,-1.430369,,,
4200F134801,wardapmj,Nuneaton Road,52.48317,-1.42718,,,
4200F134901,wardapmp,Weston Lane,52.484032,-1.426875,,,
4200F134902,wardapmt,Claremont Close,52.485565,-1.427591,,,
4200F135001,wardapmw,The Birches,52.487614,-1.429567,,,
4200F135101,wardapta,Nuneaton Road,52.489838,-1.430275,,,
4200F135201,wardaptd,Nuneaton Road,52.49173,-1.431443,,,
4200F135202,wardaptg,Nuneaton Road,52.491596,-1.431048,,,
4200F135301,wardaptj,Marston Lane,52.495972,-1.433038,,,
4200F135302,waramjmw,Marston Lane,52.496223,-1.432932,,,
4200F135402,waramjpa,Weston Lane,52.482876,-1.42555,,,
4200F135501,waramjpd,Weston Lane,52.482407,-1.425453,,,
4200F135502,waramjpg,Cleveland Road,52.481052,-1.423865,,,
4200F135601,waramjpj,Arundel Road,52.479633,-1.422897,,,
4200F135602,waramjpm,Arundel Road,52.479733,-1.422587,,,
4200F135701,waramjpt,Arden Road,52.477394,-1.420865,,,
4200F135702,waramjpw,Arden Road,52.477276,-1.420028,,,
4200F135801,waramjta,Winterton Road,52.476032,-1.419926,,,
4200F135802,waramjtd,Winterton Road,52.476257,-1.419526,,,
4200F136001,waramjtm,Benn Road,52.477196,-1.430085,,,
4200F136100,waramgta,The Griff,52.493305,-1.474034,,,
4200F136101,waramgtd,Cleveland Road,52.480049,-1.432433,,,
4200F136102,waramgtg,Cleveland Road,52.480228,-1.432181,,,
4200F136103,waramgtj,The Griff,52.493214,-1.473814,,,
4200F136201,waramgtm,Hill Street,52.491425,-1.473674,,,
4200F136202,waramgtp,Hill Street,52.490829,-1.473386,,,
4200F136301,waramgtw,Joseph Luckman Road,52.489334,-1.473301,,,
4200F136302,waramgwa,Post Office,52.488312,-1.473475,,,
4200F136401,waramgwd,Coles Furniture Centre,52.484943,-1.473943,,,
4200F136402,waramgwg,Coles Furniture Centre,52.484806,-1.473782,,,
4200F136501,waramgwj,Palace Bingo,52.482475,-1.473236,,,
4200F136502,waramgwm,Palace Bingo,52.48262,-1.473543,,,
4200F136601,waramgwp,Saunders Avenue,52.477352,-1.475373,,,
4200F136602,waramgwt,Saunders Avenue,52.477531,-1.475224,,,
4200F136701,waramjad,Mill Street,52.479656,-1.476376,,,
4200F136702,waramjag,Mill Street,52.479702,-1.476111,,,
4200F136801,waramjaj,Orchard Street,52.486732,-1.472404,,,
4200F136802,waramjam,Orchard Street,52.486614,-1.472214,,,
4200F136901,waramjap,Cemetery,52.487297,-1.467552,,,
4200F136902,waramjat,Cemetery,52.487133,-1.467643,,,
4200F137001,waramdjm,Leisure Centre,52.475178,-1.475443,,,
4200F137002,waramdjp,Leisure Centre,52.475407,-1.474778,,,
4200F137101,waramdjt,Black Bank,52.47319,-1.477469,,,
4200F137102,waramdjw,Black Bank,52.473217,-1.477675,,,
4200F137200,waramdma,Black Horse,52.461277,-1.483703,,,
4200F137201,waramdmd,Field View Close,52.46933,-1.480636,,,
4200F137202,waramdmg,Hayes Lane,52.467876,-1.481345,,,
4200F137203,waramdmj,Field View Close,52.469501,-1.480781,,,
4200F137301,waramdmp,Trelawney Road,52.465237,-1.482435,,,
4200F137401,waramdmw,Blackhorse Road,52.462265,-1.48328,,,
4200F137501,waramdpa,Black Horse,52.461269,-1.483438,,,
4200F137802,waradjpt,Glenwood Gardens,52.488831,-1.478683,,,
4200F137901,waradjpw,Glenwood Gardens,52.488945,-1.478843,,,
4200F138001,waradjta,Stubbs Close,52.487789,-1.481213,,,
4200F138101,waradjtg,Bonington Drive,52.486103,-1.482558,,,
4200F138102,waradjtj,Bonington Drive,52.486141,-1.482779,,,
4200F138201,waradjtm,Dempster Road,52.484676,-1.482781,,,
4200F138202,waradjtp,Dempster Road,52.484657,-1.483017,,,
4200F138301,waradjtw,Maragaret Avenue,52.481594,-1.481478,,,
4200F138302,waradjwa,Margaret Road,52.481567,-1.481714,,,
4200F138401,waradjwd,Newtown Road,52.480122,-1.481333,,,
4200F139101,waramjdp,Gallagher Road,52.479374,-1.485008,,,
4200F139202,waramjdt,Croft Pool,52.479164,-1.48666,,,
4200F139301,waramjdw,Croft Road,52.47826,-1.491544,,,
4200F139401,waramjgd,Bellairs Avenue,52.474094,-1.497157,,,
4200F139402,waramjgj,Bellairs Avenue,52.473923,-1.497144,,,
4200F139501,waramjgm,Smorrall Lane,52.474697,-1.501419,,,
4200F139502,waramjgp,Smorrall Lane,52.474525,-1.501377,,,
4200F139601,waramjgt,Lindley Road,52.475365,-1.506491,,,
4200F139602,waramjgw,Lindley Road,52.475536,-1.506489,,,
4200F139701,waramjma,Anderton Road,52.475227,-1.510011,,,
4200F139702,waramjmd,Anderton Road,52.47509,-1.509821,,,
4200F139801,waramjmg,Anderton Road,52.475021,-1.508733,,,
4200F139802,wardjwtm,Anderton Road,52.474915,-1.508793,,,
4200F139901,waramjmj,Keenan Drive,52.472221,-1.504951,,,
4200F140001,waramjmp,Robinson Road,52.470379,-1.502925,,,
4200F140002,waramjmt,Robinson Road,52.470474,-1.502748,,,
4200F140101,waramdpj,Melrose Avenue,52.46965,-1.503007,,,
4200F140201,waramdpm,Goodyers End Lane,52.468849,-1.502898,,,
4200F140202,waramdpt,Goodyers End Lane,52.468811,-1.502663,,,
4200F140301,waramdpw,Potters Road,52.472008,-1.501288,,,
4200F140302,waramdta,Dark Lane,52.47348,-1.503376,,,
4200F140401,waramdtd,Goodyers End Lane,52.470097,-1.500132,,,
4200F140402,wardjmgw,Robinson Road,52.470905,-1.500388,,,
4200F140502,waramdtj,Dark Lane,52.468998,-1.499776,,,
4200F140601,waramdtm,Hospital Lane,52.467224,-1.50985,,,
4200F140602,waramdtp,Hospital Lane,52.46719,-1.510233,,,
4200F140901,waramdtw,Heath Road Fish Saloon,52.473949,-1.492948,,,
4200F140902,waramdwa,Smorrall Lane,52.474236,-1.492356,,,
4200F141001,waramdwd,The Tea Gardens,52.470562,-1.495107,,,
4200F141101,waramdwj,Goodyers End Lane,52.468433,-1.50676,,,
4200F141102,wardmadw,Goodyears End Lane,52.468552,-1.507156,,,
4200F142003,waraptac,Peartree Road,52.276379,-1.560056,,,
4200F142006,waraptaf,Pinewood Avenue,52.2784,-1.555551,,,
4200F142008,waraptai,Valentine Green,52.269859,-1.562832,,,
4200F143801,waradwpa,Coriolanus Square,52.268059,-1.538627,,,
4200F143802,waradwpd,Coriolanus Square,52.267818,-1.538483,,,
4200F143803,wardpjgp,Banquo Approach,52.265781,-1.539662,,,
4200F144201,waradwta,Windmill Inn,52.275551,-1.534827,,,
4200F144302,waradwtd,Charlotte Street,52.280327,-1.534484,,,
4200F144901,waraptgj,Morrisons,52.28326,-1.544963,,,
4200F144902,waraptgm,Morrisons,52.283035,-1.545097,,,
4200F145002,waraptgt,Myton Crofts,52.283035,-1.551606,,,
4200F145101,waraptgw,Saumur Way,52.282322,-1.555776,,,
4200F145102,waraptja,Brittain Lane,52.281433,-1.558555,,,
4200F145201,waraptjd,Brittain Lane,52.281601,-1.559623,,,
4200F145301,waraptjg,Myton Crescent,52.281487,-1.562776,,,
4200F145302,waraptjm,Myton School,52.281078,-1.564686,,,
4200F145401,waraptjp,Myton School,52.280838,-1.567693,,,
4200F145402,waraptjt,Warwick School,52.280052,-1.571848,,,
4200F145501,waragamg,Banbury Road,52.278961,-1.577971,,,
4200F145502,waragamj,Warwick School,52.279503,-1.575928,,,
4200F146001,waragapd,Newburgh Road,52.287621,-1.591523,,,
4200F146002,waragapg,Newburgh Road,52.287407,-1.591642,,,
4200F147150,,Woodlands Road,52.392838,-1.417696,,,
4200F147191,wardgwpg,Ryon Hill,52.214245,-1.676736,,,
4200F147192,wardgwpj,Ryon Hill,52.214161,-1.676517,,,
4200F147411,wardgwtw,Church Road,52.234581,-1.686649,,,
4200F147412,wardjada,Church Road,52.234669,-1.686443,,,
4200F147601,wardgpja,Wild Boar,52.28751,-1.580749,,,
4200F147670,wardjagw,Bermuda Park,52.497253,-1.478495,,,
4200F147691,wardjagp,Green,52.51326,-1.455568,,,
4200F147692,wardjagt,Green,52.512959,-1.454643,,,
4200F147801,wardgpjd,Scar Bank,52.290955,-1.586199,,,
4200F147802,wardgpjg,Scar Bank,52.290798,-1.587652,,,
4200F147901,wardgpjm,Lyttleton Road,52.290913,-1.589821,,,
4200F148001,wardgpjp,Lock Lane,52.290123,-1.592277,,,
4200F148021,wardjapa,Wharf,52.424309,-1.351943,,,
4200F148022,wardjapd,Wharf,52.424393,-1.352162,,,
4200F148101,wardgpjt,Westgate Primary School,52.279636,-1.591816,,,
4200F148201,wardgpag,St Pauls Church,52.279457,-1.594236,,,
4200F148301,wardgpaj,Lock Lane,52.290615,-1.591759,,,
4200F148350,wardjawd,Alcester Grammar School,52.21801,-1.875384,,,
4200F148370,wardjawg,St Benedicts RC School,52.217899,-1.865138,,,
4200F148401,wardgpam,Westgate Primary School,52.279747,-1.591888,,,
4200F148501,wardgpap,St Laurence Avenue,52.27795,-1.597577,,,
4200F148502,wardgpat,St Laurence Avenue,52.277851,-1.597432,,,
4200F148510,wardjdaj,Co-op,52.36412,-1.436283,,,
4200F148601,wardgpaw,St Pauls Church,52.279583,-1.59403,,,
4200F148801,wardgpdg,Hilton National,52.260735,-1.608869,,,
4200F148901,wardgpdj,Shakespeare Avenue,52.272232,-1.597146,,,
4200F148902,wardgpdm,Shakespeare Avenue,52.271908,-1.597031,,,
4200F149001,waradtmj,Racehorse,52.27494,-1.595362,,,
4200F149002,wardpdwp,Temple Grove,52.274311,-1.595676,,,
4200F149011,wardjdmd,Crossroads,52.490395,-1.570594,,,
4200F149012,wardjdmg,Crossroads,52.490444,-1.570373,,,
4200F149071,wardjdmj,Mill Lane,52.49247,-1.35969,,,
4200F149072,wardjdmt,Mill Lane,52.492451,-1.359455,,,
4200F149101,waradtmp,St Laurence Avenue,52.27623,-1.594237,,,
4200F149102,waradtmt,St Laurence Avenue,52.275997,-1.594136,,,
4200F149201,waradtmw,Crompton Street,52.278435,-1.592194,,,
4200F149202,waradtpa,Crompton Street,52.278118,-1.592153,,,
4200F149501,waradtpj,Blackdown Crossroads,52.313107,-1.539685,,,
4200F149502,waradtpm,Blackdown Crossorads,52.311642,-1.539509,,,
4200F149601,waradtpt,Oak Bank House,52.308556,-1.538735,,,
4200F149621,wardjdwt,The Willows,52.189655,-1.718385,,,
4200F149701,waradtpw,Northumberland Road,52.30291,-1.536945,,,
4200F149702,waradtwa,Northumberland Road,52.303135,-1.537266,,,
4200F149801,waradtwd,Woodcote Road,52.300388,-1.536209,,,
4200F149802,waraptjw,Woodcote Road,52.301147,-1.536685,,,
4200F149901,waraptma,Lillington Avenue,52.298824,-1.536049,,,
4200F149902,waraptmd,Lillington Avenue,52.297302,-1.53545,,,
4200F149903,waraptmg,Arnold Lodge School,52.296757,-1.535661,,,
4200F149961,wardjgjm,Jaguar Land Rover,52.193985,-1.47735,,,
4200F149962,wardjgjp,Jaguar Land Rover,52.193878,-1.477571,,,
4200F150001,waraptmj,Beauchamp Avenue,52.294399,-1.535392,,,
4200F150002,waraptmp,Clarendon Avenue,52.294235,-1.535115,,,
4200F150011,wardjgjt,Moreton Morrell Road,52.231361,-1.548202,,,
4200F150012,wardjgjw,Moreton Morrell Road,52.231441,-1.547982,,,
4200F150102,waraptmw,Ilex Court,52.28548,-1.573819,,,
4200F150341,wardjgta,Back Lane,52.378181,-1.307766,,,
4200F150342,wardjgtd,Back Lane,52.378189,-1.307546,,,
4200F150381,wardjgtg,Coleshill Parkway,52.516182,-1.708128,,,
4200F150382,wardjmtp,Coleshill Parkway,52.516228,-1.708348,,,
4200F150384,wardjmwa,Coleshill Parkway,52.515972,-1.707716,,,
4200F150721,wardjmaj,Whitburn Road,52.47533,-1.509186,,,
4200F150722,wardjmat,Newcomen Road,52.47533,-1.50895,,,
4200F150871,wardjmdt,Deans Way,52.462925,-1.505188,,,
4200F151420,wardjmpt,Bede Village,52.468056,-1.51065,,,
4200F151421,wardmadp,Bede Village,52.468075,-1.510871,,,
4200F151480,wardjmtd,Ashlawn School,52.357262,-1.232001,,,
4200F151991,wardjpag,School Street,52.380337,-1.305705,,,
4200F151992,wardjpdw,School Street,52.380184,-1.305575,,,
4200F152061,wardjpaj,Vernon Avenue,52.357189,-1.233632,,,
4200F152321,wardjpga,Bus Station,52.280651,-1.591499,0.0,420G001001,
4200F152322,wardjpgd,Bus Station,52.280796,-1.591073,0.0,420G001001,B
4200F152324,wardjpgm,Bus Station,52.280937,-1.591027,0.0,420G001001,D
4200F152325,wardjpgw,Bus Station,52.280964,-1.590968,0.0,420G001001,E
4200F152570,wardjpma,Longrood Road,52.355618,-1.285082,,,
4200F153130,wardjtda,Stanley Road,52.362465,-1.235847,,,
4200F153230,wardjtdw,Thickthorn Close,52.337059,-1.565971,,,
4200F153290,wardjtgj,Library,52.374779,-1.39697,,,
4200F153310,wardjtgm,Bus Shelter,52.373348,-1.402028,,,
4200F153331,wardjtgp,Livingstone Avenue,52.37738,-1.31649,,,
4200F153332,wardjtgt,Livingstone Avenue,52.377235,-1.316536,,,
4200F153370,wardjtgw,Hallams Close,52.382858,-1.399887,,,
4200F153901,wardjtwj,Frankton Road,52.332668,-1.364434,,,
4200F153902,warapwdg,Greville Road,52.288452,-1.562209,,,
4200F153903,wardjtwm,Frankton Road,52.332684,-1.364184,,,
4200F154001,warapwdj,All Saints Road,52.287037,-1.566988,,,
4200F154002,wardmdpw,All Saints Road,52.287148,-1.56725,,,
4200F154171,wardjwap,Hams Hall,52.522324,-1.709634,,,
4200F154172,wardjwat,Hams Hall,52.522442,-1.709545,,,
4200F154173,wardpjpg,Plastic Omnium,52.524197,-1.713749,,,
4200F154174,wardpjpj,Plastic Omnium,52.524178,-1.714073,,,
4200F154177,wardpjtg,ABP,52.518925,-1.705368,,,
4200F154178,wardpjtd,ABP,52.518745,-1.705502,,,
4200F154201,warapwdp,Ilex Court,52.285686,-1.573685,,,
4200F154230,wardjwda,Home Farm,52.430157,-1.334443,,,
4200F154301,warapwdt,Broad Street,52.285095,-1.576564,,,
4200F154302,warapwdw,Broad Street,52.284935,-1.57658,,,
4200F154401,warapwga,Guy Street,52.28426,-1.578888,,,
4200F154731,wardjwmj,Featherstone Close,52.511528,-1.470221,,,
4200F154732,wardjwmp,Featherstone Close,52.511623,-1.470028,,,
4200F154771,wardjwmt,Coventry Road,52.509792,-1.468636,,,
4200F154850,wardjwpg,Highfield Road,52.512039,-1.452105,,,
4200F154890,wardjwpm,Watersbridge Gardens,52.51059,-1.467816,,,
4200F154891,wardmadt,Watersbridge Gardens,52.510429,-1.467685,,,
4200F154950,wardjwta,York Street,52.522575,-1.48039,,,
4200F155010,wardjwtj,York Street,52.522804,-1.481243,,,
4200F155131,wardmadg,Hospital Lane,52.476131,-1.516243,,,
4200F155132,wardmadj,Hospital Lane,52.476303,-1.516241,,,
4200F155251,wardmaga,Wootton Street,52.478622,-1.462357,,,
4200F155252,wardmagd,Wootton Street,52.478767,-1.462325,,,
4200F155290,wardmagj,The Croft,52.477531,-1.430508,,,
4200F155330,wardmagp,Lutterworth Road,52.504642,-1.435888,,,
4200F155351,wardmagt,Fifeild Close,52.514374,-1.457838,,,
4200F155370,wardmagw,Avenue Road,52.513798,-1.457816,,,
4200F155390,wardmaja,Simon Close,52.514954,-1.458185,,,
4200F155430,wardmajg,Mercers Meadow,52.458996,-1.524407,,,
4200F155500,wardgmpj,Harwoods House,52.219738,-1.516307,,,
4200F155570,wardmamg,Bennetts Road,52.460438,-1.535121,,,
4200F155590,wardmamj,Bennetts Road,52.462246,-1.535425,,,
4200F155610,wardmamp,Golden Eagle,52.462906,-1.531621,,,
4200F155630,wardmamt,Parkfield Road,52.461327,-1.527664,,,
4200F155650,wardmamw,Parkfield Road,52.459152,-1.525995,,,
4200F155670,wardmapa,Mercers Meadow,52.459114,-1.522979,,,
4200F155711,wardmapg,The Grove,52.465218,-1.490575,,,
4200F155730,wardmapj,Startin Close,52.464745,-1.48933,,,
4200F155910,wardmatj,Arrow Road,52.53091,-1.48868,,,
4200F155950,wardmatp,York Avenue,52.582794,-1.540101,,,
4200F155970,wardmatw,Lister Road,52.583977,-1.545549,,,
4200F155990,wardmawa,Friary Road,52.581402,-1.546668,,,
4200F156010,wardmawd,Green,52.568653,-1.52877,,,
4200F156310,wardmdad,Blind Lane,52.333378,-1.864347,,,
4200F156350,wardmdaj,Summer Palace,52.292046,-1.883694,,,
4200F156471,wardmdga,ASDA,52.372532,-1.265169,,,
4200F156472,wardmdgd,ASDA,52.372524,-1.265537,,,
4200F157501,wardgwja,Toms Town Lane,52.268318,-1.892945,,,
4200F157502,wardgwjd,Toms Town Lane,52.268345,-1.892754,,,
4200F157602,wardgwjg,Royal Oak,52.264576,-1.891679,,,
4200F157620,wardmgaw,Campriano Drive,52.286171,-1.570338,,,
4200F157680,wardmgdg,Highland Roiad,52.355003,-1.561728,,,
4200F157701,wardgwjm,Spernal Ash Garage,52.260136,-1.890195,,,
4200F157702,wardgwjp,Spernal Ash Garage,52.260109,-1.889976,,,
4200F157740,wardmgdp,Crackley,52.360889,-1.562684,,,
4200F157801,wardgwjt,Throckmorton Arms,52.246086,-1.88525,,,
4200F157802,wardgwjw,Throckmorton Arms,52.245827,-1.885397,,,
4200F158210,wardmgpt,High Street,52.522438,-1.473833,,,
4200F158230,wardmgpw,Avondale Road,52.382385,-1.40076,,,
4200F158310,wardmgtj,Blake Close,52.526207,-1.527073,,,
4200F158331,wardmgtm,Depot,52.479362,-1.713171,,,
4200F158332,wardmgtp,Depot,52.479469,-1.713377,,,
4200F158450,wardmgwj,Bedworth Road,52.477493,-1.433954,,,
4200F158451,wardmgwm,Weston Lane,52.477764,-1.432183,,,
4200F158490,wardmgwp,Cleveland Road,52.481216,-1.424349,,,
4200F158510,wardmgwt,The Glebe,52.46339,-1.559243,,,
4200F158752,wardmjdp,Hood Lane,52.520851,-1.575087,,,
4200F158870,wardmjgj,Kings High School,52.282585,-1.585823,,,
4200F158941,wardmjgt,Glebe Fields,52.532608,-1.743753,,,
4200F158942,wardmjgw,Glebe Fields,52.532722,-1.743914,,,
4200F159290,wardmjmg,Little Chapel,52.478935,-1.465165,,,
4200F159311,wardmjmj,British Queen,52.479111,-1.468638,,,
4200F159312,wardmjmp,Queen Street,52.478893,-1.468243,,,
4200F159410,wardmjpd,Canton Lane,52.525501,-1.707638,,,
4200F159411,wardpjpd,Canton Lane,52.525661,-1.707269,,,
4200F159430,wardmjpg,Hazel Way,52.509533,-1.482872,,,
4200F159500,waragmpg,Coventry Road,52.317032,-1.400659,,,
4200F159501,wardjatp,Coventry Road,52.31715,-1.400628,,,
4200F160001,waragmpw,Malthouse Lane,52.362053,-1.838899,,,
4200F160301,waragmtd,Common Lane,52.304802,-1.875037,,,
4200F160660,wardmpmt,Police Station,52.580395,-1.546826,,,
4200F161101,waragmtm,Dun Cow,52.22303,-1.735728,,,
4200F161102,waragmtp,our Ashes Garage,52.223354,-1.736531,,,
4200F161103,wardtgma,Holly Tree Cottage,52.231159,-1.740907,,,
4200F161104,wardtgjw,Holly Tree Cottage,52.231007,-1.740922,,,
4200F161250,wardmtdt,Narrow Boat Close,52.458618,-1.475802,,,
4200F161511,wardmtjp,Kenilworth Castle,52.346458,-1.588178,,,
4200F162321,wardmwdm,Harpers Yard,52.409286,-1.301341,,,
4200F162322,wardmwdp,Harpers Yard,52.409111,-1.302049,,,
4200F162440,wardmwga,Warwick Road,52.375999,-1.395059,,,
4200F162521,wardmwgj,Monwode Lea,52.520111,-1.606279,,,
4200F162522,wardmwgm,Monwode Lea,52.520157,-1.605969,,,
4200F162561,wardmwgp,Sandy Lane,52.516834,-1.627013,,,
4200F162562,wardmwgt,Sandy Lane,52.516865,-1.627263,,,
4200F162661,wardmwjg,Lymington Drive,52.457897,-1.473014,,,
4200F162681,wardmwjm,Ironbridge Way,52.457596,-1.472429,,,
4200F163550,wardpagt,Stonemarket,52.364529,-1.446293,,,
4200F163571,wardpamd,Avon View Park Homes,52.367302,-1.449049,,,
4200F163572,wardpagw,Avon View Park Homes,52.366993,-1.44895,,,
4200F163611,wardpaja,Hillcrest,52.369751,-1.45203,,,
4200F164401,warajpda,Stratford Manor Hotel,52.227074,-1.664551,,,
4200F164402,wardjapg,Stratford Manor Hotel,52.227013,-1.664288,,,
4200F164501,warajpdg,Blackhill Crossroads,52.230774,-1.658915,,,
4200F164502,warajpdj,Blackhill Crossroads,52.23069,-1.658667,,,
4200F164631,wardpdap,Princess Road,52.579506,-1.540814,,,
4200F164801,waramtma,Harwoods House,52.220909,-1.516778,,,
4200F165701,waramtpj,Hill Crescent,52.352783,-1.401527,,,
4200F165702,wardpawa,Hill Crescent,52.35273,-1.401293,,,
4200F165801,wardagdj,Sky Blue Connexion,52.359367,-1.43837,,,
4200F165802,wardpagp,Sky Blue Connexion,52.359291,-1.438136,,,
4200F166061,wardpgdw,Manor Farm,52.577175,-1.689381,,,
4200F166062,wardpgja,Manor Farm,52.577183,-1.689145,,,
4200F166101,wardagdp,Chesford Crossroads,52.327148,-1.55835,,,
4200F166102,wardagdt,Chesford Crossroads,52.328766,-1.560388,,,
4200F166201,wardagdw,Leamington Rugby Club,52.319481,-1.544181,,,
4200F166202,wardagja,Leamington Rugby Club,52.319653,-1.54481,,,
4200F166821,wardpgwp,Eastlang Road,52.480091,-1.586199,,,
4200F167402,waradpap,Village Hall,52.394352,-1.420879,,,
4200F167501,waradpat,Woodlands Road,52.39381,-1.416213,,,
4200F167502,waradpaw,Woodlands Road,52.393776,-1.416845,,,
4200F167601,waradpda,Ferndale Road,52.393089,-1.412431,,,
4200F167602,waradpdg,Ferndale Road,52.393047,-1.413255,,,
4200F167701,waradpdj,Binley Woods Primary School,52.391979,-1.407934,,,
4200F167702,waradpdm,Binley Woods Primary School,52.391815,-1.407937,,,
4200F167801,waradpdp,Coventry Stadium,52.389896,-1.403348,,,
4200F167802,waradpdt,Coventry Stadium,52.389755,-1.403468,,,
4200F168001,waradpdw,St Margarets Avenue,52.37888,-1.397326,,,
4200F168002,waradpga,St Margarets Avenue,52.378826,-1.397576,,,
4200F168101,waradpgd,School Street,52.376083,-1.39397,,,
4200F168190,wardpmam,Kenilworth Railway Station,52.343052,-1.572987,,,
4200F168301,waradpgj,Church,52.432224,-1.307686,,,
4200F168302,wardmwdj,St Denis View,52.432274,-1.307361,,,
4200F168401,waradpgm,Cemetery,52.416759,-1.355714,,,
4200F168402,waradpgp,Cemetery,52.416824,-1.355934,,,
4200F168702,waradpgt,Great Balance,52.411743,-1.368446,,,
4200F168901,warampga,Rose and Castle,52.447048,-1.414407,,,
4200F168902,warampgd,Rose and Castle,52.447174,-1.414405,,,
4200F169081,wardpmtg,Bearley Green,52.243137,-1.734524,,,
4200F169082,wardpmtj,Bearley Green,52.243275,-1.734568,,,
4200F169101,warampgj,Post Office,52.480949,-1.587531,,,
4200F169102,wardmjaj,Post Office,52.480869,-1.587797,,,
4200F169202,warampgm,Village Hall,52.479153,-1.582659,,,
4200F169203,wardmjag,Village Hall,52.479038,-1.582852,,,
4200F169301,warampgp,Hobgoblin Lane,52.476978,-1.580088,,,
4200F169401,warampgt,Wood End Lane,52.475021,-1.575587,,,
4200F169601,warampgw,Kingswood Avenue,52.467285,-1.562075,,,
4200F169602,wardmjad,Kingswood Avenue,52.467178,-1.562238,,,
4200F169701,warampja,Bull & Butcher,52.462425,-1.588749,,,
4200F169743,wardptgt,Harbury Lane,52.267372,-1.553288,,,
4200F169744,wardptgw,Turning Circle,52.26091,-1.542496,,,
4200F169745,wardptja,Harbury Lane,52.262363,-1.541514,,,
4200F169746,wardptgq,Randal Close,52.267689,-1.556874,,,
4200F169751,wardptgr,Randal Close,52.267521,-1.557521,,,
4200F169901,warampjd,Stratford Road,52.347218,-1.776415,,,
4200F169902,warampjg,Stratford Road,52.346832,-1.776535,,,
4200F170001,warampjm,Bushwood Lane,52.323029,-1.769127,,,
4200F170002,warampjp,Mows Hill Lane,52.322948,-1.769392,,,
4200F170100,warampjt,Bird in Hand,52.309456,-1.77615,,,
4200F170102,wardjmpd,Bird in the Hand,52.309158,-1.775814,,,
4200F170104,wardtgpj,Black Swan,52.296246,-1.778401,,,
4200F170200,warampma,Warwick Road,52.288418,-1.780449,,,
4200F171701,waradgag,Church Lane,52.563061,-1.682266,,,
4200F171702,waradgaj,Church Lane,52.563007,-1.682016,,,
4200F171901,waradgam,Barlow Court,52.567863,-1.682379,,,
4200F171902,waradgap,Barlow Court,52.567898,-1.682099,,,
4200F172001,waradgat,Ralph Crescent,52.569592,-1.683724,,,
4200F172002,waradgaw,Ralph Crescent,52.569168,-1.683875,,,
4200F172201,wardawdt,Turn,52.516739,-1.555248,,,
4200F172301,wardawdw,Hill Top,52.509605,-1.56083,,,
4200F172302,wardawga,Hill Top,52.509697,-1.561021,,,
4200F172401,wardawgd,George Street,52.50642,-1.565547,,,
4200F172402,wardawgj,George Street,52.506519,-1.565708,,,
4200F172501,wardawgm,Ransome Road,52.503742,-1.570494,,,
4200F172502,wardawgp,Ransome Road,52.503853,-1.57064,,,
4200F172601,wardawgt,Arley Social Club,52.501938,-1.573694,,,
4200F172602,wardawgw,Arley Social Club,52.502163,-1.573529,,,
4200F172701,wardawja,Lamp Lane,52.50124,-1.577383,,,
4200F172801,wardawjd,Stonehouse Lane,52.503029,-1.582272,,,
4200F172802,wardawjg,Stonehouse Lane,52.502895,-1.582523,,,
4200F172901,wardawjm,Colliers Way,52.504742,-1.583066,,,
4200F172902,wardawjp,Colliers Way,52.505093,-1.583549,,,
4200F173001,wardawjt,Station Road,52.507927,-1.586645,,,
4200F173002,wardawjw,Bournebrook View,52.508957,-1.586017,,,
4200F173101,wardawma,Bournebrook View,52.510647,-1.585603,,,
4200F173102,wardawmd,Meadow Croft,52.511887,-1.584869,,,
4200F173301,wardadaj,Lord Nelson,52.518932,-1.557023,,,
4200F173401,wardadam,Croft Mead,52.51923,-1.557713,,,
4200F173402,wardadap,Social Club,52.520218,-1.559589,,,
4200F173601,wardadat,Village Farm,52.523762,-1.56458,,,
4200F173602,wardadaw,Village Farm,52.523724,-1.5643,,,
4200F173701,wardadga,Ansley Lane,52.526081,-1.565205,,,
4200F173702,wardadgd,Ansley Lane,52.526073,-1.5655,,,
4200F173802,wardadgm,Post Office,52.514606,-1.581042,,,
4200F173901,wardadgp,Wagon Load of Lime,52.513992,-1.583641,,,
4200F174601,warapjgm,Village Hall,52.458183,-1.429771,,,
4200F174901,warapjgw,Simmonds Close,52.582214,-1.736588,,,
4200F175101,warapjma,Middleton Hall,52.58382,-1.722793,,,
4200F175201,warapjmg,The Belfry,52.55637,-1.72826,,,
4200F175202,warapjmj,The Belfry,52.556469,-1.72885,,,
4200F175301,warapjmp,Haunch Lane,52.547901,-1.702829,,,
4200F175302,warapjmt,Haunch Lane,52.54776,-1.70286,,,
4200F175401,warapjmw,Coton Road,52.54948,-1.694516,,,
4200F175402,warapjpa,Coton Road,52.5495,-1.694,,,
4200F175501,warapjpd,Stores,52.520973,-1.680565,,,
4200F175502,wardjpmd,Stores,52.520954,-1.680329,,,
4200F176901,waragwdw,Woolpack Way,52.575787,-1.545412,,,
4200F177001,waragwga,Witherley Road,52.571922,-1.529871,,,
4200F177002,waragwgd,Witherley Road,52.572021,-1.529649,,,
4200F177101,waragwgj,Queen Elizabeth School,52.573475,-1.533765,,,
4200F177102,waragwgm,Queen Elizabeth School,52.573219,-1.532454,,,
4200F177201,waragwgp,Convent Lane,52.574551,-1.537265,,,
4200F177202,waragwgt,Convent Lane,52.574593,-1.536837,,,
4200F177301,waragwgw,New Dolphin Inn,52.575897,-1.542106,,,
4200F177302,waragwja,New Dolphin Inn,52.576061,-1.542089,,,
4200F177401,waragwjd,Long Street,52.577259,-1.544704,,,
4200F177402,waragwjg,Long Street,52.577312,-1.54491,,,
4200F177502,waratmgp,Atherstone College,52.57885,-1.542311,,,
4200F177601,waratmgt,Racemeadow Primary School,52.580051,-1.537458,,,
4200F177701,waratmgw,ADJ Electrocars,52.575302,-1.529894,,,
4200F177801,waratmja,Industrial Estate,52.573311,-1.5263,,,
4200F178101,waratmjm,Mill Lane,52.565094,-1.526093,,,
4200F178102,waratmjp,Quarry Lane,52.565048,-1.526286,,,
4200F178201,waratmjt,Dobbies,52.559689,-1.51705,,,
4200F178202,waratmjw,Dobbies,52.559662,-1.517242,,,
4200F178301,waratmpa,Nuneaton Road,52.555641,-1.514307,,,
4200F178302,waratmpd,Nuneaton Road,52.555653,-1.514572,,,
4200F178401,waratmpg,Hartshill Wharf,52.553665,-1.517175,,,
4200F178402,waradapj,Hartshill Wharf,52.553749,-1.517381,,,
4200F180101,warawagp,Dorlecote,52.507481,-1.467898,,,
4200F180102,warawagt,Dorlecote Road,52.507336,-1.467899,,,
4200F180201,warawagw,Morris Drive,52.50869,-1.460634,,,
4200F180202,warawaja,Morris Drive,52.508533,-1.460562,,,
4200F180301,warawajd,George Eliot School,52.509129,-1.458389,,,
4200F180302,wardjwpt,George Eliot School,52.508957,-1.458303,,,
4200F180401,warawajg,Marston Lane,52.509609,-1.455274,,,
4200F180402,warawajm,Marston Lane,52.509838,-1.454962,,,
4200F180501,warawajp,Roxburgh Road,52.510002,-1.452971,,,
4200F180502,warawajt,Roxburgh Road,52.509945,-1.452647,,,
4200F180601,warawajw,Lutterworth Road,52.510792,-1.450854,,,
4200F180602,warawama,Lutterworth Road,52.510952,-1.450896,,,
4200F180701,warawamd,Leyland Road,52.511143,-1.449243,,,
4200F180801,warawamg,Quarry Lane,52.509373,-1.445258,,,
4200F180802,warawamj,Quarry Lane,52.509178,-1.444464,,,
4200F180901,warawamp,Crowhill Road,52.507763,-1.441344,,,
4200F181001,warawamt,Arden Road,52.506912,-1.440014,,,
4200F181002,waratdjp,Arden Road,52.506725,-1.438852,,,
4200F181101,waratdjt,Whitestone Road,52.501457,-1.436666,,,
4200F181201,waratdjw,Purcell Avenue,52.499367,-1.435632,,,
4200F181202,waratdma,Purcell Avenue,52.499294,-1.435898,,,
4200F181301,waratdmd,Hoarestone Avenue,52.499279,-1.432569,,,
4200F181501,waratdmg,Copsewood Avenue,52.501205,-1.427506,,,
4200F181601,waratdmj,Lutterworth Road,52.5023,-1.426843,,,
4200F182001,waratdpa,Abbotsford Road,52.506035,-1.452902,,,
4200F182301,waratwag,Roxburgh Road,52.506771,-1.450182,,,
4200F182302,waratwaj,Roxburgh Road,52.50687,-1.450313,,,
4200F182601,waratwda,Newtown Road,52.525799,-1.471273,,,
4200F182901,waratwdp,North Street,52.518623,-1.487467,,,
4200F182902,waratwdt,North Street,52.518669,-1.487761,,,
4200F183001,warawpgt,Marsdale Drive,52.517021,-1.490757,,,
4200F183101,warawpgw,Westbury Road,52.515381,-1.500502,,,
4200F183102,warawpja,Westbury Road,52.515533,-1.500323,,,
4200F183301,warawpjg,Arbury Hall,52.515717,-1.510254,,,
4200F183401,warawpjm,Wiclif Way,52.516254,-1.516569,,,
4200F183402,warawpjp,Wiclif Way,52.516388,-1.516259,,,
4200F183501,warawpjt,Wiclif Way,52.516487,-1.520251,,,
4200F183502,warawpjw,Wiclif Way,52.516602,-1.519985,,,
4200F183602,warawpmd,Park Lane,52.517006,-1.526391,,,
4200F184102,warawptd,Lamb & Flag,52.522728,-1.508039,,,
4200F184201,warawptg,Short Street,52.5214,-1.50851,,,
4200F184301,warawptm,Parish Hall,52.51833,-1.509399,,,
4200F184602,warawpwj,Arbury Road,52.516354,-1.509495,,,
4200F185502,warawtaw,Spinney Lane,52.524319,-1.509966,,,
4200F185702,warawtdj,Frensham Drive,52.527828,-1.515116,,,
4200F187401,wardgdgp,Temple Street,52.368671,-1.250207,,,
4200F187402,wardgdgt,Temple Street,52.368519,-1.250254,,,
4200F187501,wardgdgw,Timber Court,52.36763,-1.247669,,,
4200F187502,wardgdja,Timber Court,52.367744,-1.247535,,,
4200F187601,wardgdjd,Boundary Road,52.36594,-1.243615,,,
4200F187602,wardgdjg,Boundary Road,52.365883,-1.243234,,,
4200F187701,wardgdjm,Langton Road,52.363964,-1.240006,,,
4200F188301,wardgdmp,Sidney Road,52.35936,-1.24386,,,
4200F188401,wardgdmw,Oval Road,52.361698,-1.242733,,,
4200F188701,wardgdpj,Sainsburys Local,52.359035,-1.228387,,,
4200F189701,warajgpg,Percival Road,52.364491,-1.240776,,,
4200F189901,warajgpj,Wood Street,52.488216,-1.480413,,,
4200F189902,warajgpm,Stubbs Close,52.486935,-1.481488,,,
4200F189903,wardmtjw,Wood Street,52.488056,-1.4804,,,
4200F190101,warajgpt,Lovell Road,52.482613,-1.481922,,,
4200F190102,warajgpw,Lovell Road,52.482498,-1.482085,,,
4200F190201,warajgta,Mount Drive,52.480606,-1.481195,,,
4200F190301,warajgtd,Newdigate Road,52.479767,-1.480351,,,
4200F190401,warajgtg,Park Road,52.480045,-1.476681,,,
4200F190502,warajgtm,Thomas Street,52.47953,-1.482297,,,
4200F191001,waramdwp,Gallagher Road,52.479263,-1.484774,,,
4200F191102,waramgad,Croft Pool,52.479305,-1.487998,,,
4200F191201,waramgag,Croft Road,52.477737,-1.491638,,,
4200F191301,waramgaj,Silver Birch Avenue,52.475067,-1.491949,,,
4200F191302,waramgam,Silver Birch Avenue,52.475079,-1.492258,,,
4200F191801,waramgat,Ashington Road,52.475433,-1.512512,,,
4200F191802,wardjwtp,Ashington Road,52.475147,-1.512588,,,
4200F192001,waramgaw,Pheasant Close,52.474163,-1.506961,,,
4200F192002,waramgda,Pheasant Close,52.474144,-1.507123,,,
4200F192101,waramgdg,Raynor Crescent,52.472916,-1.505915,,,
4200F192102,waramgdj,Raynor Crescent,52.472752,-1.505387,,,
4200F192201,waramgdm,Keenan Drive,52.472065,-1.504437,,,
4200F192300,waramapt,Stubbs Close,52.486927,-1.481253,,,
4200F192401,waramatd,Robinson Road,52.47105,-1.500739,,,
4200F192502,waramatg,Potters Road,52.471928,-1.501495,,,
4200F192601,waramatj,Smorrall Lane,52.474522,-1.504852,,,
4200F192602,wardmajd,Smorrall Lane,52.474522,-1.504587,,,
4200F192701,waramatm,Smorrall Lane,52.473705,-1.492259,,,
4200F193001,waramatw,Newcomen Road,52.468449,-1.50361,,,
4200F193002,waramawa,Newcomen Road,52.468582,-1.503726,,,
4200F193201,waramawd,Royal Oak,52.465538,-1.510575,,,
4200F193202,waramawg,Royal Oak,52.465546,-1.51081,,,
4200F193301,waramawj,Caravan Park,52.461525,-1.514004,,,
4200F193302,waramawm,Caravan Park,52.461361,-1.514035,,,
4200F193401,waramawp,Ash Grove,52.46172,-1.511765,,,
4200F193402,waramawt,Ash Green Lane,52.461899,-1.511631,,,
4200F193501,waramdad,Ash Green School,52.461124,-1.508916,,,
4200F193502,waramdag,Ash Green School,52.460983,-1.509065,,,
4200F193601,waramdaj,Flude Road,52.460186,-1.50822,,,
4200F193602,waradajp,Flude Road,52.459549,-1.507977,,,
4200F193701,waradajt,Blackberry Lane,52.458191,-1.506433,,,
4200F193702,waradajw,St Giles Road,52.45813,-1.506036,,,
4200F194301,waradapg,Grammar School,52.217381,-1.875371,,,
4200F194302,wardgtga,Grammar School,52.217243,-1.875561,,,
4200F197801,waramwda,Dunton Island,52.537178,-1.724766,,,
4200F197901,waramwdg,Dunton Island,52.537106,-1.725268,,,
4200F197902,waramwdj,Coleshill School,52.48526,-1.706226,,,
4200F198101,waramwdm,Hall Walk,52.486858,-1.705583,,,
4200F198201,waramwdp,Hall Walk,52.487129,-1.705713,,,
4200F198301,waramwdt,George & Dragon,52.489048,-1.704802,,,
4200F198401,waragtwt,Brendan Close,52.489704,-1.704636,,,
4200F198501,waragwad,Coleshill Day Centre,52.492836,-1.70485,,,
4200F198601,waragwag,Green Lane,52.493061,-1.704967,,,
4200F198701,waragwaj,Green Lane,52.493706,-1.704727,,,
4200F198801,waragwam,Civic Centre,52.494427,-1.705016,,,
4200F199101,waragwat,Swan Hotel,52.499069,-1.706959,,,
4200F199201,waragwaw,Shell Garage,52.501373,-1.707636,,,
4200F199301,waragwda,Orchard Close,52.502182,-1.708161,,,
4200F199501,waragwdj,Harvester Pub,52.504368,-1.707425,,,
4200F199601,waragwdm,Ennersdale Close,52.508026,-1.707298,,,
4200F199701,waragwdp,Ennersdale Close,52.50824,-1.707119,,,
4200F199702,wardtgda,Forge Mills Park,52.514088,-1.709055,,,
4200F199703,wardtgaw,Forge Mills Park,52.513729,-1.709219,,,
4200F199704,wardtgat,Rose Road,52.507027,-1.706862,,,
4200F199705,wardtgap,Rose Road,52.506325,-1.706867,,,
4200F199706,wardtgam,Ferndale Court,52.491344,-1.705199,,,
4200F199801,waragwdt,Roman Way,52.511272,-1.708101,,,
4200F199901,waratmpj,Roman Way,52.511406,-1.708292,,,
4200F200001,waratmpm,Headlam Factory,52.514858,-1.711393,,,
4200F200101,waratmpt,Keepmoat,52.515041,-1.713101,,,
4200F200201,waratmpw,Roman Way,52.515469,-1.715279,,,
4200F200202,waratmta,Roman Way,52.515259,-1.717609,,,
4200F200301,waratmtd,Lichfield Road,52.517502,-1.722664,,,
4200F200401,waratmtg,Lichfield Road,52.517101,-1.723875,,,
4200F200501,waratmtj,Maud Road,52.516148,-1.728773,,,
4200F200601,waratmtm,Maud Road,52.516258,-1.729244,,,
4200F200801,waratmtp,Hargrave Close,52.517727,-1.739507,,,
4200F200901,waratmtw,Hargrave Close,52.517811,-1.739698,,,
4200F201101,waratmwa,Water Orton Railway Station,52.518097,-1.744176,,,
4200F201901,waratmwg,Shops,52.273373,-1.600198,,,
4200F204101,waradpmg,Montgomery Road,52.269184,-1.533838,,,
4200F204301,waradpmp,Heathcote Road,52.272072,-1.534335,,,
4200F204401,waradpmt,Windmill Inn,52.275066,-1.535037,,,
4200F206701,waratgdw,Claremont Road,52.279648,-1.533963,,,
4200F206801,waratgja,Cashmore Avenue,52.276821,-1.534667,,,
4200F209801,waratwgw,Lord Raglan,52.463863,-1.483143,,,
4200F209901,waratwja,Heckley Road,52.465965,-1.482427,,,
4200F210101,waratwjg,Hayes Lane,52.468281,-1.481413,,,
4200F212101,warawdam,Higham Lane School,52.532623,-1.457805,,,
4200F212301,warawdat,Kingsbridge Road,52.530418,-1.459114,,,
4200F212401,warawdaw,Eastfield Road,52.530315,-1.460118,,,
4200F212601,warawmgw,Carisbrook Road,52.533836,-1.457097,,,
4200F212701,warawmja,Carisbrook Road,52.533943,-1.457199,,,
4200F212801,warawmjd,Higham Lane,52.534679,-1.453076,,,
4200F212901,warawmjg,Higham Lane,52.534527,-1.453078,,,
4200F213001,warawmjm,Brookdale Road,52.534191,-1.45264,,,
4200F213101,warawmjp,Higham Lane School,52.533268,-1.453433,,,
4200F213201,warawmjt,North Warwickshire College,52.532093,-1.453728,,,
4200F213301,warawmjw,North Warwickshire College,52.53133,-1.454283,,,
4200F213401,warawmpa,Ferndale Close,52.528461,-1.455969,,,
4200F213501,warawmpd,Ferndale Crescent,52.528534,-1.455615,,,
4200F213701,warawmpj,Weddington Terrace,52.527603,-1.462525,,,
4200F213801,warawmpm,Weddington Terrace,52.528652,-1.462364,,,
4200F213901,warawmpt,Shanklin Drive,52.529671,-1.462499,,,
4200F214001,warawmpw,Weddington Terrace,52.528431,-1.462691,,,
4200F214101,warawmta,Saints Way,52.527142,-1.460245,,,
4200F214201,warawmtd,Higham Lane,52.527992,-1.455371,,,
4200F214401,warawmtj,Tiverton Drive,52.527416,-1.451619,,,
4200F214602,wardtdtg,Salcombe Close,52.52689,-1.446069,,,
4200F214702,wardpjtp,Sidmouth Close,52.527374,-1.443955,,,
4200F214802,wardtdtd,Newquay Close,52.527969,-1.442547,,,
4200F214901,warawpga,Tiverton Drive,52.528629,-1.443482,,,
4200F215001,warawpgd,North Warwickshire College,52.528431,-1.449454,,,
4200F215101,warawpgj,North Warwickshire College,52.528522,-1.449571,,,
4200F215201,warawpgm,Tiverton Drive,52.528805,-1.444025,,,
4200F215301,warawpgp,Ensor Close,52.528549,-1.440092,,,
4200F215401,wardatpj,Ensor Close,52.528709,-1.439663,,,
4200F216801,warajdja,The Long Shoot,52.534187,-1.423184,,,
4200F217101,warajdjm,Calendar Grove,52.531078,-1.426955,,,
4200F217901,warawmgd,Falmouth Close,52.527225,-1.440861,,,
4200F220301,warawjtw,Gala Bingo,52.524509,-1.472099,,,
4200F220401,warawjwa,Fire Station,52.525036,-1.469661,,,
4200F220501,warawjwd,Mill Street,52.521885,-1.464614,,,
4200F222401,wardgatj,Ash Court,52.35704,-1.281388,,,
4200F222901,wardgawd,Sainsburys,52.350254,-1.27677,,,
4200F223001,wardgawg,Orson Leys,52.355385,-1.270814,,,
4200F223101,wardgapj,Orson Leys,52.355862,-1.270703,,,
4200F223201,wardgpjw,Overslade Lane,52.360355,-1.269131,,,
4200F223301,wardgpma,Overslade Lane,52.361309,-1.269057,,,
4200F224901,wardgpwm,Wentworth Road,52.363029,-1.266678,,,
4200F224902,wardgpwp,Wentworth Road,52.36319,-1.266749,,,
4200F225001,wardgpwt,St Maries RC Infant School,52.367008,-1.264776,,,
4200F225101,wardgtad,St Maries RC Infant School,52.367493,-1.264563,,,
4200F225601,wardawad,Upper Parade,52.292397,-1.53575,,,
4200F225901,wardawam,Upper Parade,52.292614,-1.536085,,,
4200F226001,wardawap,Regent Hotel,52.289814,-1.535293,,,
4200F226101,wardawat,Regent Street,52.290066,-1.535642,,,
4200F226401,wardawda,Parish Church Stand B,52.286255,-1.533322,,,
4200F226501,wardawdg,Dormer Place,52.288239,-1.535134,,,
4200F227401,waratgtm,Guide Dogs for the Blind,52.289455,-1.554898,,,
4200F227501,waratgtp,Guide Dogs for the Blind,52.289619,-1.554999,,,
4200F227902,waraptam,Montgomery Road,52.269104,-1.534088,,,
4200F228301,waraptat,Heathcote Hospital,52.269337,-1.538819,,,
43000000101,nwmpmwmw,Attwood Crescent,52.425392,-1.466078,,,
43000000202,nwmagwpa,New Green Park,52.426792,-1.461678,,,
43000000201,nwmpmwpa,New Green Park,52.426586,-1.461548,,,
43000000601,nwmpmwpg,Westwood Church,52.384251,-1.571416,,,
43000000804,nwmptjgw,Gibbet Hill Road,52.384556,-1.569224,,,
43000000803,nwmptjgt,Gibbet Hill Road,52.384624,-1.568298,,,
43000001001,nwmdpwgw,Sainsbury's,52.409988,-1.509013,,,
43000001002,nwmdpwja,Sainsbury's,52.409828,-1.509206,,,
43000001003,nwmdpwjd,Sainsbury's,52.409641,-1.509385,,,
43000001004,nwmdpwjg,Sainsbury's,52.409397,-1.50949,,,
43000001101,nwmadada,Transport Museum,52.410412,-1.509053,,,
43000001102,nwmadadg,Transport Museum,52.410583,-1.509668,,,
43000001204,nwmdptjp,Cross Cheaping,52.410187,-1.510922,,,
43000001203,nwmdptjm,Cross Cheaping,52.40995,-1.510822,,,
43000001202,nwmdptjg,Cross Cheaping,52.409527,-1.510665,,,
43000002103,nwmdptpw,Quadrant,52.405468,-1.511709,,,
43000002102,nwmdptpt,Quadrant,52.405502,-1.511297,,,
43000002104,nwmdptwa,Quadrant,52.405533,-1.511943,,,
43000002101,nwmdptpm,Quadrant,52.405613,-1.511634,,,
43000002105,nwmdptwd,Quadrant,52.405376,-1.51099,,,
43000002501,nwmtmtpj,Copper Towers,52.4049,-1.513538,,,
43000002502,nwmtmtpm,Copper Towers,52.404247,-1.513707,,,
43000002601,nwmtpwmj,Baptist Church,52.453434,-1.487091,,,
43000002701,nwmtpwmp,Canberra Road,52.450394,-1.470116,,,
43000002702,nwmtpwmt,Canberra Road,52.4496,-1.471597,,,
43000002801,nwmtwdat,Snyder Path,52.442337,-1.532001,,,
43000003103,nwmadadw,Well Street,52.410385,-1.511243,,,
43000003102,nwmadadt,Well Street,52.410412,-1.511508,,,
43000003201,nwmdtdag,St Johns Church,52.409157,-1.514241,,,
43000003206,nwmdtdaw,St Johns Church,52.409176,-1.514432,,,
43000003202,nwmdtdaj,St Johns Church,52.409058,-1.514404,,,
43000003203,nwmdtdam,St Johns Church,52.408951,-1.514552,,,
43000003303,nwmtwgad,MacDonald Road,52.410145,-1.460307,,,
43000003302,nwmptjma,MacDonald Road,52.41,-1.460044,,,
43000003402,nwmptjmd,St Ives Road,52.413975,-1.457996,,,
43000003503,nwmptjmg,Dalton Gardens,52.416519,-1.446247,,,
43000003504,nwmptjmj,Dalton Gardens,52.416603,-1.446658,,,
43000003701,nwmpmwpt,Stewart Close,52.403942,-1.552883,,,
43000003802,nwmtgdjm,Spring Place,52.40266,-1.551249,,,
43000003801,nwmpmwpw,Spring Place,52.402767,-1.551189,,,
43000003901,nwmdtdgd,Lower Precinct,52.407967,-1.515357,,,
43000004104,nwmadagm,Belgrade Theatre,52.410847,-1.514517,,,
43000004101,nwmadaga,Belgrade Theatre,52.410431,-1.513816,,,
43000004106,nwmadagt,Belgrade Theatre,52.410648,-1.514269,,,
43000004203,nwmdptwm,Corporation Street,52.411392,-1.511409,,,
43000004201,nwmdptwg,Corporation Street,52.410824,-1.510959,,,
43000004301,nwmtmjwd,Hospital Car Parks,52.422203,-1.441015,,,
43000004401,nwmtpwtg,Caludon Centre,52.421543,-1.444126,,,
43000004402,nwmtpwtj,Caludon Centre,52.421238,-1.444188,,,
43000004801,nwmtwmpg,Barnsley Court,52.434669,-1.507284,,,
43000004901,nwmtwmta,Coventry Arena Station,52.446304,-1.494942,,,
43000004902,nwmagwpd,Coventry Arena Station,52.44656,-1.493395,,,
43000005007,nwmadajt,Pool Meadow Bus Station,52.410122,-1.506351,0.0,430G00050,G
43000005011,nwmadamg,Pool Meadow Bus Station,52.410618,-1.507066,0.0,430G00050,M
43000005020,nwmadapm,Pool Meadow Bus Station,52.410465,-1.506817,0.0,430G00050,K
43000005017,nwmadapd,Pool Meadow Bus Station,52.41077,-1.506814,0.0,430G00050,T
43000005019,nwmadapj,Pool Meadow Bus Station,52.410698,-1.506124,0.0,430G00050,V
43000005018,nwmadapg,Pool Meadow Bus Station,52.410736,-1.506564,0.0,430G00050,U
43000005015,nwmadamw,Pool Meadow Bus Station,52.410549,-1.507625,0.0,430G00050,R
43000005005,nwmadajm,Pool Meadow Bus Station,52.410473,-1.506244,0.0,430G00050,E
43000005010,nwmadamd,Pool Meadow Bus Station,52.410591,-1.506787,0.0,430G00050,L
43000005003,nwmadajd,Pool Meadow Bus Station,52.410374,-1.506157,0.0,430G00050,C
43000005014,nwmadamt,Pool Meadow Bus Station,52.410362,-1.507745,0.0,430G00050,Q
43000005016,nwmadapa,Pool Meadow Bus Station,52.410728,-1.50752,0.0,430G00050,S
43000005013,nwmadamp,Pool Meadow Bus Station,52.41011,-1.507586,0.0,430G00050,P
43000005012,nwmadamj,Pool Meadow Bus Station,52.410244,-1.507187,0.0,430G00050,N
43000005001,nwmadagw,Pool Meadow Bus Station,52.410049,-1.506293,0.0,430G00050,A
43000005006,nwmadajp,Pool Meadow Bus Station,52.410301,-1.506305,0.0,430G00050,F
43000005008,nwmadajw,Pool Meadow Bus Station,52.409996,-1.506705,0.0,430G00050,H
43000005009,nwmadama,Pool Meadow Bus Station,52.410305,-1.506878,0.0,430G00050,J
43000005303,nwmptjmp,Coventry College,52.414215,-1.504423,,,
43000005402,nwmptjmw,Swanswell Pool,52.412182,-1.504622,,,
43000005401,nwmptjmt,Swanswell Pool,52.412098,-1.505638,,,
43000005701,nwmpmwtg,Wheelwright Lane,52.446884,-1.508986,,,
43000005901,nwmpmwtm,Thornton Close,52.41663,-1.596746,,,
43000005902,nwmtpmpj,Thornton Close,52.415958,-1.596723,,,
43000006003,nwmptamp,Park Road,52.402721,-1.507947,,,
43000006001,nwmptamj,Park Road,52.402767,-1.508255,,,
43000006201,nwmptjpa,Coventry University,52.40667,-1.5022,,,
43000006202,nwmtpgwa,Coventry University,52.406609,-1.50245,,,
43000006301,nwmptjpd,Code Building,52.409443,-1.505123,,,
43000006401,nwmpmwtp,Lime Tree Avenue,52.403564,-1.572039,,,
43000006402,nwmwgmta,Lime Tree Avenue,52.403294,-1.572218,,,
43000007102,nwmdptwt,Herbert Gallery,52.40694,-1.506739,,,
43000007201,nwmdpwad,Magistrates Court,52.406609,-1.50858,,,
43000007303,nwmptjpg,Foleshill Road,52.418503,-1.506552,,,
43000007304,nwmptjpj,Foleshill Road,52.418583,-1.506477,,,
43000007401,nwmptjpm,Swanswell Point,52.413887,-1.505662,,,
43000007402,nwmptjpt,Swanswell Point,52.413769,-1.505737,,,
43000007903,nwmpwpmj,Courthouse Green School,52.431911,-1.480355,,,
43000007902,nwmptamw,Courthouse Green School,52.431984,-1.48056,,,
43000008201,nwmdpwdt,Rail Station Bridge,52.400902,-1.515728,,,
43000008203,nwmdpwga,Rail Station Bridge,52.400589,-1.516113,,,
43000008301,nwmdpwdm,Queen Victoria Road,52.405106,-1.515094,,,
43000008302,nwmdpwdp,Queen Victoria Road,52.40514,-1.514711,,,
43000008601,nwmptdam,Callice Court,52.407055,-1.497286,,,
43000008705,nwmptjta,Nene Close,52.392467,-1.459773,,,
43000008801,nwmptdap,Bowden Way,52.402012,-1.450588,,,
43000008802,nwmtpmpg,Bowden Way,52.402157,-1.45066,,,
43000008901,nwmptdat,Ebro Crescent,52.402531,-1.447906,,,
43000009102,nwmdpwat,Starley Road,52.406666,-1.516503,,,
43000009104,nwmdpwda,Starley Road,52.406345,-1.516888,,,
43000009201,nwmptjtd,Vincent Street,52.405891,-1.523096,,,
43000009204,nwmptjtm,Vincent Street,52.405735,-1.521599,,,
43000009301,nwmptjtp,Butts,52.405334,-1.52322,,,
43000009302,nwmptjtw,Butts,52.405167,-1.523295,,,
43000009401,nwmptjwa,Willowbank Mews,52.404209,-1.494452,,,
43000009603,nwmptjwd,Stoke Green,52.403065,-1.480692,,,
43000010001,nwmptjwg,Nauls Mill House,52.412945,-1.515317,,,
43000010002,nwmptjwj,Nauls Mill House,52.413055,-1.515316,,,
43000010003,nwmptjwm,Nauls Mill House,52.413647,-1.514795,,,
43000010101,nwmptjwt,Ellys Road,52.417183,-1.51333,,,
43000010102,nwmptmad,Ellys Road,52.417316,-1.513446,,,
43000010202,nwmwgamt,Lydgate Road,52.421009,-1.515479,,,
43000010201,nwmptmag,Lydgate Road,52.420994,-1.51567,,,
43000010302,nwmptmam,Lanchester Road,52.42318,-1.518661,,,
43000010301,nwmptmaj,Lanchester Road,52.422768,-1.518754,,,
43000010401,nwmptmap,Villa Road,52.425133,-1.518463,,,
43000010402,nwmptmat,Villa Road,52.425663,-1.518575,,,
43000010502,nwmptmda,Barr's Hill School,52.416168,-1.516061,,,
43000010501,nwmptmaw,Barr's Hill School,52.415554,-1.515347,,,
43000010601,nwmptmdg,Swillington Road,52.418255,-1.51845,,,
43000010602,nwmptmdj,Swillington Road,52.417656,-1.517486,,,
43000010702,nwmptmdp,Lawrence Saunders Road,52.419533,-1.518656,,,
43000010701,nwmptmdm,Lawrence Saunders Road,52.42083,-1.51926,,,
43000010801,nwmptmdt,Otterbrook Court,52.422401,-1.521154,,,
43000010802,nwmptmdw,Otterbrook Court,52.422146,-1.520466,,,
43000010901,nwmptmga,Engleton Road,52.423584,-1.522465,,,
43000010902,nwmptmgd,Engleton Road,52.424202,-1.523885,,,
43000011002,nwmptmgj,Three Spires Avenue,52.425377,-1.526004,,,
43000011001,nwmdtgtm,Three Spires Avenue,52.425392,-1.52549,,,
43000011101,nwmptmgm,Radford House,52.428799,-1.5291,,,
43000011201,nwmptmgp,Wallace Road,52.431229,-1.53028,,,
43000011202,nwmptmgt,Wallace Road,52.43074,-1.529565,,,
43000011302,nwmptmja,Kipling Road,52.43251,-1.531149,,,
43000011301,nwmptmgw,Kipling Road,52.432953,-1.531615,,,
43000011402,nwmptmjg,Copthorne,52.434929,-1.531711,,,
43000011401,nwmptmjd,Copthorne,52.435127,-1.531445,,,
43000011502,nwmptmjp,High Street,52.439117,-1.531314,,,
43000011501,nwmptmjm,High Street,52.439297,-1.531548,,,
43000011601,nwmptmjt,Wickham Close,52.440506,-1.531917,,,
43000011602,nwmptmjw,Wickham Close,52.440098,-1.531583,,,
43000011702,nwmptmpd,Sandpits Lane,52.443211,-1.531727,,,
43000011701,nwmptmpa,Sandpits Lane,52.443462,-1.531857,,,
43000011802,nwmptmpj,Keresley Church,52.439522,-1.535973,,,
43000011801,nwmptmpg,Keresley Church,52.438683,-1.534717,,,
43000011902,nwmptmpt,Long Lane,52.444088,-1.542089,,,
43000011901,nwmptmpm,Long Lane,52.443851,-1.541577,,,
43000012002,nwmptmta,Capmartin Road,52.428429,-1.518383,,,
43000012001,nwmptmpw,Capmartin Road,52.428169,-1.518312,,,
43000012102,nwmptmtg,Asda,52.430199,-1.51782,,,
43000012101,nwmptmtd,Asda,52.430073,-1.517306,,,
43000012201,nwmptmtj,Owenford Road,52.431301,-1.516646,,,
43000012301,nwmptmtp,Rollason Road,52.434536,-1.516463,,,
43000012601,nwmptmwj,Rupert Road,52.432705,-1.522043,,,
43000012602,nwmptmwm,Rupert Road,52.433167,-1.522361,,,
43000012701,nwmptmwp,Kingswood Close,52.435581,-1.506112,,,
43000012702,nwmptmwt,Kingswood Close,52.434429,-1.505801,,,
43000012901,nwmptpaj,Jackson Road,52.437817,-1.507146,,,
43000012902,nwmptpam,Jackson Road,52.437626,-1.506927,,,
43000013102,nwmptpaw,Keresley Manor,52.448013,-1.54636,,,
43000013101,nwmptpat,Keresley Manor,52.447742,-1.546009,,,
43000013202,nwmptpdg,Long Lane,52.445648,-1.544147,,,
43000013201,nwmptpda,Long Lane,52.445641,-1.543956,,,
43000013302,nwmptpdm,Queenswood,52.452408,-1.550523,,,
43000013301,nwmptpdj,Queenswood,52.45237,-1.550332,,,
43000014102,nwmptpgd,Hill Cottage,52.446003,-1.531285,,,
43000014101,nwmptjdj,Hill Cottage,52.446022,-1.531417,,,
43000014202,nwmptpgm,Fivefield Road,52.451729,-1.532961,,,
43000014201,nwmptpgj,Fivefield Road,52.452072,-1.533104,,,
43000014302,nwmptpgt,Ravenswood,52.454479,-1.533035,,,
43000014301,nwmptpgp,Ravenswood,52.454758,-1.533135,,,
43000014401,nwmptpgw,Prologis Park,52.457916,-1.53397,,,
43000014402,nwmptpja,Prologis Park,52.457726,-1.533604,,,
43000014501,nwmptpjd,Keresley Library,52.459682,-1.535114,,,
43000014502,nwmptpjg,Keresley Library,52.459602,-1.535232,,,
43000015102,nwmptpjt,Burnaby Road,52.436413,-1.522738,,,
43000015101,nwmptpjp,Burnaby Road,52.434875,-1.522416,,,
43000015201,nwmptpjw,Rylston Avenue,52.438816,-1.522859,,,
43000015202,nwmptpma,Rylston Avenue,52.43948,-1.523043,,,
43000015301,nwmptpmd,Charlewood Road,52.44035,-1.522843,,,
43000015302,nwmptpmg,Charlewood Road,52.44133,-1.522788,,,
43000015401,nwmptpmj,Malmesbury Road,52.443527,-1.521528,,,
43000015402,nwmptpmp,Malmesbury Road,52.443321,-1.521839,,,
43000015501,nwmptpmt,Holy Family Church,52.445484,-1.520065,,,
43000015502,nwmtjapd,Holy Family Church,52.445053,-1.52057,,,
43000015601,nwmptpmw,Rookery Lane,52.44799,-1.520112,,,
43000016002,nwmptptp,Holbrooks Park,52.439617,-1.508258,,,
43000016001,nwmptptm,Holbrooks Park,52.440079,-1.508562,,,
43000016101,nwmptptw,Rotherham Road,52.44228,-1.508993,,,
43000016102,nwmptpwa,Rotherham Road,52.442974,-1.509354,,,
43000016201,nwmptpwd,Beacon Road,52.444569,-1.509659,,,
43000016202,nwmptpwg,Beacon Road,52.444134,-1.509473,,,
43000016501,nwmptpwp,Roland Avenue,52.446312,-1.509831,,,
43000016502,nwmptpwt,Roland Avenue,52.447151,-1.510411,,,
43000016602,nwmptwag,Glenn Street,52.447315,-1.506289,,,
43000016702,nwmagwgw,Old Farm Lane,52.456429,-1.490721,,,
43000016801,nwmptwam,Meadow Road,52.448608,-1.515029,,,
43000016802,nwmptwap,Meadow Road,52.448761,-1.514792,,,
43000016901,nwmptwaw,Wheelwright Lane,52.45052,-1.511447,,,
43000017101,nwmptwdj,Alder Meadow Close,52.448277,-1.503924,,,
43000017102,nwmptwdm,Alder Meadow Close,52.448391,-1.503482,,,
43000017202,nwmptwdt,Catesby Road Middle,52.433376,-1.516594,,,
43000017201,nwmptwdp,Catesby Road Middle,52.433189,-1.516772,,,
43000017402,nwmptwga,The Pilot,52.43499,-1.515267,,,
43000017401,nwmptwdw,The Pilot,52.434814,-1.514607,,,
43000017501,nwmdtgtp,Yelverton Road,52.43475,-1.509651,,,
43000017502,nwmptwgd,Yelverton Road,52.434677,-1.509152,,,
43000018302,nwmtgwpw,Compton Road,52.44154,-1.501779,,,
43000018301,nwmptwma,Compton Road,52.441998,-1.503245,,,
43000019401,nwmptwpw,Olivier Way,52.432152,-1.430681,,,
43000019701,nwmptwtj,Cross Point,52.433949,-1.430879,,,
43000019902,nwmtjadg,Parkway Island,52.433136,-1.433419,,,
43000019901,nwmptwtp,Parkway Island,52.433178,-1.433007,,,
43000020002,nwmtgwjm,Dickens Road,52.431545,-1.526453,,,
43000020001,nwmptdgp,Dickens Road,52.431419,-1.528293,,,
43000020101,nwmptwtw,Leicester Row,52.415028,-1.509707,,,
43000020102,nwmpwada,Leicester Row,52.414963,-1.509429,,,
43000020201,nwmpwadg,City Wharf,52.416336,-1.509031,,,
43000020202,nwmpwadj,City Wharf,52.416958,-1.508862,,,
43000020302,nwmpwadp,Eagle Street,52.418621,-1.507403,,,
43000020301,nwmpwadm,Eagle Street,52.419762,-1.506846,,,
43000020401,nwmpwadt,Harnall Lane West,52.416489,-1.506339,,,
43000020402,nwmpwadw,Harnall Lane West,52.416416,-1.506531,,,
43000020502,nwmpwagd,Honeyfield Road,52.420818,-1.506129,,,
43000020501,nwmpwaga,Honeyfield Road,52.420765,-1.505924,,,
43000020603,nwmpwagp,Tower Court,52.423801,-1.503037,,,
43000020601,nwmpwagj,Tower Court,52.423748,-1.503376,,,
43000020801,nwmpwaja,Merrick Lodge Hotel,52.415703,-1.514449,,,
43000020802,nwmpwajd,Merrick Lodge Hotel,52.41544,-1.514216,,,
43000020901,nwmptdgt,Bruce Road,52.431408,-1.523616,,,
43000020902,nwmwdgdj,Bruce Road,52.431442,-1.523042,,,
43000021001,nwmptdgw,Keresley Road,52.430435,-1.531406,,,
43000021002,nwmtgwjg,Keresley Road,52.430595,-1.531228,,,
43000021101,nwmpwajg,Frank Walsh House,52.415844,-1.502964,,,
43000021202,nwmpwajp,Eagle St East,52.41663,-1.501765,,,
43000021201,nwmpwajm,Eagle St East,52.417076,-1.501377,,,
43000021301,nwmpwajt,Cambridge Street,52.418739,-1.498918,,,
43000021302,nwmpwajw,Cambridge Street,52.418732,-1.499138,,,
43000021402,nwmpwamd,Paragon Way,52.420361,-1.497032,,,
43000021401,nwmpwama,Paragon Way,52.421112,-1.496656,,,
43000021502,nwmpwamj,Peel Street,52.422081,-1.495866,,,
43000021501,nwmpwamg,Peel Street,52.421982,-1.496131,,,
43000021702,nwmtgwjd,Brownshill Green Road,52.429268,-1.534934,,,
43000021701,nwmptdja,Brownshill Green Road,52.42952,-1.534504,,,
43000021902,nwmtgwja,Morfa Gardens,52.419079,-1.545392,,,
43000021901,nwmpwamt,Morfa Gardens,52.419117,-1.545524,,,
43000022001,nwmtmdga,Palm Tree Avenue,52.441044,-1.470111,,,
43000022002,nwmwjamt,Palm Tree Avenue,52.440239,-1.470606,,,
43000022102,nwmpwapa,Drake Street,52.427269,-1.502616,,,
43000022101,nwmpwamw,Drake Street,52.427181,-1.502764,,,
43000022202,nwmpwapg,Livingstone Road,52.428501,-1.502808,,,
43000022201,nwmpwapd,Livingstone Road,52.429077,-1.503096,,,
43000022301,nwmpwapj,Northey Road,52.431293,-1.504365,,,
43000022302,nwmpwapm,Northey Road,52.431084,-1.503809,,,
43000022402,nwmpwapw,Broad Street,52.42691,-1.500517,,,
43000022401,nwmpwapt,Broad Street,52.426785,-1.500857,,,
43000022502,nwmpwatd,Station Street,52.429985,-1.49832,,,
43000022501,nwmpwata,Station Street,52.428837,-1.49898,,,
43000022602,nwmpwatj,Churchill Avenue,52.433327,-1.495767,,,
43000022601,nwmpwatg,Churchill Avenue,52.433041,-1.496153,,,
43000022702,nwmpwatp,John Wigley Way,52.434311,-1.495065,,,
43000022701,nwmpwatm,John Wigley Way,52.434647,-1.495076,,,
43000023001,nwmptdjm,Finham Green Road,52.370903,-1.516231,,,
43000023002,nwmtjmgm,Finham Green Road,52.370457,-1.515207,,,
43000023102,nwmpwawd,Hanford Close,52.423775,-1.494905,,,
43000023101,nwmpwawa,Hanford Close,52.424736,-1.494718,,,
43000023202,nwmpwawj,Station St East,52.42672,-1.492151,,,
43000023201,nwmpwawg,Station St East,52.427158,-1.491675,,,
43000023301,nwmpwawm,Eden Street,52.428665,-1.488805,,,
43000023302,nwmpwawp,Eden Street,52.428524,-1.488733,,,
43000023401,nwmpwawt,Hearsall Common,52.403561,-1.542597,,,
43000023402,nwmtwdpj,Hearsall Common,52.403458,-1.54154,,,
43000023802,nwmtgpta,Woodroffe Walk,52.45126,-1.478582,,,
43000023901,nwmpwdap,St Thomas' Road,52.444324,-1.487962,,,
43000023902,nwmpwdat,St Thomas' Road,52.444305,-1.485991,,,
43000024002,nwmpwdga,St Lawrence's Road,52.437458,-1.493131,,,
43000024001,nwmpwdaw,St Lawrence's Road,52.437424,-1.492838,,,
43000024102,nwmpwdgd,The Wheatsheaf,52.439842,-1.491397,,,
43000024101,nwmdtawd,The Wheatsheaf,52.440212,-1.491364,,,
43000024202,nwmpwdgm,Parkstone Road,52.441879,-1.490094,,,
43000024201,nwmpwdgj,Parkstone Road,52.441414,-1.490585,,,
43000024302,nwmpwdgp,Dovedale Avenue,52.443813,-1.48885,,,
43000024303,nwmtmawj,Dovedale Avenue,52.44474,-1.488384,,,
43000024401,nwmpwdgt,Vinecote Road,52.448666,-1.485896,,,
43000024402,nwmdtgtw,Vinecote Road,52.447659,-1.486261,,,
43000024501,nwmpwdgw,Longford Square,52.450291,-1.4857,,,
43000024502,nwmpwdja,Longford Square,52.450554,-1.485874,,,
43000024603,nwmpwdjm,The Longford Engine,52.453201,-1.48524,,,
43000024601,nwmpwdjd,The Longford Engine,52.454002,-1.485275,,,
43000024702,nwmpwdjt,Ibstock Road,52.456455,-1.484525,,,
43000024701,nwmpwdjp,Ibstock Road,52.456177,-1.484778,,,
43000024801,nwmpwdjw,Woodshires Road,52.452946,-1.488436,,,
43000024902,nwmpwdmd,Barston Close,52.444557,-1.482001,,,
43000024901,nwmpwdma,Barston Close,52.44445,-1.48237,,,
43000025001,nwmpwdmg,Redruth Close,52.430981,-1.483748,,,
43000025002,nwmpwdmj,Redruth Close,52.431225,-1.483731,,,
43000025101,nwmpwdmp,Longfield House,52.432312,-1.4816,,,
43000025201,nwmpwdmt,Clark Street,52.434956,-1.477465,,,
43000025202,nwmtjmgd,Clark Street,52.435135,-1.477404,,,
43000025301,nwmpwdmw,Bellview Way,52.436237,-1.474846,,,
43000025403,nwmpwdpg,Riley Square,52.437328,-1.471627,,,
43000025402,nwmpwdpd,Riley Square,52.437267,-1.471819,,,
43000025404,nwmpwdpj,Riley Square,52.437382,-1.471449,,,
43000025401,nwmpwdpa,Riley Square,52.43742,-1.472008,,,
43000025501,nwmpwdpm,North Point Church,52.439674,-1.470863,,,
43000025502,nwmtgmtd,North Point Church,52.439781,-1.470921,,,
43000025702,nwmtjadj,Thomas Lane Street,52.438942,-1.482934,,,
43000025701,nwmpwdta,Thomas Lane Street,52.438988,-1.483081,,,
43000025801,nwmpwdtd,Shire Close,52.439034,-1.474857,,,
43000025802,nwmpwdtg,Shire Close,52.439648,-1.475247,,,
43000025901,nwmpwdtj,Sibton Close,52.434872,-1.472362,,,
43000025902,nwmpwdtm,Sibton Close,52.43449,-1.47172,,,
43000026002,nwmpwdtp,Sowe Way,52.441338,-1.469637,,,
43000026101,nwmpwdtw,Dersingham Court,52.442028,-1.475336,,,
43000026102,nwmpwdwa,Dersingham Court,52.442173,-1.475423,,,
43000026201,nwmpwdwd,Co-operative Street,52.445221,-1.47318,,,
43000026202,nwmpwdwg,Co-operative Street,52.446075,-1.473199,,,
43000026302,nwmpwdwm,Kanzan Road,52.448658,-1.471977,,,
43000026301,nwmpwdwj,Kanzan Road,52.448669,-1.472153,,,
43000026401,nwmpwdwp,M6 Bridge,52.451393,-1.468133,,,
43000026402,nwmpwdwt,M6 Bridge,52.451454,-1.467646,,,
43000026501,nwmpwgad,Lentons Lane,52.453457,-1.463414,,,
43000026601,nwmpwgag,Lentons Lane Middle,52.450306,-1.454859,,,
43000026602,nwmpwgaj,Lentons Lane Middle,52.450588,-1.455047,,,
43000026702,nwmpwgap,Mill Race Lane,52.444679,-1.479027,,,
43000026701,nwmpwgam,Mill Race Lane,52.444565,-1.479647,,,
43000026801,nwmpwgat,Haydock Close,52.450996,-1.47448,,,
43000026901,nwmpwgda,Victoria Farm Terminus,52.453178,-1.475793,,,
43000027002,nwmpwgdj,Elkington Street,52.434635,-1.482779,,,
43000027001,nwmpwgdg,Elkington Street,52.434311,-1.482518,,,
43000027102,nwmptjdp,Parish Hall,52.451847,-1.457621,,,
43000027101,nwmpwgdm,Parish Hall,52.45166,-1.457432,,,
43000027302,nwmtjtdg,Cheadle Close,52.44936,-1.480458,,,
43000027301,nwmptjdw,Cheadle Close,52.449825,-1.479746,,,
43000027402,nwmwatmj,Shirlett Close,52.4501,-1.476918,,,
43000027401,nwmptjga,Shirlett Close,52.450211,-1.476976,,,
43000027501,nwmptjgd,Recreation Road,52.444447,-1.485106,,,
43000027802,nwmtdpgm,Renown Avenue,52.402775,-1.555511,,,
43000027801,nwmptjgm,Renown Avenue,52.402557,-1.555189,,,
43000028001,nwmpwgdp,Renolds Close,52.403885,-1.556426,,,
43000028101,nwmpwgdt,HSBC,52.398247,-1.43995,,,
43000028102,nwmpwgdw,HSBC,52.39806,-1.43982,,,
43000028201,nwmptdjp,Pandora Road,52.428463,-1.451142,,,
43000028202,nwmtmpdg,Pandora Road,52.428333,-1.450497,,,
43000028701,nwmptdmg,Herald Business Park,52.393566,-1.444329,,,
43000028702,nwmwgjdp,Herald Business Park,52.393501,-1.443933,,,
43000028901,nwmtwptg,Village Hotel,52.402603,-1.547957,,,
43000028902,nwmwadtw,Village Hotel,52.401546,-1.54688,,,
43000029202,nwmpwgjm,Eccles Close,52.433079,-1.466015,,,
43000030001,nwmpwgjt,Hipswell Shops,52.408985,-1.459513,,,
43000030101,nwmpwgma,Bretts Close,52.415131,-1.502208,,,
43000030102,nwmpwgmd,Bretts Close,52.415081,-1.501135,,,
43000030201,nwmpwgmg,Stockton Road,52.415684,-1.499496,,,
43000030302,nwmpwgmp,Wright Street,52.415989,-1.496699,,,
43000030301,nwmpwgmj,Wright Street,52.415802,-1.497187,,,
43000030401,nwmpwgmt,Trentham Road,52.415428,-1.491633,,,
43000030503,nwmtjmdg,Frederick Bird School,52.417427,-1.490111,,,
43000030602,nwmpwgpa,Parson's Nook,52.420219,-1.487255,,,
43000030701,nwmptapa,Mercer Avenue,52.420124,-1.484301,,,
43000030703,nwmptapd,Mercer Avenue,52.420353,-1.483357,,,
43000030801,nwmpwgpd,Common Way,52.421654,-1.482048,,,
43000030802,nwmpwgpg,Common Way,52.421932,-1.482368,,,
43000030902,nwmpwgpm,Stoke Heath,52.424515,-1.480985,,,
43000030901,nwmpwgpj,Stoke Heath,52.423725,-1.481244,,,
43000031001,nwmpwgpt,Vine Street,52.413322,-1.501875,,,
43000031002,nwmpwgpw,Vine Street,52.413273,-1.501141,,,
43000031102,nwmpwgtd,Clarence Street,52.413509,-1.497492,,,
43000031101,nwmpwgta,Clarence Street,52.413372,-1.497111,,,
43000031201,nwmpwgtg,Vernon Court,52.412472,-1.494122,,,
43000031202,nwmpwgtj,Vernon Court,52.412605,-1.494047,,,
43000031302,nwmpwgtp,Days Lane,52.410534,-1.49288,,,
43000031301,nwmpwgtm,Days Lane,52.410606,-1.493041,,,
43000031401,nwmpwgtw,Jimmy Hill Way,52.40979,-1.48767,,,
43000031402,nwmpwgwa,Jimmy Hill Way,52.409206,-1.489529,,,
43000031502,nwmpwgwg,Clements Street,52.410477,-1.484104,,,
43000031503,nwmpwgwj,Clements Street,52.410515,-1.484501,,,
43000031602,nwmpwgwp,Chandos Street,52.412106,-1.482468,,,
43000031601,nwmpwgwm,Chandos Street,52.411774,-1.482604,,,
43000031701,nwmpwgwt,Caludon Road,52.413322,-1.48288,,,
43000031702,nwmpwjad,Caludon Road,52.413673,-1.482906,,,
43000031802,nwmpwjaj,Alpha House,52.415985,-1.48304,,,
43000031801,nwmpwjag,Alpha House,52.415794,-1.482837,,,
43000031902,nwmpwjap,Barras Heath Park,52.418503,-1.483232,,,
43000031901,nwmpwjam,Barras Heath Park,52.418324,-1.483322,,,
43000032101,nwmpwjaw,Wycliffe Road West,52.418259,-1.47303,,,
43000032201,nwmpwjdg,Honiton Road,52.419273,-1.470812,,,
43000032202,nwmpwjdj,Honiton Road,52.418941,-1.471213,,,
43000032303,nwmdtgwa,Forknell Avenue,52.420246,-1.468978,,,
43000032304,nwmdtjdp,Forknell Avenue,52.420132,-1.469479,,,
43000032502,nwmdtjgd,Wyken Croft Nature Park,52.424801,-1.4626,,,
43000032601,nwmdtjgj,Nuffield Road,52.424965,-1.478906,,,
43000032602,nwmtjmdj,Nuffield Road,52.424995,-1.478053,,,
43000032702,nwmdtjgm,Flowerdale Drive,52.424793,-1.474732,,,
43000032801,nwmdtjgp,Sullivan Road,52.427147,-1.476425,,,
43000032802,nwmdtjgt,Sullivan Road,52.427036,-1.476117,,,
43000032902,nwmdtjma,Purcell Road,52.429226,-1.478606,,,
43000032901,nwmdtjgw,Purcell Road,52.43,-1.479494,,,
43000033001,nwmdtjmd,Harefield Road,52.411259,-1.478244,,,
43000033002,nwmdtjmg,Harefield Road,52.411346,-1.479199,,,
43000033101,nwmdtjmj,Burns Road,52.411407,-1.472994,,,
43000033102,nwmdtjmp,Burns Road,52.411263,-1.47473,,,
43000033202,nwmdtjmw,Shelley Road,52.410778,-1.466989,,,
43000033201,nwmdtjmt,Shelley Road,52.410885,-1.466091,,,
43000033301,nwmdtjpa,Morris Avenue,52.410614,-1.462227,,,
43000033303,nwmdtjpg,Morris Avenue,52.410671,-1.463065,,,
43000033503,nwmdtjpw,Macaulay Road,52.414383,-1.458668,,,
43000033602,nwmdtjtd,Dane Road,52.41441,-1.470606,,,
43000033601,nwmdtjta,Dane Road,52.414196,-1.471005,,,
43000033701,nwmdtjtg,Wykeley Road,52.414536,-1.468575,,,
43000033702,nwmdtjtj,Wykeley Road,52.414951,-1.467468,,,
43000033802,nwmtgptg,The New Pippin,52.416683,-1.460801,,,
43000033801,nwmdtjtm,The New Pippin,52.417294,-1.459838,,,
43000033902,nwmdtjtw,Wyken Croft,52.419285,-1.455256,,,
43000033901,nwmdtjtp,Wyken Croft,52.418499,-1.456324,,,
43000034002,nwmtpgdj,Doncaster Close,52.427959,-1.461326,,,
43000034001,nwmdtjwa,Doncaster Close,52.4277,-1.461241,,,
43000034102,nwmdtjwg,Broad Park Shops,52.43153,-1.457635,,,
43000034101,nwmdtjwd,Broad Park Shops,52.430614,-1.457499,,,
43000034201,nwmdtjwj,Clennon Rise,52.433517,-1.45917,,,
43000034202,nwmtgpgp,Clennon Rise,52.433636,-1.459977,,,
43000034304,nwmdtjwp,Moat House Centre,52.434883,-1.46333,,,
43000034303,nwmdtjwm,Moat House Centre,52.434895,-1.463875,,,
43000034401,nwmdtjwt,Milverton Road,52.440819,-1.467819,,,
43000034402,nwmdtmad,Milverton Road,52.440624,-1.466703,,,
43000034502,nwmtjgpa,Haseley Road,52.439884,-1.465609,,,
43000034501,nwmdtmag,Haseley Road,52.43964,-1.465744,,,
43000034602,nwmdtmam,Hermes Crescent,52.42868,-1.455464,,,
43000034601,nwmdtmaj,Hermes Crescent,52.428566,-1.455656,,,
43000034701,nwmdtmap,Caradoc Close,52.429352,-1.458456,,,
43000034702,nwmdtmat,Caradoc Close,52.429001,-1.456857,,,
43000034801,nwmdtmaw,Newhall Road,52.430756,-1.462954,,,
43000034802,nwmdtmda,Newhall Road,52.430119,-1.461211,,,
43000034901,nwmdtmdg,Deedmore Road,52.432617,-1.467094,,,
43000034902,nwmdtdpm,Deedmore Road,52.432388,-1.465891,,,
43000035002,nwmdtmdm,Arch Road,52.415447,-1.451774,,,
43000035001,nwmdtmdj,Arch Road,52.415314,-1.452187,,,
43000035102,nwmdtmdt,Tesco,52.41264,-1.44359,,,
43000035101,nwmdtmdp,Tesco,52.413437,-1.444315,,,
43000035301,nwmdtmgd,Dorchester Way,52.419468,-1.446475,,,
43000035601,nwmdtmgp,Caludon Park Avenue,52.420433,-1.452727,,,
43000035602,nwmtgptj,Caludon Park Avenue,52.420528,-1.451902,,,
43000035702,nwmdtmgw,Walsgrave Church,52.425053,-1.444346,,,
43000035701,nwmdtmgt,Walsgrave Church,52.42445,-1.444839,,,
43000035801,nwmdtmja,Harmer Close,52.42741,-1.441155,,,
43000035802,nwmdtmjd,Harmer Close,52.428181,-1.440689,,,
43000035902,nwmtgptm,Mount Pleasant,52.429878,-1.438462,,,
43000035901,nwmdtmjg,Mount Pleasant,52.429817,-1.438889,,,
43000036002,nwmtgptp,Leven Way,52.432678,-1.441309,,,
43000036001,nwmdtmjm,Leven Way,52.433674,-1.4429,,,
43000036101,nwmdtmjp,Norman Avenue,52.437046,-1.444608,,,
43000036102,nwmdtmjt,Norman Avenue,52.435795,-1.444285,,,
43000036202,nwmdtmpa,Grace Academy,52.437725,-1.445864,,,
43000036201,nwmdtmjw,Grace Academy,52.437714,-1.445099,,,
43000036302,nwmdtmpg,Potters Green Shops,52.4384,-1.450136,,,
43000036301,nwmdtmpd,Potters Green Shops,52.438553,-1.450105,,,
43000036303,nwmtgptw,Potters Green Shops,52.439022,-1.45029,,,
43000036402,nwmdtmpm,Yewdale Crescent,52.441284,-1.455014,,,
43000036401,nwmdtmpj,Yewdale Crescent,52.441113,-1.454987,,,
43000036501,nwmdtmpt,The Boat Inn,52.443024,-1.452609,,,
43000036502,nwmdtmpw,The Boat Inn,52.442471,-1.453293,,,
43000036601,nwmdtmta,Shilton Lane,52.447098,-1.445187,,,
43000036602,nwmdtmtd,Shilton Lane,52.447109,-1.445393,,,
43000036702,nwmdtmtj,Montague Court,52.428169,-1.445881,,,
43000036701,nwmdtmtg,Montague Court,52.428474,-1.446142,,,
43000036802,nwmdtmtp,Woodway Walk,52.431084,-1.44833,,,
43000036801,nwmdtmtm,Woodway Walk,52.431011,-1.448522,,,
43000036901,nwmdtmtw,Collier Place,52.435886,-1.448785,,,
43000036902,nwmdtmwa,Collier Place,52.436508,-1.44888,,,
43000037001,nwmdtmwd,Wyken Grange Road,52.415337,-1.464581,,,
43000037002,nwmdtmwg,Wyken Grange Road,52.415726,-1.463739,,,
43000037101,nwmdtmwj,St Chad's Church,52.438671,-1.463814,,,
43000037102,nwmdtmwm,St Chad's Church,52.438141,-1.463953,,,
43000037201,nwmdtmwp,Westmorland Road,52.416035,-1.448723,,,
43000037202,nwmdtmwt,Westmorland Road,52.416134,-1.448693,,,
43000037401,nwmdtpag,Telephone Exchange,52.421982,-1.449135,,,
43000037402,nwmdtpaj,Telephone Exchange,52.422142,-1.449471,,,
43000037802,nwmdtpaw,Caspian Way,52.431396,-1.441987,,,
43000037801,nwmdtpat,Caspian Way,52.431637,-1.441646,,,
43000037902,nwmtpgtw,Brixham Drive,52.42477,-1.469409,,,
43000037901,nwmdtgwd,Brixham Drive,52.424885,-1.469349,,,
43000038101,nwmptdmj,Cardinal Wiseman School,52.436523,-1.452175,,,
43000038203,nwmtpwdj,Hospital Interchange,52.422012,-1.438723,,,
43000038201,nwmdtpdg,Hospital Interchange,52.421795,-1.438196,,,
43000038204,nwmtpwdg,Hospital Interchange,52.422077,-1.438987,,,
43000038206,nwmwtwta,Hospital Interchange,52.421696,-1.438359,,,
43000038207,nwmajgma,Hospital Interchange,52.42186,-1.438681,,,
43000038208,nwmwtwpw,Hospital Interchange,52.421932,-1.43893,,,
43000038209,nwmajgjw,Hospital Interchange,52.421989,-1.439209,,,
43000038202,nwmtpwaw,Hospital Interchange,52.421902,-1.438445,,,
43000038301,nwmdtpdj,Blandford Drive,52.41893,-1.442512,,,
43000038302,nwmdtpdm,Blandford Drive,52.418598,-1.441295,,,
43000038401,nwmdtpdp,Wimborne Drive,52.414143,-1.441895,,,
43000038402,nwmdtpdt,Wimborne Drive,52.414219,-1.442541,,,
43000038501,nwmdtpdw,Walsgrave Club,52.429844,-1.446492,,,
43000038502,nwmdtpga,Walsgrave Club,52.430031,-1.446196,,,
43000040002,nwmdtpgj,Cheylesmore House,52.401161,-1.508655,,,
43000040001,nwmdtpgd,Cheylesmore House,52.401501,-1.508622,,,
43000040304,nwmdtpjg,Bramble Street,52.407612,-1.496985,,,
43000040403,nwmdtpjp,Gosford Green,52.408329,-1.492993,,,
43000040602,nwmdtpmj,Gulson Road,52.405708,-1.495743,,,
43000040601,nwmdtpmg,Gulson Road,52.405708,-1.495875,,,
43000040702,nwmdtpmp,Irving Road,52.404057,-1.493895,,,
43000040801,nwmdtpmt,Welland Road,52.402668,-1.493587,,,
43000040802,nwmdtpmw,Welland Road,52.402546,-1.493721,,,
43000040901,nwmdtpta,Severn Road,52.401062,-1.491842,,,
43000040902,nwmdtptd,Severn Road,52.401081,-1.492165,,,
43000041101,nwmdtptm,St George's Road,52.400223,-1.489265,,,
43000041102,nwmdtptp,St George's Road,52.400303,-1.489058,,,
43000041201,nwmdtptw,Shropshire Drive,52.401688,-1.48694,,,
43000041202,nwmdtpwa,Shropshire Drive,52.40168,-1.487058,,,
43000041302,nwmdtpwg,The Humber,52.403076,-1.485998,,,
43000041402,nwmdtpwm,Hollis Road,52.40292,-1.48456,,,
43000041502,nwmdtpwp,Aldermoor House,52.402637,-1.48008,,,
43000041602,nwmdtwad,Ernsford Avenue,52.400734,-1.480617,,,
43000041601,nwmdtpwt,Ernsford Avenue,52.401272,-1.480008,,,
43000041701,nwmdtwag,Kingsway,52.406448,-1.485665,,,
43000041702,nwmdtwaj,Kingsway,52.406284,-1.485476,,,
43000041801,nwmdtwam,Bulls Head Lane,52.406235,-1.478068,,,
43000041802,nwmdtwap,Bulls Head Lane,52.406055,-1.477908,,,
43000041901,nwmdtwaw,Coleridge Road,52.410961,-1.469397,,,
43000041902,nwmdtdpt,Coleridge Road,52.410927,-1.469942,,,
43000042102,nwmwadta,Yeomanry Walk,52.400017,-1.481242,,,
43000042101,nwmdtwdj,Yeomanry Walk,52.398529,-1.481686,,,
43000042202,nwmdtwdp,Michell Close,52.396301,-1.477964,,,
43000042201,nwmdtwdm,Michell Close,52.396183,-1.477701,,,
43000042301,nwmdtwdt,The Coppice,52.395672,-1.476149,,,
43000042302,nwmdtwdw,The Coppice,52.395618,-1.476194,,,
43000042402,nwmdtwgd,Jasmine Grove,52.395195,-1.470482,,,
43000042401,nwmdtwga,Jasmine Grove,52.394867,-1.471339,,,
43000042502,nwmdtwgm,Treforest Road,52.39706,-1.471268,,,
43000042501,nwmdtwgj,Treforest Road,52.396976,-1.470858,,,
43000042601,nwmdtwgp,Acorn Street,52.39748,-1.47432,,,
43000042602,nwmdtwgt,Acorn Street,52.397408,-1.474321,,,
43000043002,nwmdtwjm,Raleigh Road,52.40694,-1.473341,,,
43000043001,nwmdtwjg,Raleigh Road,52.407066,-1.473516,,,
43000043101,nwmdtwjp,Uxbridge Avenue,52.406841,-1.469241,,,
43000043102,nwmdtwjt,Uxbridge Avenue,52.407093,-1.470855,,,
43000043201,nwmdtwjw,Bromleigh Drive,52.405945,-1.465694,,,
43000043202,nwmdtwma,Bromleigh Drive,52.406124,-1.467412,,,
43000043301,nwmdtwmd,Allard Way,52.404533,-1.459479,,,
43000043302,nwmdtwmg,Allard Way,52.404739,-1.461622,,,
43000043402,nwmdtwmp,Allerton Close,52.405563,-1.4566,,,
43000043401,nwmdtwmj,Allerton Close,52.406025,-1.455683,,,
43000043502,nwmdtwmw,Lloyd Crescent,52.407536,-1.453151,,,
43000043501,nwmdtwmt,Lloyd Crescent,52.408066,-1.453497,,,
43000043601,nwmdtwpa,William Malcolm House,52.410862,-1.453845,,,
43000043602,nwmdtwpd,William Malcolm House,52.411007,-1.454005,,,
43000043701,nwmdtwpg,Hopedale Close,52.412216,-1.454901,,,
43000043702,nwmdtwpj,Hopedale Close,52.41238,-1.45512,,,
43000043902,nwmdtwta,Meredith Road,52.407627,-1.459588,,,
43000043901,nwmdtwpw,Meredith Road,52.407166,-1.459388,,,
43000044001,nwmdtwtd,Binley Road Post Office,52.403057,-1.453573,,,
43000044002,nwmdtwtg,Binley Road Post Office,52.403049,-1.455587,,,
43000044102,nwmdtwtm,Princethorpe Way,52.402706,-1.451417,,,
43000044101,nwmdtwtj,Princethorpe Way,52.402744,-1.449594,,,
43000044201,nwmdtwtp,Oxendon Way,52.401161,-1.451686,,,
43000044202,nwmwtwtj,Oxendon Way,52.400852,-1.452454,,,
43000044301,nwmdtwtw,Lawford Close,52.39859,-1.455319,,,
43000044302,nwmdwada,Lawford Close,52.398125,-1.455706,,,
43000044401,nwmdwadg,Bruntingthorpe Way,52.396217,-1.455421,,,
43000044402,nwmdwadj,Bruntingthorpe Way,52.396809,-1.455531,,,
43000044502,nwmdwadp,Ernesford Grange Academy,52.39526,-1.456241,,,
43000044501,nwmdwadm,Ernesford Grange Academy,52.394897,-1.456304,,,
43000044601,nwmdtgwg,Sowe Valley School,52.393585,-1.457731,,,
43000044602,nwmdwadt,Sowe Valley School,52.393951,-1.457389,,,
43000044701,nwmdwadw,Corpus Christi School,52.392963,-1.461413,,,
43000044702,nwmdwaga,Corpus Christi School,52.393169,-1.461366,,,
43000044801,nwmdwagj,Garth Crescent,52.394794,-1.464903,,,
43000044803,nwmdwagp,Garth Crescent,52.394772,-1.463963,,,
43000044901,nwmdwagt,Swindale Croft,52.397205,-1.444004,,,
43000044902,nwmdwagw,Swindale Croft,52.397015,-1.443257,,,
43000045102,nwmdwajm,Coombe Park Road,52.40514,-1.444905,,,
43000045101,nwmdwajg,Coombe Park Road,52.405708,-1.444956,,,
43000045201,nwmdwajp,Bridgeacre Gardens,52.408447,-1.444496,,,
43000045202,nwmdwajt,Bridgeacre Gardens,52.408581,-1.44467,,,
43000045302,nwmdwama,Gainford Rise,52.410351,-1.444339,,,
43000045301,nwmdwajw,Gainford Rise,52.409462,-1.444439,,,
43000045402,nwmtmjwa,Hunters Close,52.404816,-1.439382,,,
43000045401,nwmdwamd,Hunters Close,52.404251,-1.44127,,,
43000045502,nwmdwamj,Progress Way,52.396637,-1.439279,,,
43000045501,nwmdwamg,Progress Way,52.395927,-1.439891,,,
43000045802,nwmdwapa,Pearl Hyde School,52.416874,-1.439744,,,
43000045801,nwmdwamw,Pearl Hyde School,52.417,-1.439625,,,
43000046001,nwmdwapg,Binley Park Inn,52.401756,-1.445917,,,
43000046002,nwmdwapj,Binley Park Inn,52.402267,-1.446175,,,
43000046102,nwmdwapt,Harry Weston Road,52.39959,-1.442167,,,
43000046101,nwmdwapm,Harry Weston Road,52.399616,-1.442563,,,
43000046202,nwmdwata,Industrial Estate,52.397835,-1.442027,,,
43000046201,nwmdwapw,Industrial Estate,52.397602,-1.442383,,,
43000046302,nwmdwatg,Sandwick Close,52.39735,-1.44778,,,
43000046301,nwmdwatd,Sandwick Close,52.397495,-1.447896,,,
43000046402,nwmdwatm,Invicta Road,52.396027,-1.447796,,,
43000046401,nwmdwatj,Invicta Road,52.394993,-1.447265,,,
43000046501,nwmdwatp,Tom Henderson Close,52.393681,-1.449104,,,
43000046502,nwmdwatw,Tom Henderson Close,52.393436,-1.449504,,,
43000046602,nwmdwawd,William Mckee Close,52.392044,-1.449697,,,
43000046601,nwmdwawa,William Mckee Close,52.391819,-1.44945,,,
43000046702,nwmdwawj,Craigends Avenue,52.389675,-1.450461,,,
43000046701,nwmdwawg,Craigends Avenue,52.389809,-1.450489,,,
43000046802,nwmdwawp,East By-pass,52.396923,-1.43713,,,
43000046801,nwmdwawm,East By-pass,52.396709,-1.436236,,,
43000046901,nwmdwawt,Hotchkiss Way,52.39386,-1.441592,,,
43000046902,nwmdwdad,Hotchkiss Way,52.393169,-1.442248,,,
43000048901,nwmdwdat,Axholme Road,52.413986,-1.454468,,,
43000049202,nwmtmjmw,Dudley Street,52.437004,-1.483104,,,
43000049201,nwmtmjdm,Dudley Street,52.436543,-1.482904,,,
43000050101,nwmdwdgp,The Martyrs' Close,52.397427,-1.508153,,,
43000050102,nwmdwdgt,The Martyrs' Close,52.398022,-1.50844,,,
43000050201,nwmdwdgw,Lichfield Road,52.394672,-1.507434,,,
43000050502,nwmdwdjp,Galey's Road,52.394703,-1.503995,,,
43000050501,nwmdwdjm,Galey's Road,52.394665,-1.503848,,,
43000050601,nwmdwdjt,The Mount,52.393242,-1.498294,,,
43000050702,nwmdwdmd,The Park Paling,52.392769,-1.495478,,,
43000050701,nwmdwdma,The Park Paling,52.392651,-1.495201,,,
43000050802,nwmdwdmj,Gulson Road,52.403454,-1.500546,,,
43000050801,nwmdwdmg,Gulson Road,52.403385,-1.500884,,,
43000050902,nwmdwdmt,Acacia Avenue,52.401707,-1.499669,,,
43000050901,nwmdwdmp,Acacia Avenue,52.401733,-1.499433,,,
43000051101,nwmdwdpd,Quinton Lodge,52.39204,-1.506126,,,
43000051102,nwmdwdpg,Quinton Lodge,52.391815,-1.505893,,,
43000051201,nwmdwdpj,Castle Close,52.390221,-1.502575,,,
43000051202,nwmdwdpm,Castle Close,52.39003,-1.501857,,,
43000051301,nwmdwdpt,Eric Inott House,52.388386,-1.498658,,,
43000051302,nwmdwdpw,Eric Inott House,52.388134,-1.497882,,,
43000051401,nwmdwdta,Newby Close,52.385738,-1.497116,,,
43000051402,nwmdwdtd,Newby Close,52.385471,-1.497559,,,
43000051502,nwmtjgtp,Porlock Close,52.383915,-1.49981,,,
43000051501,nwmdwdtg,Porlock Close,52.383926,-1.500016,,,
43000051901,nwmdwdwd,Blondvil Street,52.393806,-1.50687,,,
43000051902,nwmdwdwg,Blondvil Street,52.393448,-1.50661,,,
43000052001,nwmdwdwj,Armorial Road,52.391891,-1.515561,,,
43000052002,nwmdwdwm,Armorial Road,52.392143,-1.51572,,,
43000052101,nwmdwdwp,King Henry VIII School,52.398815,-1.517573,,,
43000052102,nwmdwdwt,King Henry VIII School,52.399078,-1.518187,,,
43000052201,nwmdwgad,Top Green Park,52.397984,-1.516582,,,
43000052202,nwmdtgwj,Top Green Park,52.397388,-1.516853,,,
43000052301,nwmdwgag,War Memorial Park,52.394608,-1.515826,,,
43000052302,nwmdwgaj,War Memorial Park,52.394341,-1.515975,,,
43000052501,nwmdwgat,St James Church,52.389637,-1.51585,,,
43000052502,nwmdwgaw,St James Church,52.390141,-1.515948,,,
43000052601,nwmdwgda,Baginton Road,52.384514,-1.515862,,,
43000052603,nwmdwgdg,Baginton Road,52.386124,-1.516065,,,
43000052702,nwmdwgdm,Thirsk Road,52.383469,-1.515991,,,
43000052701,nwmdwgdj,Thirsk Road,52.383678,-1.516136,,,
43000052801,nwmdwgdp,Watercall Avenue,52.382515,-1.511491,,,
43000052802,nwmdwgdt,Watercall Avenue,52.382454,-1.511271,,,
43000052902,nwmdwgja,Dawlish Drive,52.381287,-1.510094,,,
43000052901,nwmdwgdw,Dawlish Drive,52.381096,-1.509656,,,
43000053001,nwmdwgjd,Maidavale Crescent,52.384621,-1.514054,,,
43000053002,nwmdwgjg,Maidavale Crescent,52.384197,-1.513294,,,
43000053101,nwmdwgjm,Bar Road,52.397583,-1.496423,,,
43000053102,nwmdwgjp,Bar Road,52.396683,-1.495787,,,
43000053201,nwmdwgjt,Whitley Village,52.394836,-1.49497,,,
43000053202,nwmdwgjw,Whitley Village,52.393677,-1.494924,,,
43000053302,nwmdwgmd,Riverside Close,52.39072,-1.486685,,,
43000053301,nwmdwgma,Riverside Close,52.390713,-1.485539,,,
43000053401,nwmdwgmg,Tonbridge Road,52.388504,-1.479393,,,
43000053402,nwmdwgmj,Tonbridge Road,52.388966,-1.480137,,,
43000053501,nwmdwgmp,Abbey Court,52.386627,-1.478019,,,
43000053502,nwmdwgmt,Abbey Court,52.386047,-1.477291,,,
43000053901,nwmdwgpj,Arnold Avenue,52.379745,-1.508613,,,
43000053902,nwmdwgpm,Arnold Avenue,52.379608,-1.5081,,,
43000054001,nwmdwgpt,Stonebridge Highway,52.380875,-1.516387,,,
43000054002,nwmdwgpw,Stonebridge Highway,52.380875,-1.51624,,,
43000054102,nwmptdmp,The Graylands,52.378185,-1.515946,,,
43000054101,nwmdtawt,The Graylands,52.378544,-1.516001,,,
43000054201,nwmdwgta,St Martins Road,52.376114,-1.515102,,,
43000054202,nwmdwgtd,St Martins Road,52.376381,-1.514966,,,
43000054301,nwmdwgtg,Alfriston Road,52.374828,-1.510944,,,
43000054302,nwmdwgtj,Alfriston Road,52.375061,-1.511176,,,
43000054601,nwmdwgtw,Crossway Road,52.378357,-1.523671,,,
43000054602,nwmdwgwa,Crossway Road,52.377861,-1.523045,,,
43000054702,nwmdwgwg,Daleway Road,52.375374,-1.519546,,,
43000054701,nwmdwgwd,Daleway Road,52.37561,-1.519852,,,
43000054901,nwmdwgwm,Bathway Road,52.381802,-1.524016,,,
43000054902,nwmdwgwp,Bathway Road,52.382099,-1.524116,,,
43000055001,nwmdwgwt,Leamington Road,52.380093,-1.517027,,,
43000055002,nwmdtdta,Leamington Road,52.379906,-1.517043,,,
43000055101,nwmdwjad,Carnegie Close,52.382999,-1.470966,,,
43000055102,nwmdwjag,Carnegie Close,52.383762,-1.472955,,,
43000055201,nwmdwjaj,Cedric Close,52.383915,-1.466753,,,
43000055202,nwmdwjam,Cedric Close,52.384228,-1.466323,,,
43000055301,nwmdwjap,Rangemoor,52.385395,-1.46434,,,
43000055302,nwmdwjat,Rangemoor,52.385967,-1.463628,,,
43000055401,nwmdwjaw,Willenhall Primary School,52.386711,-1.458873,,,
43000055501,nwmdwjdg,Lorenzo Close,52.387287,-1.458807,,,
43000055502,nwmdwjdj,Lorenzo Close,52.387428,-1.4586,,,
43000055601,nwmdwjdm,St Bernards Walk,52.388729,-1.463286,,,
43000055602,nwmtmtjw,St Bernards Walk,52.388832,-1.463006,,,
43000055603,nwmwagdg,St Bernards Walk,52.388779,-1.462727,,,
43000055702,nwmdwjdt,Laneside,52.387302,-1.456412,,,
43000055701,nwmdwjdp,Laneside,52.387226,-1.457074,,,
43000055802,nwmdwjga,Middle Ride,52.387909,-1.45373,,,
43000055801,nwmdwjdw,Middle Ride,52.387791,-1.454687,,,
43000055902,nwmdwjgj,Leasowes Cottages,52.376831,-1.521675,,,
43000055901,nwmdwjgd,Leasowes Cottages,52.37664,-1.52103,,,
43000056102,nwmdwjgt,Kenelm Court,52.380913,-1.469257,,,
43000056101,nwmdwjgp,Kenelm Court,52.381165,-1.469283,,,
43000056301,nwmdwjma,Brandon Lane,52.376328,-1.462613,,,
43000056302,nwmdwjmd,Brandon Lane,52.376701,-1.463667,,,
43000056402,nwmdwjmj,Rowley Road,52.375824,-1.46494,,,
43000056401,nwmdwjmg,Rowley Road,52.375526,-1.464386,,,
43000056702,nwmdwjpg,Arnhem Corner,52.387245,-1.463319,,,
43000056902,nwmdwjpw,Wade Avenue,52.381889,-1.519035,,,
43000056901,nwmdwjpt,Wade Avenue,52.382061,-1.518945,,,
43000057001,nwmdwjta,Hexworthy Avenue,52.38274,-1.520054,,,
43000057002,nwmtwamd,Hexworthy Avenue,52.382698,-1.520319,,,
43000057101,nwmdwjtd,Peveril Drive,52.383492,-1.52344,,,
43000057102,nwmdwjtg,Peveril Drive,52.383236,-1.52262,,,
43000057201,nwmdwjtj,Chideock Hill,52.38509,-1.522849,,,
43000057202,nwmdwjtm,Chideock Hill,52.385143,-1.523334,,,
43000057302,nwmdwjtw,Dewsbury Avenue,52.386738,-1.519717,,,
43000057301,nwmdwjtp,Dewsbury Avenue,52.387001,-1.519685,,,
43000057501,nwmdwjwg,Knoll Drive,52.386127,-1.511143,,,
43000057502,nwmwadam,Knoll Drive,52.385979,-1.511629,,,
43000057601,nwmdwjwj,Dillotford Avenue Substation,52.387878,-1.5077,,,
43000057602,nwmdwjwm,Dillotford Avenue Substation,52.387913,-1.507993,,,
43000057702,nwmdwjwt,Calvert Close,52.386986,-1.505447,,,
43000057701,nwmdwjwp,Calvert Close,52.386887,-1.504978,,,
43000057804,nwmdwmad,Croydon Close,52.386185,-1.501166,,,
43000057803,nwmdtgwm,Croydon Close,52.386024,-1.501138,,,
43000057902,nwmwgwtw,Gregory Hood Road,52.381008,-1.503237,,,
43000057901,nwmdwmag,Gregory Hood Road,52.381088,-1.503383,,,
43000058001,nwmdwmaj,Cascade Close,52.386696,-1.498016,,,
43000058002,nwmtjgpj,Cascade Close,52.386936,-1.497425,,,
43000060001,nwmdwmgd,Spencer Park,52.399597,-1.520122,,,
43000060101,nwmdwmgj,Mickleton Road,52.397511,-1.524127,,,
43000060102,nwmdwmgm,Mickleton Road,52.397503,-1.524362,,,
43000060203,nwmdwmgp,Poplar Road,52.399544,-1.531086,,,
43000060204,nwmdwmgt,Poplar Road,52.39975,-1.530967,,,
43000060301,nwmdwmgw,Earlsdon Avenue South,52.394535,-1.524041,,,
43000060302,nwmdwmja,Earlsdon Avenue South,52.394047,-1.525692,,,
43000060402,nwmdwmjg,Beechwood Avenue,52.392143,-1.529313,,,
43000060401,nwmdwmjd,Beechwood Avenue,52.393124,-1.528612,,,
43000060502,nwmdwmjp,Stoneleigh Avenue,52.389503,-1.531868,,,
43000060501,nwmdwmjm,Stoneleigh Avenue,52.390373,-1.531242,,,
43000060602,nwmdwmjw,Broadway,52.400852,-1.527898,,,
43000060601,nwmdwmjt,Broadway,52.400681,-1.528047,,,
43000060702,nwmdwmpd,Providence Street,52.398266,-1.533334,,,
43000060701,nwmdwmpa,Providence Street,52.398846,-1.532505,,,
43000060801,nwmdwmpg,Palmerston Road,52.3974,-1.534563,,,
43000060802,nwmtjwgm,Palmerston Road,52.397514,-1.534738,,,
43000060902,nwmdwmpm,Montes Court,52.398411,-1.538035,,,
43000060901,nwmdwmpj,Montes Court,52.399075,-1.537925,,,
43000061001,nwmdwmpt,Davenport Road,52.395672,-1.51893,,,
43000061002,nwmdwmpw,Davenport Road,52.395397,-1.519726,,,
43000061101,nwmdwmta,Kenpas Highway,52.387177,-1.534346,,,
43000061103,nwmdwmtg,Kenpas Highway,52.387211,-1.534038,,,
43000061202,nwmdwmtm,Burnt Post,52.384876,-1.530492,,,
43000061201,nwmdwmtj,Burnt Post,52.385124,-1.531694,,,
43000061302,nwmdwmtp,Gretna Road,52.383015,-1.527764,,,
43000061402,nwmdwmwa,Spinney Path,52.381901,-1.539132,,,
43000061401,nwmdwmtw,Spinney Path,52.382866,-1.538476,,,
43000061501,nwmdwmwd,Abberton Way,52.376785,-1.544444,,,
43000061502,nwmdwmwg,Abberton Way,52.376247,-1.544597,,,
43000061602,nwmdwmwm,Cannon Park Road,52.386944,-1.536891,,,
43000061601,nwmdwmwj,Cannon Park Road,52.387878,-1.539041,,,
43000061802,nwmdtdtg,Warwick Avenue,52.396992,-1.527366,,,
43000061801,nwmdtdtd,Warwick Avenue,52.396618,-1.526223,,,
43000061901,nwmdtdtj,Beechwood Court,52.396999,-1.538035,,,
43000061902,nwmdtdtm,Beechwood Court,52.396908,-1.537581,,,
43000062002,nwmdtdtw,Huntingdon Road,52.398323,-1.52281,,,
43000062001,nwmdtdtp,Huntingdon Road,52.398655,-1.522616,,,
43000062402,nwmdwpam,Centenary Road,52.39175,-1.552858,,,
43000062401,nwmdwpaj,Centenary Road,52.391411,-1.553126,,,
43000062701,nwmdwpda,Fletchamstead Highway,52.390179,-1.548304,,,
43000062802,nwmdwpdm,Canley Crematorium,52.390251,-1.551404,,,
43000063102,nwmdwpgd,Cannon Park Centre,52.387653,-1.553913,,,
43000063601,nwmdwpja,Lynchgate Road,52.389538,-1.556951,,,
43000063602,nwmdwpjd,Lynchgate Road,52.389751,-1.556743,,,
43000063701,nwmdwpjg,Westwood Campus,52.387875,-1.561684,,,
43000063702,nwmdwpjm,Westwood Campus,52.38747,-1.562364,,,
43000063901,nwmdwpjt,Park and Ride Car Park,52.391582,-1.52832,,,
43000064102,nwmdwpma,Stoneleigh Road,52.371124,-1.549849,,,
43000064103,nwmtmawm,Stoneleigh Road,52.370514,-1.550119,,,
43000064202,nwmdwpmg,Sir Henry Parkes Road,52.390324,-1.553622,,,
43000065102,nwmdwpmt,Varsity Pitches,52.384487,-1.567462,,,
43000065101,nwmdwpmp,Varsity Pitches,52.384396,-1.567213,,,
43000065304,nwmwtwmt,University Interchange,52.379631,-1.562514,,,
43000065301,nwmdwptd,University Interchange,52.379734,-1.562925,,,
43000065302,nwmtwdtm,University Interchange,52.379463,-1.562619,,,
43000065303,nwmagwdm,University Interchange,52.379787,-1.562674,,,
43000065305,nwmtpamj,University Interchange,52.379433,-1.56234,,,
43000065401,nwmdwptg,Torwood Close,52.388359,-1.574566,,,
43000065402,nwmdwptj,Torwood Close,52.388271,-1.574405,,,
43000065501,nwmdwptm,Longwood Close,52.387871,-1.578905,,,
43000065802,nwmdwpwa,Bockendon Road,52.386852,-1.590507,,,
43000065801,nwmdwptw,Bockendon Road,52.386406,-1.588645,,,
43000065902,nwmagptp,Woodleigh Road,52.385387,-1.58313,,,
43000065901,nwmdwpwd,Woodleigh Road,52.385284,-1.58175,,,
43000066002,nwmdwpwj,St James Church,52.403538,-1.564998,,,
43000066001,nwmdwpwg,St James Church,52.403137,-1.565767,,,
43000066102,nwmdwpwm,Moat House Lane,52.390396,-1.556487,,,
43000066101,nwmdtgwp,Moat House Lane,52.390598,-1.557072,,,
43000066201,nwmdwpwp,Northfolk Terrace,52.391106,-1.560726,,,
43000066202,nwmdwpwt,Northfolk Terrace,52.390972,-1.560875,,,
43000066402,nwmdwtam,Wendiburgh Street,52.393154,-1.565144,,,
43000066401,nwmdwtaj,Wendiburgh Street,52.39328,-1.565231,,,
43000066502,nwmtgawp,Hunt Terrace,52.391834,-1.565186,,,
43000066501,nwmdwtap,Hunt Terrace,52.391747,-1.565878,,,
43000066601,nwmdwtat,Mitchell Avenue,52.392189,-1.568871,,,
43000066602,nwmdwtaw,Mitchell Avenue,52.392376,-1.568899,,,
43000066702,nwmdwtdg,Ten Shilling Wood,52.392757,-1.572687,,,
43000066701,nwmdwtda,Ten Shilling Wood,52.392708,-1.573569,,,
43000066802,nwmdwtdm,Wolfe Road,52.393066,-1.576005,,,
43000066801,nwmdwtdj,Wolfe Road,52.393036,-1.577019,,,
43000066902,nwmtjgmd,Broadwells Crescent,52.384594,-1.574998,,,
43000066901,nwmdwtdp,Broadwells Crescent,52.384514,-1.574543,,,
43000067102,nwmdwtdw,Marler Road,52.393284,-1.579074,,,
43000067101,nwmdwtdt,Marler Road,52.393234,-1.579545,,,
43000067201,nwmdwtga,Warren Green,52.393162,-1.58244,,,
43000067202,nwmdwtgd,Warren Green,52.393303,-1.581734,,,
43000067302,nwmdwtgm,Bradney Green,52.393169,-1.584953,,,
43000067301,nwmdwtgj,Bradney Green,52.393055,-1.58563,,,
43000067401,nwmdwtgp,Marina Close,52.392712,-1.589777,,,
43000067402,nwmdwtgt,Marina Close,52.392879,-1.588997,,,
43000067701,nwmdwtjd,Charter Avenue,52.393269,-1.597105,,,
43000067702,nwmdwtjg,Charter Avenue,52.392368,-1.597187,,,
43000067803,nwmdwtjm,Westwood Heath Road,52.388798,-1.599115,,,
43000067804,nwmdwtjp,Westwood Heath Road,52.389992,-1.598604,,,
43000067902,nwmdwtjw,Cromwell Lane,52.38929,-1.598361,,,
43000067901,nwmdwtjt,Cromwell Lane,52.389313,-1.598037,,,
43000068201,nwmdwtmj,Dalmeny Road,52.392868,-1.596021,,,
43000068202,nwmtpmpd,Dalmeny Road,52.392666,-1.594759,,,
43000070101,nwmdwtmt,The Arches,52.408321,-1.527436,,,
43000070103,nwmdwtpa,The Arches,52.408474,-1.527332,,,
43000070202,nwmdwtpj,Broomfield Road,52.40321,-1.526344,,,
43000070201,nwmdwtpg,Broomfield Road,52.403469,-1.526341,,,
43000070301,nwmdwtpm,Craven Street,52.408451,-1.531007,,,
43000070302,nwmdwtpt,Craven Street,52.408298,-1.531273,,,
43000070402,nwmdwtwa,Mount Street,52.408199,-1.535243,,,
43000070401,nwmdwtpw,Mount Street,52.408295,-1.534845,,,
43000070601,nwmdtdwg,Farman Road,52.406788,-1.531392,,,
43000070602,nwmdwtwj,Farman Road,52.407032,-1.531316,,,
43000070702,nwmdwtwp,Highland Road,52.402435,-1.532717,,,
43000070701,nwmdwtwm,Highland Road,52.402344,-1.5321,,,
43000070804,nwmdwtwt,Queensland Avenue,52.404659,-1.535692,,,
43000070806,nwmgadag,Queensland Avenue,52.404453,-1.536091,,,
43000070902,nwmgadam,Glendower Avenue,52.408821,-1.55007,,,
43000070901,nwmgadaj,Glendower Avenue,52.408997,-1.550685,,,
43000071101,nwmtpgtd,Canley Park & Ride,52.400978,-1.544637,,,
43000071302,nwmgadgj,Madeira Croft,52.406071,-1.542689,,,
43000071301,nwmgadgd,Madeira Croft,52.405754,-1.542898,,,
43000071401,nwmgadgm,Maudslay Road,52.406693,-1.546152,,,
43000071402,nwmgadgp,Maudslay Road,52.406612,-1.545741,,,
43000071501,nwmgadgt,Whoberley Court,52.408752,-1.555392,,,
43000071502,nwmtjtma,Whoberley Court,52.408806,-1.555465,,,
43000071602,nwmgadja,Billing Road,52.410511,-1.544716,,,
43000071601,nwmgadgw,Billing Road,52.410336,-1.543645,,,
43000071702,nwmgadjg,Hearsall Court,52.403713,-1.547417,,,
43000071701,nwmgadjd,Hearsall Court,52.403786,-1.547769,,,
43000071802,nwmgadjp,Guphill Avenue,52.405457,-1.549281,,,
43000071801,nwmgadjm,Guphill Avenue,52.405418,-1.548487,,,
43000071902,nwmgadjt,Broadlands Close,52.406536,-1.556869,,,
43000071901,nwmgadjw,Broadlands Close,52.406551,-1.555708,,,
43000072001,nwmgadma,Hendre Close,52.405949,-1.551598,,,
43000072002,nwmgadmd,Hendre Close,52.40609,-1.553037,,,
43000072101,nwmgadmg,Farr Drive,52.404148,-1.560245,,,
43000072102,nwmgadmj,Farr Drive,52.40406,-1.560201,,,
43000072201,nwmgadmp,Middlecotes,52.403793,-1.563541,,,
43000072702,nwmgadta,Finham Park,52.397942,-1.576194,,,
43000072701,nwmgadpw,Finham Park,52.39822,-1.573457,,,
43000072802,nwmgadtg,West Park,52.398006,-1.579544,,,
43000072801,nwmgadtd,West Park,52.397915,-1.578957,,,
43000072902,nwmgadtm,Torrington Avenue,52.3997,-1.558363,,,
43000073002,nwmgadtw,Beech Tree Avenue,52.40789,-1.565941,,,
43000073001,nwmgadtp,Beech Tree Avenue,52.40789,-1.565323,,,
43000073101,nwmgadwa,Larch Tree Avenue,52.40897,-1.570722,,,
43000073102,nwmgadwd,Larch Tree Avenue,52.409054,-1.571324,,,
43000073201,nwmdtgwt,Job's Lane,52.409725,-1.573391,,,
43000073302,nwmgadwm,Wilmcote Green Shops,52.411186,-1.571524,,,
43000073301,nwmgadwj,Wilmcote Green Shops,52.410927,-1.57188,,,
43000073402,nwmtjgmg,Caithness Close,52.415421,-1.571968,,,
43000073401,nwmgadwp,Caithness Close,52.415592,-1.572055,,,
43000073502,nwmgagad,Alspath Lane,52.416569,-1.578426,,,
43000073501,nwmgadwt,Alspath Lane,52.416679,-1.579366,,,
43000073601,nwmgagag,Windermere Avenue,52.417118,-1.584156,,,
43000073602,nwmgagaj,Windermere Avenue,52.416981,-1.583098,,,
43000073702,nwmgagap,Hawthorne House,52.411457,-1.580195,,,
43000073901,nwmadatj,Parkhill Estate Terminus,52.421062,-1.573678,,,
43000074001,nwmgagat,Gravel Hill,52.401947,-1.582931,,,
43000074102,nwmgagdg,Pinnock Place,52.403168,-1.581759,,,
43000074101,nwmgagda,Pinnock Place,52.402428,-1.581751,,,
43000074201,nwmgagdm,Frisby Road,52.404587,-1.581716,,,
43000074202,nwmgagdp,Frisby Road,52.404819,-1.581831,,,
43000074302,nwmgagdt,Tile Hill Library,52.406479,-1.580052,,,
43000074303,nwmtgtat,Tile Hill Library,52.406429,-1.579685,,,
43000074402,nwmgagja,Shopping Centre,52.406639,-1.577507,,,
43000074401,nwmgagdw,Shopping Centre,52.406506,-1.577949,,,
43000074503,nwmwagda,Tile Hill North Terminus,52.406429,-1.574466,,,
43000074502,nwmtgtaw,Tile Hill North Terminus,52.406368,-1.574349,,,
43000074602,nwmgagjm,Hawthorn Lane,52.402016,-1.584106,,,
43000074601,nwmgagjg,Hawthorn Lane,52.401718,-1.586387,,,
43000074701,nwmgagjp,Hornbeam Drive,52.40144,-1.589388,,,
43000074702,nwmgagjt,Hornbeam Drive,52.401627,-1.58896,,,
43000074801,nwmgagjw,Nickson Road,52.398361,-1.585243,,,
43000074802,nwmgagma,Nickson Road,52.398197,-1.584759,,,
43000074901,nwmgagmd,Trevor Close,52.398071,-1.59496,,,
43000075001,nwmgagmj,Kings Gardens,52.407322,-1.560537,,,
43000075002,nwmgagmp,Kings Gardens,52.407383,-1.561771,,,
43000075101,nwmgagmt,Alandale Avenue,52.412285,-1.582555,,,
43000075102,nwmgagmw,Alandale Avenue,52.412243,-1.583275,,,
43000075201,nwmgagpa,Hawthorn Lane,52.412735,-1.585711,,,
43000075202,nwmgagpd,Hawthorn Lane,52.412766,-1.586519,,,
43000075301,nwmgagpg,Farcroft Avenue,52.413525,-1.592173,,,
43000075302,nwmgagpj,Farcroft Avenue,52.413651,-1.595259,,,
43000075501,nwmgagpw,Osbaston Close,52.417263,-1.586771,,,
43000075502,nwmgagta,Osbaston Close,52.417259,-1.586374,,,
43000075601,nwmgagtd,Despard Road,52.418858,-1.593638,,,
43000075602,nwmgagtg,Despard Road,52.418827,-1.594315,,,
43000075701,nwmgagtj,Church Lane,52.419544,-1.598955,,,
43000075702,nwmgagtm,Church Lane,52.419586,-1.599057,,,
43000075901,nwmgagtw,Ladbrook Road,52.413914,-1.570571,,,
43000075902,nwmgagwa,Ladbrook Road,52.413761,-1.570661,,,
43000076003,nwmgagwg,Templar Avenue,52.398373,-1.571031,,,
43000076101,nwmgagwj,Ashfield Avenue,52.401485,-1.595311,,,
43000076102,nwmgagwm,Ashfield Avenue,52.401516,-1.595546,,,
43000076202,nwmgagwt,Edgehill Place,52.40263,-1.597961,,,
43000076201,nwmgagwp,Edgehill Place,52.402847,-1.598503,,,
43000076301,nwmgajad,Tanyard Farm Terminus,52.402195,-1.599994,,,
43000076401,nwmgajaj,Avalon Court,52.406029,-1.596343,,,
43000076402,nwmgajam,Avalon Court,52.406258,-1.596547,,,
43000076501,nwmgajap,The Venue,52.409279,-1.596872,,,
43000076502,nwmgajat,The Venue,52.409603,-1.59706,,,
43000076602,nwmgajda,Bannerbrook Park,52.411751,-1.596835,,,
43000076601,nwmgajaw,Bannerbrook Park,52.411461,-1.596999,,,
43000076701,nwmgajdg,The Auction House,52.400299,-1.59519,,,
43000076702,nwmgajdj,The Auction House,52.400158,-1.595367,,,
43000076901,nwmgajdp,West Coventry Academy,52.401447,-1.591123,,,
43000077102,nwmtgtgw,Bush Close,52.410728,-1.580085,,,
43000077101,nwmgajdw,Bush Close,52.410469,-1.580352,,,
43000077401,nwmgajgj,Goldthorn Close,52.415081,-1.5926,,,
43000077402,nwmtgpma,Goldthorn Close,52.415035,-1.592718,,,
43000080101,nwmadatm,Ringway,52.409927,-1.519863,,,
43000080102,nwmadatp,Ringway,52.410088,-1.51992,,,
43000080201,nwmadatw,Meriden Street,52.41098,-1.523145,,,
43000080202,nwmadawa,Meriden Street,52.41077,-1.522324,,,
43000080302,nwmadawg,Alvis Retail Park,52.412945,-1.528813,,,
43000080301,nwmadawd,Alvis Retail Park,52.413044,-1.528709,,,
43000080402,nwmgajma,Middleborough Road,52.411579,-1.520007,,,
43000080401,nwmgajgw,Middleborough Road,52.411697,-1.519947,,,
43000080502,nwmgajmg,Duckham Court,52.414238,-1.523683,,,
43000080501,nwmgajmd,Duckham Court,52.414555,-1.523709,,,
43000080602,nwmgajmp,Loudon Avenue,52.417408,-1.527531,,,
43000080601,nwmgajmj,Loudon Avenue,52.416847,-1.526243,,,
43000081002,nwmgajpj,Overdale Road,52.409042,-1.553272,,,
43000081001,nwmgajpg,Overdale Road,52.408962,-1.553493,,,
43000081102,nwmadawm,Moseley Avenue,52.414436,-1.532855,,,
43000081101,nwmadawj,Moseley Avenue,52.414547,-1.533589,,,
43000081201,nwmadawp,Redesdale Avenue,52.416119,-1.537851,,,
43000081202,nwmadawt,Redesdale Avenue,52.416027,-1.537205,,,
43000081302,nwmgajpt,Stepping Stones Road,52.412964,-1.532827,,,
43000081301,nwmgajpm,Stepping Stones Road,52.413273,-1.532235,,,
43000081401,nwmgajpw,Sunnyside Close,52.409035,-1.535911,,,
43000081402,nwmgajta,Sunnyside Close,52.409119,-1.536145,,,
43000081501,nwmgajtd,Browett Road,52.418457,-1.52874,,,
43000081502,nwmgajtg,Browett Road,52.418846,-1.529721,,,
43000081602,nwmgajtm,Ashwood Avenue,52.42001,-1.532179,,,
43000081601,nwmgajtj,Ashwood Avenue,52.420017,-1.531796,,,
43000081704,nwmgajtw,Merrivale Road,52.408718,-1.539869,,,
43000081703,nwmgajtp,Merrivale Road,52.408653,-1.539325,,,
43000081901,nwmgajwg,Billing Road,52.407917,-1.548447,,,
43000081902,nwmgajwj,Billing Road,52.407543,-1.547363,,,
43000082002,nwmgajwp,Oldfield Road,52.411976,-1.547788,,,
43000082001,nwmgajwm,Oldfield Road,52.41164,-1.546351,,,
43000082102,nwmgamad,Lincroft Crescent,52.415112,-1.547065,,,
43000082101,nwmgajwt,Lincroft Crescent,52.414906,-1.547332,,,
43000082202,nwmgamaj,Westbury Road,52.416916,-1.546223,,,
43000082203,nwmptdmw,Westbury Road,52.417229,-1.545896,,,
43000082602,nwmgamdm,Torbay Road,52.413662,-1.551505,,,
43000082601,nwmgamdj,Torbay Road,52.413868,-1.5509,,,
43000082702,nwmgamdt,Winsford Court,52.413326,-1.555257,,,
43000082701,nwmgamdp,Winsford Court,52.413441,-1.554418,,,
43000082801,nwmgamdw,Wendover Rise,52.414001,-1.55994,,,
43000082802,nwmgamga,Wendover Rise,52.414085,-1.56066,,,
43000082901,nwmgamgd,The Chilterns,52.417332,-1.561525,,,
43000083101,nwmadgad,Southbank Road,52.417336,-1.542616,,,
43000083102,nwmadgag,Southbank Road,52.417065,-1.540972,,,
43000083201,nwmadgaj,Grayswood Avenue,52.418175,-1.546195,,,
43000083202,nwmadgam,Grayswood Avenue,52.417946,-1.544698,,,
43000083301,nwmgamgp,Christ the King Church,52.421394,-1.53459,,,
43000083303,nwmgamgt,Christ the King Church,52.421852,-1.535203,,,
43000083402,nwmgamja,Haynestone Road,52.425335,-1.538254,,,
43000083401,nwmgamgw,Haynestone Road,52.424946,-1.537802,,,
43000083501,nwmgamjd,Bablake Playing Fields,52.42659,-1.539447,,,
43000083502,nwmgamjg,Bablake Playing Fields,52.426796,-1.539489,,,
43000083601,nwmdtdwm,Duncroft Avenue,52.42815,-1.538122,,,
43000083602,nwmgamjm,Duncroft Avenue,52.428303,-1.537885,,,
43000083702,nwmgamjp,Denbigh Road,52.420856,-1.537948,,,
43000083802,nwmgamjw,Donnington Avenue,52.421139,-1.541048,,,
43000083801,nwmgamjt,Donnington Avenue,52.421196,-1.541768,,,
43000083901,nwmgampa,Tarlington Road,52.421741,-1.54557,,,
43000084101,nwmadgap,Dulverton Avenue,52.419724,-1.551914,,,
43000084102,nwmadgat,Dulverton Avenue,52.419697,-1.551341,,,
43000084201,nwmadgaw,Norton Grange,52.421917,-1.556803,,,
43000084202,nwmadgda,Norton Grange,52.421757,-1.556716,,,
43000084303,nwmtdtgp,Lion Fields Avenue,52.423225,-1.559995,,,
43000084302,nwmtdtaj,Lion Fields Avenue,52.423279,-1.559759,,,
43000084401,nwmadgdj,Allesley Post Office,52.424202,-1.566059,,,
43000084402,nwmadgdm,Allesley Post Office,52.424107,-1.565134,,,
43000084501,nwmadgdp,Neale Avenue,52.425072,-1.568845,,,
43000084502,nwmadgdt,Neale Avenue,52.424717,-1.567392,,,
43000084602,nwmgampj,Cameron Close,52.427719,-1.571628,,,
43000084601,nwmgampg,Cameron Close,52.427593,-1.571938,,,
43000084702,nwmgampt,Bree Close,52.430721,-1.568952,,,
43000084701,nwmgampm,Bree Close,52.430584,-1.568968,,,
43000084902,nwmgamtd,Hazelmere Close,52.415787,-1.563819,,,
43000084901,nwmgamta,Hazelmere Close,52.41547,-1.563293,,,
43000085101,nwmgamtg,Marystow Close,52.433731,-1.564377,,,
43000085102,nwmgamtj,Marystow Close,52.434074,-1.564109,,,
43000085201,nwmpwpmw,Carvell Close,52.435925,-1.561237,,,
43000085202,nwmpwpta,Carvell Close,52.436352,-1.560762,,,
43000085301,nwmgamtm,Freshfield Close,52.437828,-1.558262,,,
43000085302,nwmgamtp,Freshfield Close,52.438168,-1.55792,,,
43000085401,nwmgamtw,Hawkes Mill Lane,52.440865,-1.554995,,,
43000085802,nwmgamwm,Norman Place Road,52.430416,-1.533392,,,
43000086101,nwmadgdw,Windmill Farm,52.427883,-1.577921,,,
43000086202,nwmadgjg,Brickhill Lane,52.431187,-1.591509,,,
43000086201,nwmadgjd,Brickhill Lane,52.430645,-1.588823,,,
43000086301,nwmtmgwm,Newington Close,52.421059,-1.545475,,,
43000086401,nwmadgjm,Oak Lane,52.432812,-1.60157,,,
43000086502,nwmadgjw,James Dawson Drive,52.433052,-1.606775,,,
43000086501,nwmadgjt,James Dawson Drive,52.432995,-1.60554,,,
43000086801,nwmpwptd,Jaguar Works,52.435356,-1.554035,,,
43000092302,nwmwawmw,William Kirby Close,52.402466,-1.570006,,,
43000092301,nwmtmjdj,William Kirby Close,52.402588,-1.568903,,,
43000095601,nwmwjamd,Falcon Way,52.446308,-1.747167,,,
43000095602,nwmwjamg,Falcon Way,52.446274,-1.747197,,,
43000097301,nwmtdwaw,Cryfield Grange Road,52.368015,-1.552656,,,
43000097302,nwmtdwda,Cryfield Grange Road,52.367764,-1.552747,,,
43000100102,nwmadgmd,Albert Road,52.434052,-1.612032,,,
43000100101,nwmadgma,Albert Road,52.433865,-1.612254,,,
43000100202,nwmadgmj,Showell Lane,52.435001,-1.621923,,,
43000100201,nwmadgmg,Showell Lane,52.434883,-1.6221,,,
43000100301,nwmadgmp,Church Lane,52.435043,-1.635749,,,
43000100302,nwmadgmt,Church Lane,52.434967,-1.634985,,,
43000100401,nwmadgmw,Leys Lane,52.435459,-1.642086,,,
43000100402,nwmadgpa,Leys Lane,52.435417,-1.642954,,,
43000100501,nwmadgpd,Meriden Green,52.43705,-1.647913,,,
43000100502,nwmadgpg,Meriden Green,52.437263,-1.648029,,,
43000100602,nwmadgpm,Maxstoke Lane,52.440166,-1.656847,,,
43000100702,nwmadgpw,Somers Road,52.441959,-1.660467,,,
43000101702,nwmtwgat,Truggist Lane,52.397194,-1.621069,,,
43000101701,nwmgapdw,Truggist Lane,52.397392,-1.621567,,,
43000101902,nwmtwmtg,Barston Lane,52.392826,-1.67686,,,
43000101901,nwmgapga,Barston Lane,52.392857,-1.67689,,,
43000102102,nwmwgjpw,Peeping Tom,52.387363,-1.601052,,,
43000102101,nwmwgjpt,Peeping Tom,52.387024,-1.601158,,,
43000102202,nwmwgjtd,Water Tower,52.384129,-1.604343,,,
43000102201,nwmwgjta,Water Tower,52.384254,-1.603975,,,
43000102402,nwmgapgp,Electricity Station,52.385719,-1.611337,,,
43000102401,nwmgapgm,Electricity Station,52.3857,-1.611146,,,
43000102502,nwmgapgw,Nailcote Lane,52.389881,-1.617164,,,
43000102501,nwmgapgt,Nailcote Lane,52.389755,-1.617239,,,
43000102602,nwmgapjd,Bridge,52.388462,-1.620556,,,
43000102601,nwmgapja,Bridge,52.388275,-1.621145,,,
43000102901,nwmtpatp,Red Lane,52.378906,-1.607181,,,
43000102902,nwmtpatw,Red Lane,52.378639,-1.607521,,,
43000103001,nwmwdwmt,Hallmeadow Road,52.394161,-1.643227,,,
43000103102,nwmgapjw,Little Beanit Farm,52.385815,-1.627264,,,
43000103101,nwmgapjt,Little Beanit Farm,52.385921,-1.62716,,,
43000103202,nwmgapmd,Catchems Corner,52.384583,-1.635913,,,
43000103201,nwmgapma,Catchems Corner,52.384708,-1.635736,,,
43000103301,nwmadgtd,The White Horse,52.387394,-1.647307,,,
43000103302,nwmadgtg,The White Horse,52.387314,-1.647087,,,
43000103502,nwmadgtm,Kemps Green Road,52.385666,-1.65624,,,
43000103501,nwmadgtj,Kemps Green Road,52.38567,-1.656871,,,
43000103601,nwmadgtp,Balsall Street,52.386662,-1.660596,,,
43000103602,nwmadgtw,Balsall Street,52.387672,-1.659721,,,
43000103701,nwmadgwa,Dunchurch Close,52.390804,-1.653907,,,
43000103702,nwmadgwd,Dunchurch Close,52.390865,-1.65401,,,
43000104002,nwmtdwdj,Arbour Tree Lane,52.360985,-1.704861,,,
43000104001,nwmtdwdg,Arbour Tree Lane,52.360889,-1.704979,,,
43000104301,nwmadjag,Balsall Common Primary School,52.384457,-1.650578,,,
43000104302,nwmadjaj,Balsall Common Primary School,52.384312,-1.650211,,,
43000104402,nwmadjap,Balsall Common Island,52.391674,-1.650947,,,
43000104401,nwmadjam,Balsall Common Island,52.391548,-1.650874,,,
43000104601,nwmtdwdm,Rough Close,52.399109,-1.613087,,,
43000104602,nwmtdwdp,Rough Close,52.399288,-1.613041,,,
43000105002,nwmtpgjm,Hampton Grange,52.438869,-1.6529,,,
43000105001,nwmtpgjg,Hampton Grange,52.438564,-1.652358,,,
43000105102,nwmadjda,Goodway Road,52.451611,-1.762941,,,
43000105101,nwmadjaw,Goodway Road,52.450275,-1.759932,,,
43000105512,nwmtgtjm,Birmingham Airport Bus Terminal,52.453152,-1.731663,0.0,430G01055,L
43000105511,nwmtgtjg,Birmingham Airport Bus Terminal,52.453018,-1.731899,0.0,430G01055,K
43000105701,nwmadjmw,Arden Hotel,52.444836,-1.718928,,,
43000105801,nwmadjpd,Middle Bickenhill Lane,52.44503,-1.706936,,,
43000105802,nwmadjpg,Middle Bickenhill Lane,52.445808,-1.701295,,,
43000105901,nwmadjpj,Stonebridge Island,52.445766,-1.689334,,,
43000105902,nwmadjpm,Stonebridge Island,52.445236,-1.689088,,,
43000106102,nwmgapmw,Diddington Lane,52.431229,-1.695157,,,
43000106101,nwmgapmt,Diddington Lane,52.431316,-1.695024,,,
43000106301,nwmgaptg,White Lion,52.424927,-1.702524,,,
43000106401,nwmadjpt,East Way,52.44558,-1.696721,,,
43000106602,nwmtmjpm,Patrick Farm,52.429184,-1.686553,,,
43000106601,nwmdpajg,Patrick Farm,52.429428,-1.687022,,,
43000107302,nwmgaptp,The Boat Inn,52.420876,-1.737607,,,
43000107301,nwmgaptm,The Boat Inn,52.420589,-1.7383,,,
43000107402,nwmgapwa,Field Lane,52.417721,-1.750565,,,
43000107401,nwmgaptw,Field Lane,52.417568,-1.750772,,,
43000107501,nwmgapwd,Solihull By Pass,52.417309,-1.760742,,,
43000107502,nwmgapwg,Solihull By Pass,52.417156,-1.759919,,,
43000108902,nwmtgtpm,Honiley Road,52.368496,-1.66492,,,
43000108901,nwmgatag,Honiley Road,52.36853,-1.665023,,,
43000109002,nwmgataj,Blythe Avenue,52.384136,-1.640457,,,
43000109001,nwmdtjad,Blythe Avenue,52.384148,-1.641147,,,
43000109201,nwmgatam,Needlers End Lane,52.388557,-1.666782,,,
43000109202,nwmgatap,Needlers End Lane,52.388439,-1.665945,,,
43000109301,nwmgatat,Old Saracens Head,52.391045,-1.672289,,,
43000109302,nwmgataw,Old Saracens Head,52.391144,-1.672038,,,
43000109501,nwmtagjt,Oakley Estate,52.366005,-1.668787,,,
43000109502,nwmtagjw,Oakley Estate,52.366024,-1.668434,,,
43000109602,nwmtpawd,Hill Top Close,52.363724,-1.675735,,,
43000109601,nwmtpawa,Hill Top Close,52.363651,-1.675898,,,
43000109702,nwmtagmd,Chadwick End Farm,52.361496,-1.689746,,,
43000109701,nwmtagma,Chadwick End Farm,52.361588,-1.689717,,,
43000109801,nwmtagmg,Warwick Road,52.357376,-1.69907,,,
43000109802,nwmtagmj,Warwick Road,52.357243,-1.6991,,,
43000111102,nwmtagmw,The Railway,52.366272,-1.759959,,,
43000111101,nwmdpdmw,The Railway,52.366451,-1.759914,,,
43000111202,nwmgatdt,Hansell Drive,52.368786,-1.759725,,,
43000111201,nwmgatdp,Hansell Drive,52.36895,-1.759665,,,
43000111301,nwmadjwa,Gate Lane,52.375374,-1.785088,,,
43000111302,nwmadjwd,Gate Lane,52.375507,-1.785234,,,
43000111402,nwmtmjpt,Kineton Lane,52.36591,-1.782666,,,
43000111401,nwmadjwg,Kineton Lane,52.367001,-1.783601,,,
43000112601,nwmadjwj,Elmwood Close,52.391212,-1.649981,,,
43000112902,nwmtagpd,Stubbs Grove,52.419224,-1.477886,,,
43000112901,nwmdpamp,Stubbs Grove,52.419128,-1.478446,,,
43000113201,nwmgatgd,St Theresa Church,52.376209,-1.749681,,,
43000113202,nwmgatgj,St Theresa Church,52.375771,-1.750359,,,
43000114102,nwmgatgp,Hartlebury Close,52.375538,-1.755061,,,
43000114101,nwmgatgm,Hartlebury Close,52.375404,-1.754475,,,
43000114202,nwmgatgw,Mill Lane,52.378624,-1.756014,,,
43000114201,nwmgatgt,Mill Lane,52.3783,-1.756016,,,
43000114301,nwmgatja,Oakhall Drive,52.379723,-1.757271,,,
43000114302,nwmgatjd,Oakhall Drive,52.379528,-1.757463,,,
43000114802,nwmtgwjp,Bartlett Close,52.441643,-1.498512,,,
43000114801,nwmgatma,Bartlett Close,52.441647,-1.49707,,,
43000115101,nwmgatmd,Packwood Close,52.380375,-1.759795,,,
43000115102,nwmgatmg,Packwood Close,52.380619,-1.759544,,,
43000115302,nwmtmjpw,Widney Stores,52.386024,-1.761028,,,
43000115301,nwmgatmt,Widney Stores,52.385925,-1.760617,,,
43000115402,nwmgatpa,Smiths Lane,52.389915,-1.765371,,,
43000115401,nwmgatmw,Smiths Lane,52.389648,-1.765255,,,
43000115601,nwmdpapd,Hawkshead Drive,52.388966,-1.752725,,,
43000115602,nwmtagta,Hawkshead Drive,52.389053,-1.752562,,,
43000115702,nwmgatpg,Hurst Green Road,52.381596,-1.758466,,,
43000115701,nwmgatpd,Hurst Green Road,52.381302,-1.75907,,,
43000115802,nwmgatpm,Mill Lane,52.379513,-1.759682,,,
43000115801,nwmgatpj,Mill Lane,52.379433,-1.759903,,,
43000116102,nwmtagtd,Landor Road,52.389893,-1.745534,,,
43000116101,nwmdpapg,Landor Road,52.389721,-1.74527,,,
43000116806,nwmgatpt,Far Gosford Street,52.408573,-1.493167,,,
43000116807,nwmtgawj,Far Gosford Street,52.408878,-1.493237,,,
43000117002,nwmdptaw,Trinity Park,52.447639,-1.722309,,,
43000117102,nwmgatwa,Widney Road,52.37978,-1.745577,,,
43000117101,nwmgatpw,Widney Road,52.379627,-1.746224,,,
43000117201,nwmgatwd,Purnells Way,52.38221,-1.743036,,,
43000117202,nwmgatwg,Purnells Way,52.382534,-1.742902,,,
43000117301,nwmgatwj,Lodge Road,52.386158,-1.738987,,,
43000117302,nwmgatwm,Lodge Road,52.385654,-1.739225,,,
43000117502,nwmtagtm,Widney Road,52.378227,-1.747437,,,
43000118101,nwmgatwp,Knowle Green Terminus,52.386784,-1.733856,,,
43000118202,nwmtagtp,Knowle Green Church,52.388107,-1.734303,,,
43000118201,nwmdpapw,Knowle Green Church,52.388081,-1.733936,,,
43000118301,nwmgatwt,Lodge Road,52.390575,-1.737169,,,
43000118401,nwmgawad,Arden Vale Road,52.393829,-1.741279,,,
43000118402,nwmgawag,Arden Vale Road,52.393372,-1.740738,,,
43000118801,nwmdpata,Wood Hill Rise,52.442581,-1.507696,,,
43000118802,nwmtagtw,Wood Hill Rise,52.442444,-1.506903,,,
43000118901,nwmdpatd,Rollason Close,52.434818,-1.513063,,,
43000118902,nwmtagwa,Rollason Close,52.434711,-1.512784,,,
43000119101,nwmgawaw,Lightwood Close,52.397369,-1.743125,,,
43000119102,nwmgawda,Lightwood Close,52.397007,-1.74276,,,
43000119201,nwmgawdg,Jacobean Lane,52.399632,-1.746154,,,
43000119202,nwmgawdj,Jacobean Lane,52.399551,-1.745831,,,
43000119302,nwmgawdp,Lady Byron Lane,52.402092,-1.749447,,,
43000119301,nwmgawdm,Lady Byron Lane,52.402084,-1.749153,,,
43000119402,nwmgawdw,Ravenshaw Way,52.406715,-1.751171,,,
43000119401,nwmgawdt,Ravenshaw Way,52.406853,-1.752008,,,
43000119602,nwmgawgd,Gibbet Hill Campus,52.374268,-1.5539,,,
43000119601,nwmgawga,Gibbet Hill Campus,52.374653,-1.555835,,,
43000119702,nwmtagwd,Bigbury Close,52.381893,-1.502051,,,
43000119701,nwmdpatg,Bigbury Close,52.381973,-1.501639,,,
43000120001,nwmgawgj,Torcross Avenue,52.420216,-1.468331,,,
43000120102,nwmadjwt,The Barn Restaurant,52.358704,-1.779676,,,
43000120101,nwmadjwp,The Barn Restaurant,52.358612,-1.779794,,,
43000120203,nwmwtpjt,Aylesbury Road,52.355061,-1.778343,,,
43000120202,nwmadmag,Aylesbury Road,52.353565,-1.777676,,,
43000120201,nwmadmad,Aylesbury Road,52.354816,-1.777992,,,
43000120301,nwmadmaj,The Wharf,52.351517,-1.777289,,,
43000120302,nwmadmam,The Wharf,52.351318,-1.777408,,,
43000122102,nwmgawgp,Lloyds Bank College,52.38287,-1.805267,,,
43000122101,nwmgawgm,Lloyds Bank College,52.38356,-1.8045,,,
43000122202,nwmgawgw,Cheswick Green School,52.380989,-1.809712,,,
43000122201,nwmgawgt,Cheswick Green School,52.38097,-1.809184,,,
43000122302,nwmgawjd,Willow Drive,52.380905,-1.813444,,,
43000122301,nwmgawja,Willow Drive,52.381821,-1.812765,,,
43000122402,nwmgawjm,The Saxon,52.378048,-1.815116,,,
43000122401,nwmgawjg,The Saxon,52.378246,-1.814895,,,
43000123101,nwmgawjp,Vicarage Road,52.376404,-1.815123,,,
43000123102,nwmgawjt,Vicarage Road,52.376637,-1.815269,,,
43000123201,nwmgawjw,Coppice Walk,52.377831,-1.81901,,,
43000123202,nwmgawma,Coppice Walk,52.377678,-1.819495,,,
43000123301,nwmgawmd,Lady Lane,52.381527,-1.822051,,,
43000123302,nwmgawmg,Lady Lane,52.381931,-1.822167,,,
43000123402,nwmdpatj,Dickens Heath Road,52.391693,-1.825405,,,
43000123401,nwmdpatp,Dickens Heath Road,52.391666,-1.825596,,,
43000123602,nwmtagwp,Hinckley Road,52.424641,-1.443455,,,
43000123601,nwmdpawa,Hinckley Road,52.424686,-1.443527,,,
43000123701,nwmdpawd,Walsgrave Infants School,52.426033,-1.44126,,,
43000123702,nwmtagwt,Walsgrave Infants School,52.425812,-1.441381,,,
43000123801,nwmgawmj,Leeming Close,52.385925,-1.555503,,,
43000123901,nwmgawmp,Prior Deram Park,52.394215,-1.560593,,,
43000124101,nwmdpawg,Lowbrook Lane,52.378269,-1.859289,,,
43000124102,nwmtajad,Lowbrook Lane,52.37809,-1.859201,,,
43000124201,nwmdpawj,Norton Lane,52.376961,-1.854504,,,
43000124202,nwmtajag,Norton Lane,52.37698,-1.85468,,,
43000124301,nwmdpawm,Rumbush Lane,52.374184,-1.849343,,,
43000124302,nwmtajaj,Rumbush Lane,52.374283,-1.849122,,,
43000124401,nwmdpawp,Red Lion,52.367981,-1.836248,,,
43000124402,nwmtajam,Red Lion,52.368137,-1.836204,,,
43000124502,nwmtajap,Tilehouse Lane,52.380859,-1.852905,,,
43000124501,nwmdpawt,Tilehouse Lane,52.381111,-1.852889,,,
43000124601,nwmtmwmw,Fishers Drive,52.384666,-1.84036,,,
43000124602,nwmtmwpa,Fishers Drive,52.384403,-1.840552,,,
43000124701,nwmdpdag,Tythe Barn Lane,52.390308,-1.83142,,,
43000124702,nwmdpdad,Tythe Barn Lane,52.39035,-1.831214,,,
43000125602,nwmtajat,Houndsfield Lane,52.388348,-1.850676,,,
43000125601,nwmdpdaj,Houndsfield Lane,52.388535,-1.850955,,,
43000126001,nwmgawmt,Tiverton Road,52.419132,-1.465565,,,
43000126002,nwmgawmw,Tiverton Road,52.419224,-1.46552,,,
43000127701,nwmgawpa,Wyken Avenue,52.417217,-1.461015,,,
43000127802,nwmgawpd,The Chesils,52.385063,-1.51471,,,
43000127902,nwmagwpg,Fenside Avenue,52.379795,-1.505322,,,
43000127901,nwmgawpg,Fenside Avenue,52.379902,-1.505379,,,
43000128601,nwmadmat,A45 Bridge,52.438705,-1.617066,,,
43000129202,nwmtajdj,Shutt Lane,52.369591,-1.821952,,,
43000129201,nwmtajdg,Shutt Lane,52.368324,-1.822397,,,
43000129301,nwmdpdam,Vicarage Road,52.373535,-1.821143,,,
43000129302,nwmtajdm,Vicarage Road,52.372997,-1.821409,,,
43000130102,nwmadmdg,Monkspath Hall Road,52.388115,-1.802085,,,
43000130101,nwmadmda,Monkspath Hall Road,52.388187,-1.802746,,,
43000130202,nwmadmdm,The Plough,52.385815,-1.798672,,,
43000130201,nwmadmdj,The Plough,52.386303,-1.798905,,,
43000130302,nwmadmdt,Notcutts,52.382732,-1.792648,,,
43000130301,nwmadmdp,Notcutts,52.382732,-1.793235,,,
43000130502,nwmgawpt,Cranbrook Way,52.392101,-1.804669,,,
43000130501,nwmgawpm,Cranbrook Way,52.391327,-1.803673,,,
43000130604,nwmwatpa,Cranmore Avenue,52.398739,-1.807197,,,
43000130603,nwmgawpw,Cranmore Avenue,52.399021,-1.808563,,,
43000130702,nwmtgawt,St James Place,52.370998,-1.798137,,,
43000130701,nwmgawta,St James Place,52.371071,-1.798239,,,
43000130801,nwmtgdad,Blythe Valley Park,52.374531,-1.79771,,,
43000130901,nwmtmapa,Baroda Farm,52.387772,-1.824568,,,
43000130902,nwmtmapd,Baroda Farm,52.388462,-1.824594,,,
43000131202,nwmadmgj,Dog Kennel Lane,52.392563,-1.81172,,,
43000131201,nwmadmgd,Dog Kennel Lane,52.392849,-1.811837,,,
43000131302,nwmgawtg,Kettlebrook Road,52.390564,-1.783515,,,
43000131301,nwmgawtd,Kettlebrook Road,52.390797,-1.783323,,,
43000131402,nwmgawtj,Hawbridge Close,52.388962,-1.787652,,,
43000131501,nwmgawtm,Stapenhall Road,52.387432,-1.792758,,,
43000131602,nwmgawtw,Kemerton Way,52.387337,-1.795609,,,
43000131601,nwmgawtp,Kemerton Way,52.387455,-1.795182,,,
43000131801,nwmgdadj,Rowthorn Drive,52.387932,-1.789523,,,
43000131901,nwmgdadm,Elmbridge Drive,52.389271,-1.784741,,,
43000132001,nwmptapg,Shelly Lane,52.389446,-1.786739,,,
43000132202,nwmgdadw,Maidwell Drive,52.398285,-1.809697,,,
43000132201,nwmgdadt,Maidwell Drive,52.398563,-1.809299,,,
43000132303,nwmgdagj,Stirling Road,52.397926,-1.804805,,,
43000132302,nwmgdagd,Stirling Road,52.398117,-1.805686,,,
43000132401,nwmgdagm,Radway Road,52.397167,-1.802339,,,
43000132402,nwmgdagp,Radway Road,52.396393,-1.801167,,,
43000132502,nwmadmgp,Brick Kiln Lane,52.401134,-1.797648,,,
43000132501,nwmadmgm,Brick Kiln Lane,52.400978,-1.797266,,,
43000132601,nwmadmgt,Northdown Road,52.402195,-1.803963,,,
43000132602,nwmadmgw,Northdown Road,52.402321,-1.803683,,,
43000132701,nwmgdagt,Swallows Meadow,52.395702,-1.812824,,,
43000132702,nwmgdagw,Swallows Meadow,52.395798,-1.812515,,,
43000132902,nwmtpjtp,Singer Close,52.433769,-1.479568,,,
43000132901,nwmtpjtm,Singer Close,52.433483,-1.480101,,,
43000133001,nwmtwpaw,Aylesbury Close,52.353909,-1.777175,,,
43000133302,nwmgdajd,Palefield Road,52.389015,-1.798937,,,
43000133301,nwmgdaja,Palefield Road,52.388519,-1.79816,,,
43000133401,nwmgdajg,Rainsbrook Drive,52.39032,-1.799431,,,
43000133402,nwmgdajm,Rainsbrook Drive,52.390491,-1.799518,,,
43000134002,nwmwapwt,Coombe Court,52.40498,-1.437527,,,
43000134202,nwmwgmjt,Camville,52.403664,-1.436795,,,
43000134201,nwmwgmjp,Camville,52.403549,-1.437707,,,
43000134301,nwmwgmjw,Middlefield Drive,52.399918,-1.437606,,,
43000134302,nwmwgmpa,Middlefield Drive,52.399773,-1.437314,,,
43000134501,nwmwgtwa,Morrisons Binley,52.398544,-1.435875,,,
43000134502,nwmwgtwd,Morrisons Binley,52.398426,-1.435847,,,
43000134601,nwmwgtwg,Warwickshire Shopping Park,52.398388,-1.433231,,,
43000135101,nwmadmjp,Hillfield Park,52.394154,-1.786599,,,
43000135102,nwmadmjt,Hillfield Park,52.393383,-1.787029,,,
43000135202,nwmadmjw,Knightcote Drive,52.397255,-1.786011,,,
43000135301,nwmgdajp,Hollyberry Avenue,52.399342,-1.792159,,,
43000135302,nwmgdajt,Hollyberry Avenue,52.399551,-1.792511,,,
43000135401,nwmgdajw,Farmhouse Way,52.391922,-1.784361,,,
43000135402,nwmgdama,Farmhouse Way,52.391941,-1.785493,,,
43000136101,nwmgdamd,Stonebow Avenue,52.39632,-1.781415,,,
43000136102,nwmgdamg,Stonebow Avenue,52.396366,-1.78215,,,
43000136301,nwmptapm,Monkspath Hall Road,52.402054,-1.780432,,,
43000136302,nwmtajgj,Monkspath Hall Road,52.401974,-1.780476,,,
43000139201,nwmgdapa,Deer Park Way,52.400928,-1.774984,,,
43000139202,nwmgdapd,Deer Park Way,52.401073,-1.775292,,,
43000139302,nwmgdapj,Solihull Sixth Form College,52.404476,-1.776333,,,
43000139301,nwmgdapg,Solihull Sixth Form College,52.406067,-1.777545,,,
43000139402,nwmgdapt,Whitefields Road,52.407795,-1.777507,,,
43000139401,nwmgdapm,Whitefields Road,52.408947,-1.779339,,,
43000139501,nwmwdawt,Wexford Road,52.436722,-1.464735,,,
43000139701,nwmgdapw,Wood End Health Centre,52.435627,-1.464631,,,
43000139702,nwmgdata,Wood End Health Centre,52.4356,-1.464807,,,
43000139802,nwmgdatd,Bellbrooke Close,52.436676,-1.474268,,,
43000139903,nwmgdatg,Honeysuckle Drive,52.439541,-1.473189,,,
43000139904,nwmtgpwa,Honeysuckle Drive,52.439487,-1.473719,,,
43000140101,nwmgdatj,Prince Of Wales,52.40472,-1.869142,,,
43000140102,nwmgdatm,Prince Of Wales,52.404686,-1.868672,,,
43000140202,nwmgdatw,Peterbrook Road,52.405495,-1.862305,,,
43000140201,nwmgdatp,Peterbrook Road,52.405655,-1.861863,,,
43000140301,nwmgdawa,Peterbrook School,52.406029,-1.858349,,,
43000140302,nwmgdawd,Peterbrook School,52.406193,-1.857849,,,
43000140401,nwmptapw,Peterbrook Rise,52.402142,-1.855907,,,
43000140402,nwmtajgm,Peterbrook Rise,52.402252,-1.855759,,,
43000140602,nwmtajgt,Hargrave Road,52.404724,-1.863498,,,
43000140601,nwmptatd,Hargrave Road,52.404804,-1.863747,,,
43000140702,nwmtmdmp,Grafton Road,52.40749,-1.86909,,,
43000140701,nwmgdawg,Grafton Road,52.407822,-1.86906,,,
43000140801,nwmgdawj,Sunhaven,52.405121,-1.865893,,,
43000140902,nwmtmgwd,Loxley Avenue,52.409817,-1.866231,,,
43000140901,nwmgdawm,Loxley Avenue,52.409904,-1.866496,,,
43000141101,nwmgdawp,Windmill Road,52.406544,-1.851924,,,
43000141102,nwmgdawt,Windmill Road,52.406338,-1.851513,,,
43000141201,nwmgdgad,Brook Close,52.403347,-1.846643,,,
43000141202,nwmgdgag,Brook Close,52.403175,-1.846467,,,
43000141402,nwmgdgat,Sansome Road,52.405964,-1.842606,,,
43000141401,nwmgdgap,Sansome Road,52.405525,-1.842799,,,
43000141708,nwmadmpw,Embassy Drive,52.471581,-1.920426,,,
43000141801,nwmgdgdg,Solihull Gate,52.397785,-1.817739,,,
43000141802,nwmgdgdj,Solihull Gate,52.397858,-1.8179,,,
43000141901,nwmadmta,Marshall Lake Road,52.40274,-1.808208,,,
43000141902,nwmadmtd,Marshall Lake Road,52.402912,-1.808693,,,
43000142003,nwmadmtg,Marshall Lake Road,52.396957,-1.817522,,,
43000142301,nwmgdgdw,Hurdis Road,52.404716,-1.830322,,,
43000142302,nwmgdgja,Hurdis Road,52.405006,-1.830306,,,
43000142401,nwmgdgjd,Antony Road,52.401794,-1.830436,,,
43000142402,nwmgdgjg,Antony Road,52.402111,-1.831919,,,
43000142504,nwmgdgjm,Marshall Lake Road,52.403267,-1.810529,,,
43000142701,nwmtgwgw,Oberon Drive,52.403229,-1.833944,,,
43000142702,nwmtgwgt,Oberon Drive,52.403267,-1.833797,,,
43000142801,nwmwdwmg,Green Lane Park,52.40398,-1.849624,,,
43000142802,nwmwdwmp,Green Lane Park,52.403782,-1.849743,,,
43000142901,nwmwgdpd,Yoxall Road,52.405632,-1.81609,,,
43000143101,nwmgdgjp,Light Hall School,52.400776,-1.827971,,,
43000143201,nwmgdgjt,Lillington Road,52.398468,-1.830419,,,
43000143202,nwmgdgjw,Lillington Road,52.39864,-1.830477,,,
43000143302,nwmgdgmd,Baxters Road,52.396881,-1.827795,,,
43000143301,nwmgdgma,Baxters Road,52.39698,-1.828015,,,
43000143402,nwmgdgmj,Tanworth Lane Surgery,52.394039,-1.825043,,,
43000143401,nwmgdgmg,Tanworth Lane Surgery,52.394352,-1.825042,,,
43000143601,nwmgdgmt,Maxstoke Croft,52.396175,-1.824329,,,
43000143602,nwmgdgmw,Maxstoke Croft,52.396175,-1.824461,,,
43000144001,nwmwagaj,Canal Bridge,52.406548,-1.855113,,,
43000144002,nwmwagam,Canal Bridge,52.406414,-1.855511,,,
43000144102,nwmgdgpg,The Colebrook,52.408291,-1.83979,,,
43000144101,nwmgdgpd,The Colebrook,52.408657,-1.839171,,,
43000144201,nwmgdgpj,Haslucks Croft,52.411118,-1.835134,,,
43000144202,nwmgdgpm,Haslucks Croft,52.41169,-1.833839,,,
43000144301,nwmgdgpt,Blythsford Road,52.413326,-1.841242,,,
43000144302,nwmgdgpw,Blythsford Road,52.413372,-1.841124,,,
43000145101,nwmadmtj,Sandy Hill Road,52.417152,-1.830981,,,
43000145102,nwmadmtm,Sandy Hill Road,52.418266,-1.831638,,,
43000145201,nwmgdgta,Trinity Way,52.414948,-1.829607,,,
43000145202,nwmgdgtd,Trinity Way,52.414909,-1.829828,,,
43000145502,nwmwgjwm,Pailton Road,52.417801,-1.826905,,,
43000145501,nwmwgjwj,Pailton Road,52.417912,-1.827184,,,
43000146001,nwmptatj,Lawnswood Avenue,52.408398,-1.814388,,,
43000146002,nwmtajgw,Lawnswood Avenue,52.40871,-1.81443,,,
43000146102,nwmadmtw,Jacey Road,52.41465,-1.828549,,,
43000146101,nwmadmtp,Jacey Road,52.414658,-1.828285,,,
43000146202,nwmadmwd,Saracens Head,52.412167,-1.826912,,,
43000146201,nwmadmwa,Saracens Head,52.411354,-1.826739,,,
43000146302,nwmgdgtg,Sutherland Avenue,52.410175,-1.825053,,,
43000146303,nwmgdgtj,Sutherland Avenue,52.410309,-1.824935,,,
43000146403,nwmadmwj,St James Church,52.408028,-1.825179,,,
43000146401,nwmadmwg,St James Church,52.40728,-1.824432,,,
43000146502,nwmadmwm,Union Road,52.404644,-1.822532,,,
43000146702,nwmgdgtw,Thornyfield Road,52.411373,-1.819785,,,
43000146701,nwmgdgtp,Thornyfield Road,52.411739,-1.818608,,,
43000147002,nwmgdgwa,Hampton-in-Arden Church,52.424145,-1.702882,,,
43000147101,nwmadmwp,Bishopton Close,52.403061,-1.821936,,,
43000147102,nwmadmwt,Bishopton Close,52.403088,-1.8222,,,
43000147203,nwmadpad,School Road,52.405869,-1.823659,,,
43000147301,nwmadpag,Harwood Grove,52.399757,-1.821258,,,
43000147302,nwmadpaj,Harwood Grove,52.400002,-1.821125,,,
43000147404,nwmadpam,Blackford Road,52.397869,-1.819634,,,
43000147502,nwmgdgwg,Cranmore Road,52.400505,-1.814406,,,
43000147501,nwmgdgwd,Cranmore Road,52.400299,-1.81495,,,
43000147601,nwmadpap,Connaught House,52.395348,-1.815809,,,
43000147602,nwmadpat,Connaught House,52.395264,-1.815295,,,
43000147702,nwmgdgwj,Shirley Church,52.40712,-1.825241,,,
43000147803,nwmgdgwm,Skelcher Road,52.411934,-1.836102,,,
43000147901,nwmgdgwp,Highfield Road Island,52.424374,-1.847923,,,
43000147903,nwmgdgwt,Highfield Road Island,52.42408,-1.848086,,,
43000148101,nwmgdjad,Stanway Road,52.412647,-1.813517,,,
43000148102,nwmgdjag,Stanway Road,52.412392,-1.8154,,,
43000148204,nwmtdmtg,Ashwell Drive,52.413452,-1.809677,,,
43000148201,nwmgdjaj,Ashwell Drive,52.41296,-1.812546,,,
43000148301,nwmgdjam,Prospect Lane,52.413979,-1.807984,,,
43000148304,nwmgdjap,Prospect Lane,52.413567,-1.809059,,,
43000148402,nwmgdjaw,Sharmans Cross Junior School,52.414764,-1.804584,,,
43000148401,nwmgdjat,Sharmans Cross Junior School,52.414925,-1.804333,,,
43000148801,nwmgdjdw,Woodside Way,52.416332,-1.800284,,,
43000148802,nwmgdjga,Woodside Way,52.416042,-1.800579,,,
43000148902,nwmgdjgj,Lawnswood Avenue,52.412247,-1.814401,,,
43000149104,nwmtmgtp,Widney Lane,52.40263,-1.810517,,,
43000149103,nwmadpaw,Widney Lane,52.40287,-1.810354,,,
43000149202,nwmadpdg,Charles Road,52.404633,-1.805143,,,
43000149201,nwmadpda,Charles Road,52.404831,-1.804863,,,
43000149302,nwmtajmg,Allotments,52.396412,-1.819978,,,
43000149301,nwmptatw,Allotments,52.396503,-1.820198,,,
43000149401,nwmwdpwj,Radbourne Road,52.411552,-1.813875,,,
43000149501,nwmwdptw,Barford Road,52.406811,-1.816437,,,
43000149502,nwmwdpwa,Barford Road,52.406773,-1.816908,,,
43000150102,nwmgdjgw,Chadwell Drive,52.423252,-1.829619,,,
43000150101,nwmgdjgt,Chadwell Drive,52.422894,-1.828429,,,
43000150202,nwmtajmj,Moseley Cricket Club,52.422512,-1.826534,,,
43000150201,nwmptawa,Moseley Cricket Club,52.422573,-1.825887,,,
43000150302,nwmgdjmd,Robin Hood Cemetery,52.420834,-1.821188,,,
43000150301,nwmgdjma,Robin Hood Cemetery,52.420986,-1.821364,,,
43000150402,nwmgdjmj,Ralph Road,52.415215,-1.810581,,,
43000150502,nwmgdjmt,Baxterley Green,52.417744,-1.813055,,,
43000150501,nwmgdjmp,Baxterley Green,52.417702,-1.813187,,,
43000150601,nwmgdjmw,Streetsbrook Road,52.421295,-1.813819,,,
43000150602,nwmgdjpa,Streetsbrook Road,52.421333,-1.813496,,,
43000150702,nwmgdjpg,Langley Jun & Inf School,52.42284,-1.812725,,,
43000150703,nwmgdjpj,Langley Jun & Inf School,52.42366,-1.812442,,,
43000150802,nwmgdjpt,Monastery Drive,52.425949,-1.810697,,,
43000150801,nwmgdjpm,Monastery Drive,52.425751,-1.811051,,,
43000150902,nwmgdjta,Woodlea Drive,52.420891,-1.807866,,,
43000151102,nwmgdjtg,Langley School,52.428375,-1.810084,,,
43000151101,nwmgdjtd,Langley School,52.428196,-1.809967,,,
43000151201,nwmgdjtj,Gunns Way,52.431049,-1.812469,,,
43000151202,nwmgdjtm,Gunns Way,52.431362,-1.812689,,,
43000151301,nwmgdjtp,Allesley Road,52.433521,-1.812091,,,
43000151302,nwmgdjtw,Allesley Road,52.434166,-1.812,,,
43000151401,nwmgdjwa,Kineton Green School,52.435513,-1.810377,,,
43000151402,nwmgdjwd,Kineton Green School,52.435692,-1.810332,,,
43000151501,nwmwdtmp,Warwick Road,52.429077,-1.7993,,,
43000151601,nwmptawd,Greswolde Road,52.427555,-1.802542,,,
43000151801,nwmgdjwg,Streetsbrook Road,52.4203,-1.81375,,,
43000151901,nwmwdtmt,Cheltondale Road,52.424477,-1.800247,,,
43000152101,nwmadpdj,Collingtree Court,52.441395,-1.810616,,,
43000152102,nwmadpdm,Collingtree Court,52.440575,-1.809502,,,
43000152201,nwmadpdp,Warwick Grove,52.439926,-1.808916,,,
43000152403,nwmwtwmg,Olton Library,52.43787,-1.805703,,,
43000152404,nwmapawd,Olton Library,52.438034,-1.806306,,,
43000152501,nwmadpga,Reservoir Road,52.433464,-1.800413,,,
43000152502,nwmadpgd,Reservoir Road,52.433807,-1.800926,,,
43000152601,nwmgdmad,Chelmscote Road,52.436188,-1.798724,,,
43000152602,nwmgdmag,Chelmscote Road,52.436832,-1.797809,,,
43000152702,nwmgdmam,St Margaret's Church,52.43782,-1.807116,,,
43000152701,nwmgdmaj,St Margaret's Church,52.438015,-1.806924,,,
43000152901,nwmwdtmw,Miall Park Road,52.422005,-1.807611,,,
43000153102,nwmadpgm,Grange Road,52.428913,-1.798124,,,
43000153101,nwmadpgj,Grange Road,52.430138,-1.798707,,,
43000153201,nwmadpgp,Broad Oaks Road,52.424854,-1.795731,,,
43000153202,nwmadpgt,Broad Oaks Road,52.424576,-1.79485,,,
43000153302,nwmadpja,Seven Star Road,52.421329,-1.790409,,,
43000153301,nwmadpgw,Seven Star Road,52.421589,-1.790452,,,
43000153402,nwmadpjg,Ashleigh Road,52.419334,-1.786419,,,
43000153401,nwmadpjd,Ashleigh Road,52.41959,-1.786918,,,
43000154103,nwmgdmat,Heathcote Avenue,52.411476,-1.806583,,,
43000154101,nwmgdmap,Heathcote Avenue,52.412819,-1.807518,,,
43000154201,nwmgdmaw,Hollyfield Avenue,52.40937,-1.805475,,,
43000154202,nwmgdmda,Hollyfield Avenue,52.408371,-1.803951,,,
43000154301,nwmadpjm,Dingle Lane,52.406673,-1.799445,,,
43000154302,nwmadpjp,Dingle Lane,52.406548,-1.800048,,,
43000154501,nwmadpjw,Alder Park Road,52.408081,-1.79597,,,
43000154601,nwmadpma,Solihull College,52.410637,-1.792841,,,
43000154602,nwmadpmd,Solihull College,52.409874,-1.794138,,,
43000155101,nwmgdmdg,Bryanston Road,52.419937,-1.802297,,,
43000155203,nwmgdmdp,Sharmans Cross Road,52.417953,-1.797351,,,
43000155302,nwmtajmw,Stonor Park Road,52.422504,-1.799212,,,
43000155401,nwmptawj,Stonor Park Road,52.422626,-1.80302,,,
43000156101,nwmadptm,Parklands,52.412685,-1.791597,,,
43000156503,nwmgdmdw,Broadoaks,52.41769,-1.792044,,,
43000156501,nwmgdmdt,Broadoaks,52.41695,-1.790547,,,
43000157001,nwmwdtmj,Bushell Drive,52.417046,-1.76861,,,
43000157101,nwmgdmga,Solihull School,52.414093,-1.771051,,,
43000157102,nwmgdmgd,Solihull School,52.413914,-1.771125,,,
43000157201,nwmgdmgj,School Lane,52.414043,-1.767787,,,
43000157202,nwmgdmgm,School Lane,52.41468,-1.76749,,,
43000157302,nwmgdmgt,Brueton Avenue,52.413277,-1.767424,,,
43000157301,nwmgdmgp,Brueton Avenue,52.413483,-1.76754,,,
43000157402,nwmgdmja,Marsh Lane,52.410614,-1.762557,,,
43000157401,nwmgdmgw,Marsh Lane,52.410759,-1.762247,,,
43000157502,nwmgdmjg,Oakland Close,52.417397,-1.763506,,,
43000157501,nwmgdmjd,Oakland Close,52.417297,-1.764212,,,
43000157601,nwmadtaj,Yew Tree Lane,52.418922,-1.762557,,,
43000157701,nwmwdatm,Malvern Park Avenue,52.412495,-1.7725,,,
43000157702,nwmwgtwm,Malvern Park Avenue,52.412468,-1.772985,,,
43000157801,nwmwdtpa,Lode Lane,52.423565,-1.777811,,,
43000157901,nwmwdtpd,Greswolde School,52.424507,-1.782071,,,
43000158001,nwmwdtpg,Cold Lands Wood,52.424767,-1.787319,,,
43000158106,nwmagtdm,Solihull Town Centre,52.414211,-1.780475,,,
43000158101,nwmadtap,Solihull Town Centre,52.414165,-1.780195,,,
43000158105,nwmadtdg,Solihull Town Centre,52.414131,-1.780725,,,
43000158104,nwmadtda,Solihull Town Centre,52.413948,-1.779844,,,
43000158102,nwmadtat,Solihull Town Centre,52.414101,-1.779902,,,
43000158103,nwmadtaw,Solihull Town Centre,52.413982,-1.780005,,,
43000158107,nwmdmgmg,Solihull Town Centre,52.414173,-1.779269,,,
43000158108,nwmdmjma,Solihull Town Centre,52.414326,-1.779136,,,
43000158109,nwmwjgdt,Solihull Town Centre,52.413967,-1.779917,,,
43000158202,nwmgdmjp,St Alphege Church,52.411854,-1.776223,,,
43000158201,nwmgdmjm,St Alphege Church,52.411701,-1.77615,,,
43000158402,nwmadtdj,Lode Lane,52.416107,-1.780303,,,
43000158403,nwmadtdm,Lode Lane,52.41608,-1.78048,,,
43000159202,nwmwtwdp,Grove Avenue,52.419376,-1.774935,,,
43000159302,nwmtdtwg,House Of Fraser,52.414955,-1.77556,,,
43000159301,nwmdtdwp,House Of Fraser,52.414703,-1.774591,,,
43000159501,nwmadtgt,Solihull Hospital,52.418015,-1.776603,,,
43000159502,nwmadtgw,Solihull Hospital,52.416641,-1.777287,,,
43000160102,nwmadtja,Grove Road,52.419991,-1.776005,,,
43000160103,nwmadtjd,Grove Road,52.419758,-1.776154,,,
43000160201,nwmadtjg,Lode Heath School,52.426781,-1.776456,,,
43000160202,nwmadtjm,Lode Heath School,52.425766,-1.776947,,,
43000160301,nwmadtjp,Rowood Drive,52.428417,-1.777581,,,
43000160402,nwmadtma,Henley Crescent,52.431023,-1.780362,,,
43000160401,nwmadtjw,Henley Crescent,52.431553,-1.780977,,,
43000160502,nwmadtmg,Alston Road,52.423405,-1.770576,,,
43000160501,nwmadtmd,Alston Road,52.423714,-1.771251,,,
43000160701,nwmgdmjw,Heath Road,52.4221,-1.765334,,,
43000160702,nwmgdmpa,Heath Road,52.421921,-1.765232,,,
43000160801,nwmadtmj,Hermitage Road,52.422455,-1.77714,,,
43000160802,nwmwjdtg,Hermitage Road,52.422932,-1.777035,,,
43000160901,nwmdpdpd,Moat Lane,52.423573,-1.772649,,,
43000161001,nwmgdmpd,Redlands Road,52.421825,-1.775731,,,
43000161101,nwmadtmp,Dovehouse Lane,52.436489,-1.78213,,,
43000161102,nwmadtmt,Dovehouse Lane,52.434132,-1.781185,,,
43000161201,nwmadtpa,Castle Lane,52.439045,-1.783485,,,
43000161202,nwmadtpd,Castle Lane,52.439461,-1.784072,,,
43000161203,nwmtgtwg,Castle Lane,52.440601,-1.784346,,,
43000161302,nwmwatwj,Highwood Avenue,52.440289,-1.789025,,,
43000161301,nwmwatwg,Highwood Avenue,52.440304,-1.788554,,,
43000161501,nwmwgwap,Frankton Close,52.440861,-1.782858,,,
43000161502,nwmwgwat,Frankton Close,52.440849,-1.782417,,,
43000162002,nwmwgawg,Dovecote Close,52.434845,-1.782947,,,
43000162001,nwmwdatp,Dovecote Close,52.434731,-1.782741,,,
43000162102,nwmadtpj,Dursley Close,52.434525,-1.784919,,,
43000162101,nwmadtpg,Dursley Close,52.43449,-1.784581,,,
43000162201,nwmadtpm,The Highwood,52.43705,-1.787982,,,
43000162301,nwmadtpw,Oakham Way,52.439354,-1.789191,,,
43000162302,nwmadtwa,Oakham Way,52.439579,-1.789647,,,
43000162502,nwmgdmpj,Highwood Avenue,52.436733,-1.78838,,,
43000162601,nwmgdmpm,Onslow Crescent,52.438522,-1.792123,,,
43000162701,nwmgdmpw,Brackleys Way,52.440536,-1.793687,,,
43000162802,nwmgdmtg,Dene Court Road,52.43816,-1.796479,,,
43000162801,nwmgdmtd,Dene Court Road,52.438278,-1.796611,,,
43000163002,nwmwdpwg,Colesbourne Road,52.444576,-1.788652,,,
43000163001,nwmwdpwd,Colesbourne Road,52.44434,-1.788785,,,
43000163202,nwmadtwt,Olton Park,52.44418,-1.793009,,,
43000163201,nwmadtwp,Olton Park,52.444069,-1.792465,,,
43000163302,nwmadwag,Ulleries Road,52.444519,-1.797332,,,
43000163301,nwmadwad,Ulleries Road,52.4445,-1.79723,,,
43000163401,nwmadwaj,Olton Primary School,52.445984,-1.796899,,,
43000163402,nwmadwam,Olton Primary School,52.446289,-1.797089,,,
43000163502,nwmtmtjm,Eastbury Drive,52.444275,-1.796716,,,
43000163501,nwmadwap,Eastbury Drive,52.444164,-1.795951,,,
43000163602,nwmgdmtm,Rock Road,52.44548,-1.803669,,,
43000163601,nwmgdmtj,Rock Road,52.44548,-1.803257,,,
43000163701,nwmgdmtp,Lincoln Road North,52.44635,-1.807608,,,
43000163702,nwmwdmag,Lincoln Road North,52.446461,-1.807549,,,
43000163801,nwmgdmtw,Fernhill Road,52.444424,-1.800849,,,
43000163802,nwmgdmwa,Fernhill Road,52.443787,-1.801588,,,
43000163902,nwmtptdm,Barrington Road,52.441158,-1.804085,,,
43000163901,nwmgdmwd,Barrington Road,52.441246,-1.803673,,,
43000164102,nwmadwaw,Daylesford Infant School,52.448902,-1.79459,,,
43000164101,nwmadwat,Daylesford Infant School,52.448265,-1.795785,,,
43000164201,nwmadwda,Marcot Road,52.454643,-1.794372,,,
43000164502,nwmadwdt,The Lyndon,52.448215,-1.798507,,,
43000164501,nwmadwdp,The Lyndon,52.447884,-1.79873,,,
43000164701,nwmtmgmt,Coverdale Road,52.450806,-1.793978,,,
43000164702,nwmtmgpd,Coverdale Road,52.450634,-1.794082,,,
43000164802,nwmtmgpa,Thurlston Ave Middle,52.450577,-1.796672,,,
43000164801,nwmtmgmw,Thurlston Ave Middle,52.45079,-1.796112,,,
43000164901,nwmwamwp,Amberley Road,52.450542,-1.798688,,,
43000165002,nwmwdtmd,no. 35,52.451603,-1.792282,,,
43000165001,nwmwdtma,no. 35,52.451622,-1.792444,,,
43000165101,nwmadwdw,Hobs Meadow,52.442696,-1.784483,,,
43000165202,nwmadwgj,Merevale Road,52.443417,-1.784553,,,
43000165302,nwmadwgp,Melton Avenue,52.446896,-1.784065,,,
43000165301,nwmadwgm,Melton Avenue,52.447102,-1.784182,,,
43000165404,nwmtdmwm,Old Lode Lane,52.45013,-1.782946,,,
43000165403,nwmadwgt,Old Lode Lane,52.450577,-1.782826,,,
43000165501,nwmadwgw,Solihull Ice Rink,52.445518,-1.784336,,,
43000165502,nwmgwdja,Solihull Ice Rink,52.445179,-1.784235,,,
43000165701,nwmwdtgm,Irving Road,52.449139,-1.764117,,,
43000165702,nwmwdtgp,Irving Road,52.448944,-1.764235,,,
43000165802,nwmwdtgw,Goodway Road,52.448696,-1.762412,,,
43000165801,nwmwdtgt,Goodway Road,52.448887,-1.762543,,,
43000165901,nwmwdtjw,Glencroft Road,52.4506,-1.765875,,,
43000166001,nwmwdtja,Old Lode Lane,52.448818,-1.777935,,,
43000166102,nwmadwjd,Windsor Drive,52.443291,-1.779742,,,
43000166101,nwmadwja,Windsor Drive,52.443066,-1.78017,,,
43000166202,nwmadwjm,Hatchford Brook Road,52.44603,-1.777625,,,
43000166201,nwmadwjg,Hatchford Brook Road,52.445534,-1.777568,,,
43000166301,nwmadwjp,Valley Road,52.44825,-1.777982,,,
43000166303,nwmtwgtg,Valley Road,52.448997,-1.778949,,,
43000166302,nwmadwjt,Valley Road,52.448906,-1.778626,,,
43000166402,nwmdpgpw,Gaydon Road,52.448505,-1.770697,,,
43000166401,nwmdpdpg,Gaydon Road,52.448505,-1.7708,,,
43000166502,nwmdpgpt,Old Lode Lane,52.442482,-1.779688,,,
43000166501,nwmdpdpj,Old Lode Lane,52.442654,-1.779437,,,
43000166602,nwmdpgpm,Tanhouse Farm Road,52.44405,-1.777252,,,
43000166601,nwmdpdpm,Tanhouse Farm Road,52.44379,-1.777121,,,
43000166702,nwmtwajd,Victor Road,52.449154,-1.76675,,,
43000166701,nwmtwaja,Victor Road,52.449181,-1.766412,,,
43000166802,nwmdpgpj,Goodway Road,52.450241,-1.76211,,,
43000166801,nwmdpdpt,Goodway Road,52.450413,-1.761873,,,
43000166901,nwmwampm,Barnfield Drive,52.426758,-1.756588,,,
43000167001,nwmwdtag,Arlescote Road,52.441532,-1.777427,,,
43000167101,nwmwdtaj,Cophams Close,52.441685,-1.776234,,,
43000167202,nwmwdtap,Norgrave Road,52.442871,-1.77614,,,
43000167201,nwmwdtam,Norgrave Road,52.443096,-1.776227,,,
43000167302,nwmwdtaw,Tanhouse Farm Road,52.443901,-1.774781,,,
43000167301,nwmwdtat,Tanhouse Farm Road,52.444012,-1.77506,,,
43000167402,nwmwdtdg,Elmdon Park Road,52.445919,-1.772594,,,
43000167401,nwmwdtda,Elmdon Park Road,52.445812,-1.772285,,,
43000167502,nwmwdtdm,Gaydon Road,52.448612,-1.773801,,,
43000167501,nwmwdtdj,Gaydon Road,52.448647,-1.773948,,,
43000167601,nwmwdtdp,Ventnor Road,52.45031,-1.773454,,,
43000167602,nwmwdtdt,Ventnor Road,52.45013,-1.773308,,,
43000167701,nwmwdtdw,Streamside Way,52.450382,-1.77029,,,
43000167702,nwmwdtga,Streamside Way,52.450188,-1.770159,,,
43000167801,nwmwdtgd,Croftdown Road,52.450378,-1.76748,,,
43000167901,nwmwdtgj,Valley Road,52.450153,-1.766407,,,
43000168002,nwmgdmwj,Recreation Ground,52.428059,-1.763993,,,
43000168102,nwmadwma,Damson Lane,52.421673,-1.766218,,,
43000168101,nwmadwjw,Damson Lane,52.421852,-1.766791,,,
43000168202,nwmgdmwp,Lugtrout Lane,52.424717,-1.764776,,,
43000168201,nwmgdmwm,Lugtrout Lane,52.424332,-1.765072,,,
43000168302,nwmgdpad,Walsgrave Close,52.425869,-1.766608,,,
43000168301,nwmgdmwt,Walsgrave Close,52.426086,-1.766842,,,
43000168402,nwmgdpaj,Mitford Drive,52.426861,-1.767911,,,
43000168401,nwmgdpag,Mitford Drive,52.427032,-1.76769,,,
43000168501,nwmgdpam,Rowood Drive,52.428036,-1.769994,,,
43000168502,nwmgdpap,Rowood Drive,52.427826,-1.769833,,,
43000168602,nwmgdpaw,Kitwood Drive,52.429462,-1.768677,,,
43000168601,nwmgdpat,Kitwood Drive,52.429695,-1.768853,,,
43000168702,nwmgdpdg,Stockwell Rise,52.430782,-1.767656,,,
43000168701,nwmgdpda,Stockwell Rise,52.430969,-1.76764,,,
43000168802,nwmgdpdm,Eastfield Drive,52.43158,-1.766063,,,
43000168801,nwmgdpdj,Eastfield Drive,52.431469,-1.766064,,,
43000168901,nwmgdpdp,Dalecote Avenue,52.432289,-1.762779,,,
43000168902,nwmgdpdt,Dalecote Avenue,52.432262,-1.762956,,,
43000169001,nwmtwmjg,Merstal Drive,52.430386,-1.755112,,,
43000169102,nwmadwmg,Land Rover Works,52.435989,-1.759862,,,
43000169101,nwmadwmd,Land Rover Works,52.436329,-1.758595,,,
43000169202,nwmgdpga,Old Damson Lane,52.441833,-1.751783,,,
43000169201,nwmgdpdw,Old Damson Lane,52.442722,-1.751307,,,
43000169301,nwmadwmj,Huxbey Drive,52.435703,-1.756465,,,
43000169401,nwmadwmp,Lugtrout Lane,52.422314,-1.759068,,,
43000169501,nwmadwmt,Cloudbridge Drive,52.428654,-1.756004,,,
43000169601,nwmgdpgd,Whar Hall Road,52.435452,-1.760409,,,
43000169901,nwmadwpa,Parkway Hospital,52.420628,-1.761695,,,
43000170201,nwmadwpd,Morris Way,52.455734,-1.727585,,,
43000170202,nwmtdmwp,Morris Way,52.455635,-1.727865,,,
43000170301,nwmadwpg,Elmdon Trading Estate,52.457531,-1.727868,,,
43000170302,nwmadwpj,Elmdon Trading Estate,52.458366,-1.728216,,,
43000170401,nwmadwpm,Bickenhill Lane,52.46088,-1.729363,,,
43000170402,nwmadwpt,Bickenhill Lane,52.461563,-1.730419,,,
43000170601,nwmadwpw,Trident Court,52.4697,-1.718254,,,
43000170602,nwmwtmwd,Trident Court,52.469715,-1.717901,,,
43000170701,nwmadwta,Waterside Centre,52.467335,-1.722185,,,
43000170702,nwmwtmwa,Waterside Centre,52.467445,-1.72242,,,
43000170801,nwmadwtd,Lakeside,52.469013,-1.720761,,,
43000170802,nwmwtmwg,Lakeside,52.469139,-1.720952,,,
43000170901,nwmtmjaj,Brooklands Way,52.467522,-1.741629,,,
43000170902,nwmtmjam,Brooklands Way,52.467442,-1.740746,,,
43000171202,nwmadwtw,Marston Green Tavern,52.46772,-1.753095,,,
43000171201,nwmadwtp,Marston Green Tavern,52.467522,-1.753081,,,
43000171301,nwmagada,Coleshill Road,52.466599,-1.747154,,,
43000171302,nwmagadg,Coleshill Road,52.466763,-1.747359,,,
43000171402,nwmagadm,Cambridge Drive,52.470123,-1.751373,,,
43000171401,nwmagadj,Cambridge Drive,52.469719,-1.751832,,,
43000171501,nwmagadp,Brook Croft,52.465439,-1.74298,,,
43000171502,nwmagadt,Brook Croft,52.465973,-1.744596,,,
43000171702,nwmdpgpg,The Greenway,52.461639,-1.747521,,,
43000171701,nwmdpdtg,The Greenway,52.461361,-1.747596,,,
43000171801,nwmtwmgt,Cottages,52.463535,-1.735014,,,
43000171802,nwmtwmgw,Cottages,52.463554,-1.735323,,,
43000172001,nwmtpwjm,Heath Farm,52.470276,-1.726008,,,
43000172101,nwmagadw,Berwick Lane,52.467991,-1.737386,,,
43000172102,nwmagaga,Berwick Lane,52.467999,-1.736768,,,
43000172203,nwmagagj,Helmswood Drive,52.47044,-1.735517,,,
43000172201,nwmagagd,Helmswood Drive,52.46991,-1.734843,,,
43000172301,nwmagagm,Poplar Avenue,52.471268,-1.736557,,,
43000172302,nwmagagp,Poplar Avenue,52.471413,-1.736998,,,
43000172401,nwmagagt,Walnut Close,52.472813,-1.739242,,,
43000172402,nwmagagw,Walnut Close,52.473217,-1.739622,,,
43000172501,nwmagaja,Coleshill Road,52.467941,-1.727436,,,
43000172502,nwmagajd,Coleshill Road,52.467941,-1.727789,,,
43000172602,nwmtdmwt,Knights Court,52.467346,-1.71559,,,
43000172601,nwmagajg,Knights Court,52.467068,-1.715724,,,
43000173102,nwmagajp,Bluebell Drive,52.478149,-1.718657,,,
43000173101,nwmagajm,Bluebell Drive,52.478432,-1.718802,,,
43000173202,nwmagajw,Chiswick Walk,52.479874,-1.720751,,,
43000173201,nwmagajt,Chiswick Walk,52.479801,-1.720457,,,
43000173302,nwmagamd,Ashwood Drive,52.481369,-1.722361,,,
43000173301,nwmagama,Ashwood Drive,52.481407,-1.722567,,,
43000173402,nwmagamj,Waterson Croft,52.48275,-1.724208,,,
43000173401,nwmagamg,Waterson Croft,52.482838,-1.724149,,,
43000173501,nwmagamp,Woodlands Way,52.48275,-1.72917,,,
43000173502,nwmagamt,Woodlands Way,52.48299,-1.727858,,,
43000173601,nwmagamw,Yorkminster Drive,52.477016,-1.71806,,,
43000173602,nwmagapa,Yorkminster Drive,52.477654,-1.716863,,,
43000174101,nwmagapd,Chester Road,52.473343,-1.723369,,,
43000174102,nwmtdpad,Chester Road,52.473175,-1.723723,,,
43000174201,nwmagapg,Barnard Close,52.472782,-1.725551,,,
43000174202,nwmagapj,Barnard Close,52.473431,-1.726445,,,
43000174302,nwmagapt,Dunster Road,52.474937,-1.728894,,,
43000174301,nwmagapm,Dunster Road,52.474659,-1.72869,,,
43000174403,nwmagatd,Carisbrooke Avenue,52.476372,-1.730755,,,
43000174401,nwmagapw,Carisbrooke Avenue,52.477001,-1.731252,,,
43000174501,nwmagatg,Roach Close,52.480682,-1.731922,,,
43000174502,nwmagatj,Roach Close,52.48138,-1.731623,,,
43000174601,nwmagatm,Hedgetree Croft,52.480022,-1.734812,,,
43000174602,nwmagatp,Hedgetree Croft,52.479713,-1.734063,,,
43000174901,nwmagawj,Richmond Way,52.480469,-1.729773,,,
43000174902,nwmagawm,Richmond Way,52.480675,-1.730008,,,
43000175101,nwmagawp,Rowan Way,52.471664,-1.731785,,,
43000175102,nwmagawt,Rowan Way,52.471691,-1.731638,,,
43000175201,nwmagdad,Piccadilly Close,52.473259,-1.733689,,,
43000175301,nwmagdag,Birch Croft,52.474331,-1.734816,,,
43000175302,nwmagdaj,Birch Croft,52.473663,-1.733981,,,
43000175402,nwmtdpag,Pine Square,52.478352,-1.740063,,,
43000175501,nwmagdap,Stella Croft,52.476574,-1.73657,,,
43000175502,nwmtdpaj,Stella Croft,52.476368,-1.736262,,,
43000175601,nwmagdat,Tulip Walk,52.472122,-1.728146,,,
43000176008,nwmwapdp,Chelmsley Interchange,52.479454,-1.738334,,,
43000176004,nwmagdgj,Chelmsley Interchange,52.479599,-1.738481,,,
43000176009,nwmwapdt,Chelmsley Interchange,52.479267,-1.738424,,,
43000176006,nwmwapdj,Chelmsley Interchange,52.480137,-1.738021,,,
43000176010,nwmwapdw,Chelmsley Interchange,52.479095,-1.738587,,,
43000176003,nwmagdgd,Chelmsley Interchange,52.479454,-1.73854,,,
43000176001,nwmagdaw,Chelmsley Interchange,52.479134,-1.738748,,,
43000176007,nwmwapdm,Chelmsley Interchange,52.480316,-1.737961,,,
43000176102,nwmagdgp,Gloucester Way,52.472027,-1.746593,,,
43000176101,nwmagdgm,Gloucester Way,52.472145,-1.746592,,,
43000176201,nwmagdgt,Hazel Croft,52.474842,-1.741821,,,
43000176202,nwmagdgw,Hazel Croft,52.47546,-1.741361,,,
43000176302,nwmagdjd,Willow Way,52.476589,-1.739985,,,
43000176301,nwmagdja,Willow Way,52.476482,-1.740251,,,
43000176601,nwmagdmj,Winchester Drive,52.478634,-1.741416,,,
43000176603,nwmwapga,Winchester Drive,52.478752,-1.742579,,,
43000176701,nwmagdmt,Meriden Park,52.481365,-1.735584,,,
43000176702,nwmagdmw,Meriden Park,52.481525,-1.735789,,,
43000177102,nwmagdpm,Coleford Drive,52.479446,-1.746874,,,
43000177101,nwmagdpj,Coleford Drive,52.479393,-1.748155,,,
43000177201,nwmagdpt,Brickhill Drive,52.479591,-1.751688,,,
43000177202,nwmagdpw,Brickhill Drive,52.479481,-1.750937,,,
43000177302,nwmagdtd,Shelly Close,52.479332,-1.756548,,,
43000177301,nwmagdta,Shelly Close,52.479488,-1.754604,,,
43000177401,nwmagdtg,Kington Gardens,52.475178,-1.752552,,,
43000177402,nwmagdtj,Kington Gardens,52.475292,-1.751521,,,
43000177701,nwmagdtm,St Anne's Church,52.479244,-1.745771,,,
43000178102,nwmagdtw,Conway Road,52.482117,-1.743192,,,
43000178101,nwmagdtp,Conway Road,52.482563,-1.745295,,,
43000178202,nwmagdwd,Blackcat Close,52.482662,-1.750154,,,
43000178201,nwmagdwa,Blackcat Close,52.482758,-1.748239,,,
43000178302,nwmagdwj,John Henry Newman College,52.482948,-1.752994,,,
43000178301,nwmagdwg,John Henry Newman College,52.482796,-1.753216,,,
43000178402,nwmagdwp,Craneberry Road,52.483234,-1.756777,,,
43000178401,nwmagdwm,Craneberry Road,52.483063,-1.756881,,,
43000179001,nwmtmjap,Hillside Drive,52.485023,-1.753719,,,
43000179101,nwmagdwt,St Johns Grove,52.484051,-1.757096,,,
43000179102,nwmagjad,St Johns Grove,52.484318,-1.755446,,,
43000179201,nwmagjag,Tudor Grange Academy,52.48563,-1.751197,,,
43000179202,nwmtdpam,Tudor Grange Academy,52.485622,-1.751492,,,
43000179301,nwmagjaj,Corinne Croft,52.487278,-1.748198,,,
43000179302,nwmagjam,Corinne Croft,52.487701,-1.74718,,,
43000180102,nwmagjat,Clopton Crescent,52.486149,-1.736233,,,
43000180101,nwmagjap,Clopton Crescent,52.487003,-1.736625,,,
43000180202,nwmagjda,Lambeth Close,52.486458,-1.737704,,,
43000180201,nwmagjaw,Lambeth Close,52.486599,-1.737718,,,
43000180301,nwmagjdg,Waterloo Avenue,52.48634,-1.741283,,,
43000180302,nwmagjdj,Waterloo Avenue,52.486607,-1.741443,,,
43000180402,nwmagjdp,Bangor House,52.488113,-1.743216,,,
43000180401,nwmagjdm,Bangor House,52.488113,-1.743422,,,
43000180501,nwmagjdt,Tower Croft,52.489521,-1.741559,,,
43000180502,nwmagjdw,Tower Croft,52.489834,-1.741085,,,
43000180601,nwmagjga,Bacons End Island,52.491299,-1.74037,,,
43000180602,nwmagjgd,Bacons End Island,52.491299,-1.740149,,,
43000180701,nwmagjgj,Woodlands Green,52.492939,-1.74282,,,
43000180702,nwmagjgm,Woodlands Green,52.492733,-1.742379,,,
43000180801,nwmagjgp,Walney Drive,52.491238,-1.736791,,,
43000180802,nwmagjgt,Walney Drive,52.491219,-1.737292,,,
43000180901,nwmagjgw,Babbs Mill Park,52.489895,-1.743913,,,
43000180902,nwmagjma,Babbs Mill Park,52.489662,-1.743443,,,
43000181101,nwmagjmd,Kingshurst Way,52.488552,-1.755363,,,
43000181202,nwmagjmj,Schofield Road,52.489632,-1.750939,,,
43000181201,nwmagjmg,Schofield Road,52.489838,-1.750599,,,
43000181302,nwmagjmt,Wheeley Moor Road,52.491344,-1.748264,,,
43000181301,nwmagjmp,Wheeley Moor Road,52.491119,-1.748044,,,
43000181401,nwmagjmw,Kingshurst Park,52.493443,-1.750387,,,
43000181501,nwmagjpa,Silverbirch Road,52.495197,-1.75107,,,
43000181502,nwmagjpd,Silverbirch Road,52.495575,-1.751082,,,
43000181601,nwmagjpg,Chester Road,52.496777,-1.750589,,,
43000181701,nwmagjpm,Kingshurst Way,52.494907,-1.75521,,,
43000181702,nwmagjpt,Kingshurst Way,52.495193,-1.754619,,,
43000181901,nwmagjpw,Jersey Croft,52.4958,-1.743643,,,
43000181902,nwmagjta,Jersey Croft,52.496025,-1.743789,,,
43000182001,nwmwadpj,Smiths Wood School,52.49704,-1.747745,,,
43000182502,nwmagjwd,Lundy View,52.494034,-1.736966,,,
43000182501,nwmagjwa,Lundy View,52.494194,-1.736921,,,
43000182602,nwmagjwj,Sanda Croft,52.49675,-1.738202,,,
43000182601,nwmagjwg,Sanda Croft,52.497101,-1.738274,,,
43000182702,nwmagjwp,Orkney Croft,52.499496,-1.74013,,,
43000182701,nwmagjwm,Orkney Croft,52.499283,-1.740117,,,
43000182802,nwmagmad,Smiths Wood Academy,52.497276,-1.743634,,,
43000182801,nwmagjwt,Smiths Wood Academy,52.49741,-1.743825,,,
43000183102,nwmagmap,Greenfinch Road,52.502254,-1.742176,,,
43000183101,nwmagmam,Greenfinch Road,52.502308,-1.742368,,,
43000183202,nwmagmaw,Kingfisher Drive,52.50452,-1.743312,,,
43000183201,nwmagmat,Kingfisher Drive,52.50452,-1.74346,,,
43000183302,nwmagmda,Lanchester Way,52.507595,-1.746595,,,
43000183401,nwmagmdj,Swift Close,52.507473,-1.748938,,,
43000183501,nwmagmdp,Riley Drive,52.51017,-1.749674,,,
43000183502,nwmagmdt,Riley Drive,52.51038,-1.749865,,,
43000183601,nwmagmdw,Rover Drive,52.511066,-1.75154,,,
43000183602,nwmagmga,Rover Drive,52.51141,-1.752216,,,
43000183701,nwmagmgd,Singer Croft,52.510612,-1.758851,,,
43000183702,nwmagmgj,Singer Croft,52.51038,-1.758867,,,
43000183801,nwmtdpjg,Morris Croft,52.509068,-1.759169,,,
43000183802,nwmtdtgw,Morris Croft,52.509022,-1.759346,,,
43000183902,nwmwgdaj,Tamar Drive,52.505772,-1.756432,,,
43000183901,nwmwdawd,Tamar Drive,52.506065,-1.756253,,,
43000184002,nwmtgtwm,Springfield Road,52.505882,-1.762884,,,
43000184001,nwmtjmwm,Springfield Road,52.505684,-1.762988,,,
43000184101,nwmagmgm,Bosworth Wood School,52.507317,-1.751945,,,
43000184102,nwmagmgp,Bosworth Wood School,52.507252,-1.751577,,,
43000184201,nwmagmgt,Woodpecker Grove,52.501041,-1.748282,,,
43000184202,nwmagmgw,Woodpecker Grove,52.500862,-1.748003,,,
43000184302,nwmagmjd,Mey Coppice,52.501587,-1.751122,,,
43000184301,nwmagmja,Mey Coppice,52.501633,-1.750724,,,
43000184402,nwmagmjm,Trent Drive,52.50383,-1.756221,,,
43000184401,nwmagmjg,Trent Drive,52.504044,-1.756456,,,
43000184503,nwmagmjw,Hamble Close,52.506992,-1.755438,,,
43000184502,nwmagmjt,Hamble Close,52.507053,-1.755776,,,
43000184602,nwmagmpd,Windleaves Road,52.506935,-1.758075,,,
43000184601,nwmagmpa,Windleaves Road,52.506901,-1.758842,,,
43000184701,nwmagmpg,Clevedon Avenue,52.507015,-1.762495,,,
43000184702,nwmagmpj,Clevedon Avenue,52.506905,-1.762038,,,
43000185201,nwmagmpm,Park Hall Academy,52.512905,-1.763509,,,
43000185202,nwmagmpt,Park Hall Academy,52.513481,-1.762843,,,
43000185402,nwmagmtg,West Avenue,52.50684,-1.769287,,,
43000185401,nwmagmtd,West Avenue,52.506695,-1.769745,,,
43000185502,nwmagmtm,Arden Hall,52.505859,-1.773182,,,
43000185501,nwmagmtj,Arden Hall,52.505699,-1.77386,,,
43000186101,nwmagmtp,Hazelhurst Road,52.500496,-1.756903,,,
43000186102,nwmagmtw,Hazelhurst Road,52.50037,-1.756992,,,
43000186201,nwmagmwa,Henshaw Court,52.501308,-1.763144,,,
43000186202,nwmagmwd,Henshaw Court,52.501274,-1.764691,,,
43000186301,nwmagmwg,Manor Park Road,52.501915,-1.769681,,,
43000186302,nwmagmwj,Manor Park Road,52.50177,-1.769947,,,
43000186402,nwmagmwp,Chester Road,52.499462,-1.752637,,,
43000186401,nwmagmwm,Chester Road,52.499489,-1.752828,,,
43000186901,nwmtmtmp,Impsley Close,52.505806,-1.782906,,,
43000187001,nwmwgjdt,Langwood Court,52.505714,-1.783879,,,
43000187102,nwmagpad,Old Croft Lane,52.502033,-1.776472,,,
43000187101,nwmagmwt,Old Croft Lane,52.501858,-1.777195,,,
43000187202,nwmagpaj,The Green,52.502167,-1.78425,,,
43000187201,nwmagpag,The Green,52.501968,-1.783838,,,
43000187301,nwmagpam,Cedar Avenue,52.504105,-1.778524,,,
43000187401,nwmagpaw,Poplars Drive,52.504311,-1.781322,,,
43000187402,nwmagpda,Poplars Drive,52.504337,-1.78119,,,
43000187502,nwmwawmp,Whateley Green,52.504318,-1.777418,,,
43000187501,nwmtgpda,Whateley Green,52.504436,-1.77755,,,
43000188102,nwmagpdj,Faircroft Road,52.5116,-1.766596,,,
43000188101,nwmagpdg,Faircroft Road,52.51141,-1.766405,,,
43000188202,nwmagpdp,Castello Drive,52.511276,-1.771415,,,
43000188201,nwmagpdm,Castello Drive,52.511509,-1.770898,,,
43000188301,nwmagpdt,Stoneymoor Drive,52.510445,-1.773571,,,
43000188302,nwmagpdw,Stoneymoor Drive,52.510006,-1.774192,,,
43000188401,nwmagpga,Flecknoe Close,52.509243,-1.77673,,,
43000188402,nwmagpgd,Flecknoe Close,52.509228,-1.777098,,,
43000188502,nwmagpgm,Kingsleigh Drive,52.507069,-1.781618,,,
43000188501,nwmagpgj,Kingsleigh Drive,52.507164,-1.780188,,,
43000189102,nwmagpgt,Southfield Avenue,52.504826,-1.789673,,,
43000189101,nwmagpgp,Southfield Avenue,52.504864,-1.789511,,,
43000189201,nwmagpgw,Southwood Avenue,52.502613,-1.787165,,,
43000189202,nwmagpja,Southwood Avenue,52.502632,-1.78799,,,
43000189302,nwmagpjg,Heathland Avenue,52.503197,-1.793128,,,
43000189301,nwmagpjd,Heathland Avenue,52.502983,-1.795074,,,
43000190102,nwmagpjp,Packington Hall,52.444683,-1.670995,,,
43000190101,nwmtpdtw,Packington Hall,52.445107,-1.67108,,,
43000193902,nwmagtgt,Orchard Nurseries,52.515888,-1.754652,,,
43000193901,nwmagtgp,Orchard Nurseries,52.516121,-1.753825,,,
43000200301,nwmagtmp,The Square Peg,52.481808,-1.894994,,,
43000200304,nwmtmawp,The Square Peg,52.481575,-1.895024,,,
43000201503,nwmwgpjp,Church Centre,52.479687,-1.894218,,,
43000201501,nwmagtwg,Church Centre,52.479515,-1.893497,,,
43000201502,nwmagtwj,Church Centre,52.479588,-1.893792,,,
43000202111,nwmagwja,Bus Mall,52.480019,-1.892362,,,
43000202104,nwmagwga,Bus Mall,52.479687,-1.892245,,,
43000202203,nwmwatgj,Bullring,52.477619,-1.892221,,,
43000202301,nwmagwjt,Park Street,52.476601,-1.892915,,,
43000202603,nwmajadw,Old Repertory Theatre,52.476974,-1.898156,,,
43000202602,nwmajadt,Old Repertory Theatre,52.476875,-1.898509,,,
43000202601,nwmajadp,Old Repertory Theatre,52.476753,-1.898996,,,
43000202902,nwmwdawp,Bromsgrove Street,52.474689,-1.895172,,,
43000202901,nwmajagp,Bromsgrove Street,52.474789,-1.895054,,,
43000203102,nwmwadwj,Carrs Lane,52.480064,-1.894541,,,
43000203501,nwmajata,Theatre Approach,52.475941,-1.89807,,,
43000203503,nwmajatg,Theatre Approach,52.476292,-1.896803,,,
43000203902,nwmajawd,Markets,52.476028,-1.893373,,,
43000203903,nwmajawg,Markets,52.476189,-1.892946,,,
43000203901,nwmajawa,Markets,52.475903,-1.893741,,,
43000204101,nwmajdag,Brunel Street,52.478573,-1.904645,,,
43000204401,nwmajdga,Alexandra Theatre,52.475639,-1.900853,,,
43000204702,nwmajdjg,O2 Academy,52.47385,-1.89993,,,
43000204701,nwmajdjd,O2 Academy,52.474323,-1.899605,,,
43000205207,nwmajdpj,Newhall Street,52.48127,-1.904816,,,
43000205201,nwmajdmp,Newhall Street,52.482052,-1.904166,,,
43000205601,nwmajdpw,Art Gallery,52.480946,-1.902873,,,
43000206203,nwmajdtg,Colmore Row,52.481354,-1.89978,,,
43000206202,nwmajdtd,Colmore Row,52.481697,-1.899058,,,
43000206201,nwmajdta,Colmore Row,52.481884,-1.89866,,,
43000206502,nwmwgmjm,Dale House,52.480316,-1.893348,,,
43000206501,nwmwgmjg,Dale House,52.480431,-1.893186,,,
43000206801,nwmajgaw,Albert Street,52.480907,-1.891624,,,
43000206804,nwmwgpgj,Albert Street,52.480862,-1.891212,,,
43000206802,nwmajgda,Albert Street,52.481079,-1.891461,,,
43000207102,nwmajgdm,Railway Bridge,52.483929,-1.901806,,,
43000207202,nwmajgdt,Lloyd House,52.484158,-1.89811,,,
43000207205,nwmajgjd,Lloyd House,52.484032,-1.898272,,,
43000207204,nwmajgja,Lloyd House,52.483871,-1.898066,,,
43000207203,nwmajgdw,Lloyd House,52.483959,-1.897889,,,
43000207206,nwmajgjg,Lloyd House,52.484303,-1.898581,,,
43000207201,nwmajgdp,Lloyd House,52.484356,-1.898374,,,
43000207302,nwmajgjt,Steelhouse Lane,52.483608,-1.89627,,,
43000207604,nwmajgmp,Dale End,52.481728,-1.89308,,,
43000207602,nwmajgmg,Dale End,52.481644,-1.891872,,,
43000207601,nwmajgmd,Dale End,52.481743,-1.892446,,,
43000207603,nwmajgmj,Dale End,52.481564,-1.891946,,,
43000208001,nwmajgpa,Law Courts,52.484272,-1.892617,,,
43000208301,nwmwgpmg,Tesco Express,52.482788,-1.893857,,,
43000208403,nwmajgtm,Old Square,52.4818,-1.893403,,,
43000208404,nwmwgpjt,Old Square,52.481853,-1.893683,,,
43000208402,nwmajgtj,Old Square,52.481842,-1.893094,,,
43000208504,nwmwgtda,Colmore Circus,52.482952,-1.895874,,,
43000208503,nwmwgpmd,Colmore Circus,52.482689,-1.895374,,,
43000208501,nwmwdawj,Colmore Circus,52.482574,-1.895551,,,
43000208601,nwmwgwaw,Dalton Street,52.482552,-1.892695,,,
43000209104,nwmajmaj,Ryder Street,52.483387,-1.891853,,,
43000209105,nwmajmam,Ryder Street,52.484856,-1.891658,,,
43000209108,nwmawgdj,Ryder Street,52.484505,-1.891556,,,
43000209402,nwmajmdj,Millennium Point,52.484955,-1.885871,,,
43000209401,nwmajmdg,Millennium Point,52.483303,-1.887966,,,
43000209901,nwmtpmdt,Great Western Arcade,52.482594,-1.897627,,,
43000210101,nwmajmdp,Moor Street Queensway,52.480492,-1.891242,,,
43000210102,nwmwjgjp,Moor Street Queensway,52.48061,-1.890771,,,
43000210501,nwmajmgj,Derby Street,52.47905,-1.87767,,,
43000210502,nwmtdpaw,Derby Street,52.478783,-1.878393,,,
43000211402,nwmajmjp,Gibb Street,52.474743,-1.884867,,,
43000211401,nwmajmjm,Gibb Street,52.474678,-1.884705,,,
43000211502,nwmajmjw,Adderley Street,52.473904,-1.881218,,,
43000211503,nwmajmpa,Adderley Street,52.473705,-1.880909,,,
43000211504,nwmajmpd,Adderley Street,52.47393,-1.881733,,,
43000211801,nwmajmpw,Birchall Street,52.473377,-1.886063,,,
43000211802,nwmajmta,Birchall Street,52.473278,-1.885445,,,
43000211903,nwmajmtm,Alcester Street,52.472458,-1.883445,,,
43000211902,nwmajmtj,Alcester Street,52.472538,-1.883444,,,
43000212101,nwmgdpjg,Spooner Croft,52.469017,-1.894921,,,
43000212102,nwmgdpjm,Spooner Croft,52.468918,-1.894671,,,
43000212201,nwmgdpjp,Conybere Street,52.466137,-1.892411,,,
43000212301,nwmajmtw,Barrow Walk,52.466202,-1.89612,,,
43000212302,nwmajmwa,Barrow Walk,52.465988,-1.896944,,,
43000212401,nwmajmwd,Mowbray Street,52.468426,-1.896527,,,
43000212402,nwmajmwg,Mowbray Street,52.468227,-1.896483,,,
43000212601,nwmtmpwg,Fazeley Street,52.476692,-1.882079,,,
43000213201,nwmajmwm,Lower Essex Street,52.471272,-1.894268,,,
43000213202,nwmajmwp,Lower Essex Street,52.471058,-1.894224,,,
43000213302,nwmajpad,Wrentham Street,52.470062,-1.899791,,,
43000213301,nwmajmwt,Wrentham Street,52.470638,-1.900158,,,
43000213402,nwmajpam,Rickman Drive,52.468178,-1.901238,,,
43000213502,nwmajpat,Belgrave Interchange,52.466953,-1.898929,,,
43000213501,nwmajpap,Belgrave Interchange,52.46661,-1.899313,,,
43000213602,nwmajpdg,Spring Street,52.467575,-1.90408,,,
43000213601,nwmajpda,Spring Street,52.467766,-1.902784,,,
43000213701,nwmajpdj,Lee Crescent,52.468891,-1.907433,,,
43000213702,nwmajpdm,Lee Crescent,52.469593,-1.908109,,,
43000214101,nwmajpdp,Ernest Street,52.473995,-1.902623,,,
43000214102,nwmtdpmw,Ernest Street,52.474014,-1.902874,,,
43000214202,nwmajpdw,Granville Street,52.473072,-1.905761,,,
43000214201,nwmajpdt,Granville Street,52.472893,-1.906232,,,
43000214302,nwmajpgd,Bexhill Grove,52.472706,-1.908544,,,
43000214301,nwmajpga,Bexhill Grove,52.472698,-1.910502,,,
43000215502,nwmtdtjd,Arena Birmingham,52.480396,-1.9138,,,
43000215602,nwmwtwjt,Grosvenor St West,52.476757,-1.915264,,,
43000215702,nwmwmjpg,Roundhouse,52.479057,-1.917807,,,
43000215701,nwmtdwgm,Roundhouse,52.479176,-1.917704,,,
43000215901,nwmwajmp,Trinity Terrace,52.47105,-1.878266,,,
43000216101,nwmajpjt,Longmore Street,52.464672,-1.891369,,,
43000216103,nwmajpma,Longmore Street,52.46505,-1.893517,,,
43000216201,nwmdptja,Balsall Heath Road,52.462643,-1.894053,,,
43000216301,nwmgdpma,Calthorpe Park,52.461277,-1.894777,,,
43000216302,nwmgdpmd,Calthorpe Park,52.460945,-1.894969,,,
43000216401,nwmgdpmg,Balfour Street,52.459511,-1.893206,,,
43000216503,nwmtwdmt,Cobden Gardens,52.458775,-1.89362,,,
43000216501,nwmgdpmp,Cobden Gardens,52.45845,-1.893606,,,
43000216602,nwmtwdmp,Cannon Hill Place,52.4575,-1.894065,,,
43000216601,nwmgdpmw,Cannon Hill Place,52.456871,-1.894066,,,
43000216702,nwmgdptd,Jakeman Road,52.456375,-1.894612,,,
43000216701,nwmgdpta,Jakeman Road,52.455399,-1.895615,,,
43000216801,nwmgdptg,Edgbaston Road,52.4543,-1.896898,,,
43000216802,nwmgdptj,Edgbaston Road,52.454544,-1.896794,,,
43000217302,nwmajpta,Stratford Place,52.468689,-1.881217,,,
43000217301,nwmajpmw,Stratford Place,52.467781,-1.881587,,,
43000217401,nwmajptd,Leopold Street,52.46611,-1.883402,,,
43000217601,nwmajptj,Belgrave Village,52.463673,-1.889149,,,
43000217602,nwmajptm,Belgrave Village,52.464066,-1.889221,,,
43000217702,nwmajptw,Highgate Road,52.461563,-1.884165,,,
43000217701,nwmajptp,Highgate Road,52.462112,-1.883781,,,
43000217801,nwmajpwa,Ravenhurst Street,52.469387,-1.878963,,,
43000217802,nwmajpwd,Ravenhurst Street,52.469452,-1.879286,,,
43000217902,nwmajpwj,Highgate Square,52.464306,-1.883481,,,
43000218101,nwmajpwm,St Pauls Road,52.459072,-1.884892,,,
43000218102,nwmajpwp,St Pauls Road,52.459084,-1.885069,,,
43000218201,nwmajpwt,Moseley Rd Baths,52.456295,-1.885944,,,
43000218202,nwmajtad,Moseley Rd Baths,52.457428,-1.885721,,,
43000218302,nwmajtaj,Trafalgar Road,52.454418,-1.886861,,,
43000218301,nwmajtag,Trafalgar Road,52.453915,-1.886863,,,
43000219102,nwmajtaw,Barnfield Court,52.450043,-1.888565,,,
43000219101,nwmajtat,Barnfield Court,52.449837,-1.888727,,,
43000219202,nwmajtdg,Woodbridge Road,52.448441,-1.888098,,,
43000219201,nwmajtda,Woodbridge Road,52.447758,-1.887923,,,
43000219302,nwmgdpwa,Park Hill,52.452637,-1.896166,,,
43000219301,nwmgdptw,Park Hill,52.452179,-1.896329,,,
43000219403,nwmgdpwj,Amesbury Road,52.448601,-1.895322,,,
43000219402,nwmgdpwg,Amesbury Road,52.448105,-1.894617,,,
43000219505,nwmajtdt,Farquhar Road,52.445816,-1.888825,,,
43000219502,nwmajtdm,Farquhar Road,52.445961,-1.888384,,,
43000219503,nwmajtdp,Farquhar Road,52.446014,-1.888339,,,
43000220101,nwmajtdw,Auckland Road,52.466175,-1.877588,,,
43000220102,nwmajtga,Auckland Road,52.465763,-1.87756,,,
43000220201,nwmajtgd,Main Street,52.463867,-1.876564,,,
43000220202,nwmajtgj,Main Street,52.463127,-1.876198,,,
43000220903,nwmajtgt,Poplar Road,52.458366,-1.870501,,,
43000220901,nwmajtgm,Poplar Road,52.457935,-1.870296,,,
43000221010,nwmgdpwp,Queen Street,52.458729,-1.87181,,,
43000221009,nwmgdpwm,Queen Street,52.458843,-1.872545,,,
43000221101,nwmajtja,Ludlow Court,52.461704,-1.873921,,,
43000221102,nwmajtjd,Ludlow Court,52.461842,-1.874303,,,
43000221202,nwmgdtad,Kyrwicks Lane,52.460884,-1.87956,,,
43000221201,nwmgdpwt,Kyrwicks Lane,52.461712,-1.881765,,,
43000221301,nwmgdtag,Ladypool Road,52.459648,-1.877046,,,
43000221302,nwmdmgdt,Ladypool Road,52.459389,-1.875149,,,
43000221407,nwmajtmd,Palmerston Road,52.460102,-1.872247,,,
43000221403,nwmajtjp,Palmerston Road,52.459816,-1.872189,,,
43000221602,nwmajtmp,Oriel Villas,52.457104,-1.8679,,,
43000221601,nwmajtmj,Oriel Villas,52.457024,-1.867709,,,
43000221701,nwmajtmt,Shakespeare Street,52.456211,-1.863723,,,
43000221702,nwmwdajd,Shakespeare Street,52.456383,-1.864061,,,
43000221801,nwmajtmw,Fulham Road,52.455677,-1.868066,,,
43000221802,nwmajtpa,Fulham Road,52.456665,-1.868784,,,
43000221902,nwmgdtat,Sparkhill Jobcentre,52.458019,-1.872548,,,
43000221901,nwmgdtap,Sparkhill Jobcentre,52.458351,-1.872149,,,
43000222103,nwmajtpj,Baker Street,52.45364,-1.866056,,,
43000222101,nwmajtpd,Baker Street,52.453632,-1.866247,,,
43000222201,nwmajtwd,Sparkhill Pool,52.450546,-1.864049,,,
43000222202,nwmajtwg,Sparkhill Pool,52.449917,-1.863168,,,
43000222301,nwmgdtaw,Phipson Road,52.448952,-1.868056,,,
43000222302,nwmtpgtg,Phipson Road,52.449715,-1.867657,,,
43000222401,nwmtpjta,Frederick Road,52.450611,-1.864961,,,
43000223101,nwmgdtda,Brunswick Road,52.455322,-1.873718,,,
43000223102,nwmgdtdg,Brunswick Road,52.455456,-1.8736,,,
43000223202,nwmgdtdm,Chesterton Road,52.45425,-1.873485,,,
43000223301,nwmgdtdp,Esme Road,52.450573,-1.872966,,,
43000223302,nwmgdtdt,Esme Road,52.451897,-1.873242,,,
43000223402,nwmgdtga,Woodstock Road,52.447742,-1.871915,,,
43000223401,nwmgdtdw,Woodstock Road,52.4482,-1.872281,,,
43000223502,nwmgdtgj,Bridge Close,52.447342,-1.869165,,,
43000223501,nwmgdtgd,Bridge Close,52.447182,-1.869459,,,
43000223603,nwmgdtgp,Woodlands Road,52.446167,-1.871404,,,
43000223601,nwmgdtgm,Woodlands Road,52.445179,-1.871275,,,
43000223802,nwmgdtgt,Eileen Road,52.445618,-1.870788,,,
43000224102,nwmdtatm,Church Road,52.445992,-1.885456,,,
43000224101,nwmdtatj,Church Road,52.445923,-1.885529,,,
43000224202,nwmgdtja,Mayfield Court,52.444065,-1.880503,,,
43000224201,nwmgdtgw,Mayfield Court,52.444019,-1.879811,,,
43000224302,nwmgdtjg,Billesley Lane,52.443233,-1.874944,,,
43000224301,nwmgdtjd,Billesley Lane,52.443306,-1.876415,,,
43000224401,nwmwadpt,Lench's Close,52.445694,-1.883338,,,
43000224402,nwmwgmgt,Lench's Close,52.445858,-1.883411,,,
43000225103,nwmajtwp,Sparkhill Park,52.448143,-1.861335,,,
43000225102,nwmajtwm,Sparkhill Park,52.448288,-1.861349,,,
43000225202,nwmgdtjp,Pentos Drive,52.447834,-1.857554,,,
43000225201,nwmgdtjm,Pentos Drive,52.447914,-1.857554,,,
43000225301,nwmgdtjt,Leominster Road,52.448132,-1.852418,,,
43000225302,nwmgdtjw,Leominster Road,52.447971,-1.853081,,,
43000225403,nwmajwag,Greswolde Road,52.445004,-1.85927,,,
43000225402,nwmajwad,Greswolde Road,52.445625,-1.859695,,,
43000225502,nwmtgpwg,St Christophers Church,52.444096,-1.859111,,,
43000225501,nwmgdtma,St Christophers Church,52.4436,-1.859186,,,
43000225601,nwmajwaj,The College Arms,52.443081,-1.853259,,,
43000225604,nwmajwat,The College Arms,52.443211,-1.855406,,,
43000225701,nwmgdtmd,Tetley Road,52.443321,-1.850669,,,
43000225702,nwmgdtmg,Tetley Road,52.443302,-1.850213,,,
43000226101,nwmgdtmj,Osborn Road,52.459511,-1.865508,,,
43000226102,nwmgdtmp,Osborn Road,52.459446,-1.865023,,,
43000226202,nwmgdtmw,Church View,52.459946,-1.861327,,,
43000226201,nwmgdtmt,Church View,52.459846,-1.861298,,,
43000227102,nwmajwdg,St Johns Road,52.455425,-1.861709,,,
43000227101,nwmajwda,St Johns Road,52.455631,-1.861488,,,
43000227202,nwmajwdm,Colebrook Road,52.454071,-1.856666,,,
43000227201,nwmajwdj,Colebrook Road,52.454006,-1.856254,,,
43000227302,nwmajwdt,Manor Farm Road,52.452953,-1.852814,,,
43000227301,nwmajwdp,Manor Farm Road,52.453045,-1.854653,,,
43000227402,nwmajwga,Boscombe Road,52.453297,-1.849237,,,
43000227401,nwmajwdw,Boscombe Road,52.453083,-1.85015,,,
43000227502,nwmgdtpj,Tetley Road,52.448166,-1.850535,,,
43000227501,nwmgdtpg,Tetley Road,52.448227,-1.848931,,,
43000228102,nwmajwgj,Medina Road,52.45322,-1.845191,,,
43000228101,nwmajwgd,Medina Road,52.453205,-1.846928,,,
43000228204,nwmajwgp,Knights Road,52.452797,-1.837497,,,
43000228201,nwmajwgm,Knights Road,52.452961,-1.839173,,,
43000228301,nwmajwgt,Tyseley Lane,52.452255,-1.835085,,,
43000228401,nwmajwgw,Tyseley Railway Museum,52.453136,-1.84347,,,
43000228402,nwmwgdgm,Tyseley Railway Museum,52.453335,-1.842012,,,
43000229101,nwmgdtpm,Hay Hall Road,52.455837,-1.838942,,,
43000229201,nwmgdtpt,Redfern Road,52.457195,-1.839246,,,
43000229202,nwmgdtpw,Redfern Road,52.456738,-1.839027,,,
43000229302,nwmgdtwd,James Road,52.459362,-1.838238,,,
43000229301,nwmgdtwa,James Road,52.45945,-1.837928,,,
43000229602,nwmwdwgw,Blythswood Road,52.453991,-1.836153,,,
43000229601,nwmwdwgt,Blythswood Road,52.454197,-1.836093,,,
43000229701,nwmwdwja,Rushey Lane,52.454815,-1.833251,,,
43000229702,nwmwdwjd,Rushey Lane,52.454571,-1.833384,,,
43000229801,nwmwdwjg,Wharf Road,52.455734,-1.829877,,,
43000229802,nwmwdwjm,Wharf Road,52.455315,-1.830379,,,
43000230101,nwmajwjd,Bordesley Circus,52.473518,-1.872665,,,
43000230103,nwmajwjm,Bordesley Circus,52.473282,-1.873093,,,
43000230203,nwmajwjp,Arthur Street,52.474117,-1.869911,,,
43000230301,nwmajwjt,St Andrew's Stadium,52.473763,-1.868042,,,
43000230302,nwmajwjw,St Andrew's Stadium,52.473961,-1.868056,,,
43000230402,nwmajwmd,Chapman Road,52.47216,-1.864926,,,
43000230403,nwmajwmg,Chapman Road,52.472286,-1.864852,,,
43000230501,nwmajwmj,Eversley Road,52.473324,-1.859843,,,
43000230601,nwmajwmp,Hawkes Street,52.472198,-1.859626,,,
43000231002,nwmajwpm,Green Lane,52.475357,-1.841463,,,
43000231103,nwmajwta,Watts Road,52.470428,-1.860441,,,
43000231101,nwmajwpw,Watts Road,52.47105,-1.861617,,,
43000231202,nwmgdtwm,South & City College,52.466217,-1.858717,,,
43000231201,nwmgdtwj,South & City College,52.465508,-1.858823,,,
43000231403,nwmajwtg,Golden Hillock Road,52.46986,-1.858691,,,
43000231402,nwmajwtd,Golden Hillock Road,52.468941,-1.856707,,,
43000231502,nwmgdwag,Baker Street,52.471394,-1.856169,,,
43000231501,nwmgdwad,Baker Street,52.471081,-1.856302,,,
43000231602,nwmajwtm,Charles Road,52.468491,-1.855118,,,
43000231601,nwmajwtj,Charles Road,52.467724,-1.853192,,,
43000231704,nwmajwtp,St Oswalds Road,52.46756,-1.852163,,,
43000232401,nwmamadm,Tennyson Road,52.466774,-1.849148,,,
43000232402,nwmamadp,Tennyson Road,52.466965,-1.850295,,,
43000232503,nwmamadt,St Benedicts Road,52.466087,-1.846839,,,
43000232504,nwmamadw,St Benedicts Road,52.465698,-1.844912,,,
43000232701,nwmamagj,Monica Road,52.465248,-1.843486,,,
43000232702,nwmamagm,Monica Road,52.465172,-1.842368,,,
43000232802,nwmamagt,Heybarnes Circus,52.464241,-1.838353,,,
43000233101,nwmamajm,Kings Road,52.463718,-1.836191,,,
43000233102,nwmamajp,Kings Road,52.463341,-1.836222,,,
43000233201,nwmamajt,Deakins Road,52.463234,-1.830982,,,
43000233202,nwmamajw,Deakins Road,52.462864,-1.831013,,,
43000233301,nwmamama,Gladys Road,52.462986,-1.828216,,,
43000233403,nwmdpwmp,Kathleen Road,52.462677,-1.824582,,,
43000233404,nwmdpwmt,Kathleen Road,52.462414,-1.824318,,,
43000233501,nwmamamj,Howard Road,52.462402,-1.821065,,,
43000233601,nwmgdwdg,Coventry Road,52.463631,-1.833071,,,
43000233701,nwmgdwdj,Berkeley Mews,52.464863,-1.830947,,,
43000233702,nwmgdwdm,Berkeley Mews,52.465057,-1.830799,,,
43000233802,nwmgdwdt,Fast Pits Road,52.467354,-1.827434,,,
43000233801,nwmgdwdp,Fast Pits Road,52.467705,-1.826844,,,
43000234003,nwmgdwga,Bordesley Green,52.480679,-1.832948,,,
43000234004,nwmgdwgd,Bordesley Green,52.4809,-1.832652,,,
43000234101,nwmamamp,The Grapes,52.473263,-1.854455,,,
43000234203,nwmamapa,Charles Road,52.474155,-1.850801,,,
43000234202,nwmamamw,Charles Road,52.473869,-1.851906,,,
43000234301,nwmamapd,Mansel Road,52.474995,-1.846013,,,
43000234302,nwmamapg,Mansel Road,52.475292,-1.844967,,,
43000235002,nwmamapm,Recreation Ground,52.472561,-1.826942,,,
43000235001,nwmamapj,Recreation Ground,52.47282,-1.826868,,,
43000235301,nwmamatg,Hobmoor Road,52.475719,-1.842625,,,
43000235402,nwmamatm,St Benedicts Road,52.474575,-1.839802,,,
43000235401,nwmamatj,St Benedicts Road,52.474232,-1.838684,,,
43000235502,nwmamatw,Monica Road,52.473255,-1.836686,,,
43000235501,nwmamatp,Monica Road,52.473705,-1.837317,,,
43000235602,nwmamawd,Waverley School,52.472084,-1.832818,,,
43000235601,nwmamawa,Waverley School,52.472027,-1.832009,,,
43000235702,nwmamawg,Heybarnes Road,52.470737,-1.829908,,,
43000235703,nwmamawj,Heybarnes Road,52.47028,-1.828747,,,
43000235801,nwmamawm,Newbridge Road,52.475597,-1.8259,,,
43000235802,nwmamawp,Newbridge Road,52.47546,-1.825827,,,
43000235901,nwmamawt,Elmbank Court,52.476341,-1.830903,,,
43000235902,nwmamdad,Elmbank Court,52.476467,-1.831197,,,
43000236202,nwmamdam,Witton Street,52.479935,-1.872411,,,
43000236201,nwmamdaj,Witton Street,52.480152,-1.872749,,,
43000236301,nwmamdap,Maxstoke Street,52.478783,-1.869971,,,
43000236302,nwmamdat,Maxstoke Street,52.478573,-1.869279,,,
43000236401,nwmamdaw,Venetia Road,52.47789,-1.868162,,,
43000236402,nwmamdga,Venetia Road,52.47715,-1.866353,,,
43000236502,nwmamdgj,Tilton Road,52.476383,-1.864501,,,
43000236501,nwmamdgd,Tilton Road,52.476349,-1.865119,,,
43000236801,nwmwgamw,Berkeley Road,52.464207,-1.832745,,,
43000237301,nwmamdja,Bangor Road,52.476093,-1.860335,,,
43000237302,nwmamdjd,Bangor Road,52.476273,-1.859804,,,
43000237404,nwmamdjm,Victoria Street,52.476566,-1.857757,,,
43000237402,nwmamdjg,Victoria Street,52.476833,-1.855636,,,
43000237502,nwmgdwgm,Ronald Road,52.479412,-1.856496,,,
43000237601,nwmgdwgp,Burbidge Road,52.48069,-1.856212,,,
43000237702,nwmamdjt,Norwood Road,52.477127,-1.853294,,,
43000237701,nwmamdjp,Norwood Road,52.477242,-1.853411,,,
43000237801,nwmamdjw,Imperial Road,52.477482,-1.851114,,,
43000237802,nwmamdma,Imperial Road,52.477348,-1.851468,,,
43000237902,nwmamdmg,Fordrough Lane,52.478081,-1.846709,,,
43000237901,nwmamdmd,Fordrough Lane,52.477661,-1.849332,,,
43000238001,nwmtwpwj,Pikewater Road,52.477055,-1.85487,,,
43000238102,nwmamdmp,Colonial Road,52.478336,-1.843396,,,
43000238101,nwmamdmj,Colonial Road,52.478077,-1.845119,,,
43000238202,nwmamdmw,Marchmont Road,52.479328,-1.838578,,,
43000238201,nwmamdmt,Marchmont Road,52.479294,-1.839034,,,
43000238901,nwmwgjmp,Adderley Gardens,52.489094,-1.861782,,,
43000239102,nwmamdpd,Tamarind Centre,52.476276,-1.836277,,,
43000239103,nwmtgdja,Tamarind Centre,52.476151,-1.836277,,,
43000239201,nwmamdpg,Daniels Road,52.477577,-1.835183,,,
43000239202,nwmamdpj,Daniels Road,52.478073,-1.834666,,,
43000239301,nwmamdpm,Belchers Lane,52.480267,-1.833759,,,
43000239302,nwmamdpt,Belchers Lane,52.480129,-1.83426,,,
43000239402,nwmgdwja,Saltley Grammar School,52.48373,-1.831478,,,
43000239401,nwmgdwgw,Saltley Grammar School,52.483551,-1.831671,,,
43000239502,nwmamdta,Kenwood Road,52.4804,-1.827942,,,
43000239501,nwmamdpw,Kenwood Road,52.480598,-1.827485,,,
43000239603,nwmamdtj,Eastfield Road,52.479599,-1.822085,,,
43000239601,nwmamdtd,Eastfield Road,52.479965,-1.82497,,,
43000239702,nwmtgdjg,Heartlands Hospital,52.48053,-1.830784,,,
43000239701,nwmamdtm,Heartlands Hospital,52.480289,-1.831035,,,
43000239801,nwmwgdtp,Ashley Gardens,52.48769,-1.861359,,,
43000240201,nwmgdwjg,Hall Road,52.486725,-1.859889,,,
43000240202,nwmgdwjm,Hall Road,52.486301,-1.858933,,,
43000240302,nwmgdwjt,Crawford Street,52.4883,-1.861976,,,
43000240301,nwmgdwjp,Crawford Street,52.488365,-1.862108,,,
43000240402,nwmgdwma,Adderley Gardens,52.491123,-1.860023,,,
43000240401,nwmgdwjw,Adderley Gardens,52.49123,-1.860273,,,
43000240602,nwmamdtw,Duddeston Mill Road,52.489227,-1.868512,,,
43000240601,nwmamdtp,Duddeston Mill Road,52.489407,-1.868585,,,
43000240702,nwmamdwd,Alderflat Place,52.491238,-1.867681,,,
43000240801,nwmamdwg,Saltley Viaduct,52.491722,-1.866162,,,
43000241101,nwmamdwm,Woodcock Street,52.485268,-1.884044,,,
43000241402,nwmamgaj,Barrack Street,52.48431,-1.877965,,,
43000241401,nwmamgag,Barrack Street,52.484886,-1.877286,,,
43000241502,nwmamgap,Hilden Road,52.486805,-1.875484,,,
43000241501,nwmamgam,Hilden Road,52.486996,-1.875101,,,
43000241601,nwmamgat,Duddeston Rail Sta,52.488781,-1.872371,,,
43000241602,nwmamgaw,Duddeston Rail Sta,52.48888,-1.872945,,,
43000241802,nwmtpjdj,The Curzon Building,52.482471,-1.882932,,,
43000241801,nwmamgda,The Curzon Building,52.482677,-1.882682,,,
43000242001,nwmamgdj,Pelham Road,52.488056,-1.831285,,,
43000242102,nwmamgdp,The Gosta Green,52.487816,-1.887498,,,
43000242101,nwmamgdm,The Gosta Green,52.488033,-1.886938,,,
43000242202,nwmamgdw,Fletchers,52.489307,-1.884593,,,
43000242201,nwmamgdt,Fletchers,52.489441,-1.884446,,,
43000242301,nwmamgja,Proctor Street,52.489799,-1.882236,,,
43000242302,nwmamgjd,Proctor Street,52.49004,-1.881484,,,
43000242401,nwmamgjg,Windsor St South,52.487926,-1.880341,,,
43000242402,nwmamgjm,Windsor St South,52.488297,-1.880576,,,
43000242503,nwmamgjt,St Matthew's Church,52.490852,-1.877005,,,
43000242502,nwmamgjp,St Matthew's Church,52.491131,-1.877107,,,
43000242602,nwmamgma,Bloomsbury Street,52.491703,-1.872333,,,
43000242601,nwmamgjw,Bloomsbury Street,52.492126,-1.872229,,,
43000242704,nwmtwagw,Nechells Place,52.494999,-1.869717,,,
43000242703,nwmgdwmd,Nechells Place,52.494911,-1.870085,,,
43000242802,nwmdtjap,Rocky Lane,52.494858,-1.871146,,,
43000242801,nwmdtjam,Rocky Lane,52.494408,-1.871663,,,
43000243002,nwmamgmd,Coleshill Street,52.485828,-1.885383,,,
43000243003,nwmamgmg,Coleshill Street,52.485764,-1.885574,,,
43000243101,nwmamgmj,Devon Street,52.492649,-1.867691,,,
43000243103,nwmamgmt,Devon Street,52.492481,-1.867117,,,
43000243305,nwmamgpj,Saltley Gate,52.492199,-1.858546,,,
43000243303,nwmwjmgp,Saltley Gate,52.492462,-1.858457,,,
43000243401,nwmamgpm,Ralph Road,52.489956,-1.854533,,,
43000243402,nwmamgpt,Ralph Road,52.490604,-1.856151,,,
43000243501,nwmamgpw,Hutton Road,52.493824,-1.856081,,,
43000243502,nwmamgta,Hutton Road,52.493565,-1.856259,,,
43000243602,nwmamgtg,Sandway Gardens,52.494713,-1.854694,,,
43000243601,nwmamgtd,Sandway Gardens,52.49498,-1.854457,,,
43000243702,nwmtgpmw,Oliver Street,52.492783,-1.872713,,,
43000243701,nwmdtjda,Oliver Street,52.493023,-1.872595,,,
43000243802,nwmdtjdj,Denby Close,52.492397,-1.875498,,,
43000243801,nwmdtjdg,Denby Close,52.492687,-1.875865,,,
43000243902,nwmtjgja,Hyssop Close,52.492256,-1.878061,,,
43000243901,nwmdtjdm,Hyssop Close,52.492275,-1.878194,,,
43000244002,nwmtjgjd,Nechells Sports Centre,52.49049,-1.879951,,,
43000244001,nwmgdwmg,Nechells Sports Centre,52.490711,-1.879995,,,
43000244103,nwmamgtp,Bowyer Road,52.489227,-1.852312,,,
43000244101,nwmamgtj,Bowyer Road,52.488773,-1.849927,,,
43000244602,nwmamgwm,Parkfield Road,52.488411,-1.847233,,,
43000244601,nwmamgwj,Parkfield Road,52.488281,-1.845658,,,
43000244704,nwmamgwp,Prince Albert Street,52.47366,-1.855985,,,
43000244801,nwmtpwtp,Mainstream Way,52.491409,-1.866915,,,
43000245101,nwmamgwt,Foxton Road,52.487961,-1.840519,,,
43000245102,nwmamjad,Foxton Road,52.487938,-1.842493,,,
43000245202,nwmamjaj,Brookhill Road,52.487103,-1.838299,,,
43000245201,nwmamjag,Brookhill Road,52.48711,-1.837592,,,
43000245301,nwmamjam,Jephcott Road,52.486362,-1.835474,,,
43000245302,nwmamjap,Jephcott Road,52.486362,-1.835916,,,
43000246001,nwmamjat,The Ward End,52.490913,-1.823232,,,
43000246102,nwmamjda,Cotterills Lane,52.485287,-1.830692,,,
43000246101,nwmamjaw,Cotterills Lane,52.486168,-1.830821,,,
43000246202,nwmamjdg,Sandbourne Road,52.487167,-1.832437,,,
43000246204,nwmamjdm,Sandbourne Road,52.487366,-1.831818,,,
43000246302,nwmamjdt,Bankdale Road,52.489517,-1.829394,,,
43000246301,nwmamjdp,Bankdale Road,52.490002,-1.828052,,,
43000246402,nwmamjdw,Treaford Lane,52.490288,-1.82568,,,
43000246403,nwmamjga,Treaford Lane,52.490108,-1.826653,,,
43000246501,nwmamjgd,Washwood Heath Academy,52.489651,-1.821382,,,
43000246502,nwmamjgj,Washwood Heath Academy,52.489517,-1.821441,,,
43000246605,nwmamjgp,Station Road Island,52.490292,-1.816357,,,
43000246604,nwmamjgm,Station Road Island,52.490227,-1.816283,,,
43000246606,nwmamjgt,Station Road Island,52.490669,-1.816282,,,
43000246702,nwmamjma,Cotterills Lane,52.489491,-1.816684,,,
43000246701,nwmamjgw,Cotterills Lane,52.489346,-1.81639,,,
43000246805,nwmamjmg,Alum Rock Road,52.4874,-1.831067,,,
43000247102,nwmamjmp,Wright Road,52.496281,-1.850535,,,
43000247101,nwmamjmj,Wright Road,52.496235,-1.85024,,,
43000247304,nwmamjpj,Warren Grove,52.496536,-1.846675,,,
43000247301,nwmamjpa,Warren Grove,52.49641,-1.8475,,,
43000248102,nwmamjpt,Wagoners Close,52.496487,-1.842521,,,
43000248201,nwmamjpw,Drews Lane,52.49651,-1.840694,,,
43000248203,nwmamjtd,Drews Lane,52.496159,-1.839149,,,
43000248302,nwmtdpmd,Ward End Library,52.495453,-1.837031,,,
43000248301,nwmamjtg,Ward End Library,52.494751,-1.836635,,,
43000249102,nwmamjwd,Sladefield Road,52.493587,-1.833694,,,
43000249103,nwmamjwg,Sladefield Road,52.493263,-1.832355,,,
43000249202,nwmamjwm,St Agatha's Road,52.492897,-1.82835,,,
43000249201,nwmamjwj,St Agatha's Road,52.492828,-1.829794,,,
43000249302,nwmamjwt,Foley Road,52.492828,-1.824948,,,
43000249301,nwmamjwp,Foley Road,52.492641,-1.825656,,,
43000249401,nwmampad,Twyford Road,52.492764,-1.822724,,,
43000249502,nwmampaj,Fox & Goose,52.49308,-1.818982,,,
43000249503,nwmampam,Fox & Goose,52.493198,-1.819894,,,
43000249604,nwmampap,Beaufort Park,52.493015,-1.817701,,,
43000249701,nwmwgwdg,Washwood Heath Road,52.492886,-1.819454,,,
43000250201,nwmgdwmt,Cheston Road,52.49659,-1.877327,,,
43000250202,nwmgdwmw,Cheston Road,52.496483,-1.878329,,,
43000251101,nwmgdwpm,Cattells Grove,52.498081,-1.868176,,,
43000251102,nwmgdwpt,Cattells Grove,52.49773,-1.868766,,,
43000251201,nwmgdwpw,Stuart Street,52.499355,-1.866743,,,
43000251202,nwmgdwta,Stuart Street,52.499149,-1.867171,,,
43000251302,nwmgdwtg,Holborn Hill,52.50045,-1.865517,,,
43000251301,nwmgdwtd,Holborn Hill,52.501045,-1.865014,,,
43000251402,nwmgdwtm,Chattaway Street,52.501854,-1.863833,,,
43000251401,nwmgdwtj,Chattaway Street,52.502346,-1.86339,,,
43000251501,nwmgdwtp,Nechells Primary School,52.503693,-1.86287,,,
43000251502,nwmgdwtw,Nechells Primary School,52.503666,-1.862517,,,
43000251602,nwmtwadt,Crompton Road,52.505692,-1.864042,,,
43000251601,nwmgjada,Crompton Road,52.505505,-1.864352,,,
43000252002,nwmwajwd,The Villa Tavern,52.501469,-1.866899,,,
43000252102,nwmampat,Aston University,52.487614,-1.891431,,,
43000252103,nwmampaw,Aston University,52.48748,-1.891092,,,
43000252201,nwmampda,Bagot Street,52.489582,-1.889703,,,
43000252202,nwmampdg,Bagot Street,52.489697,-1.890071,,,
43000253102,nwmampdp,Dartmouth Circus,52.493626,-1.887513,,,
43000253103,nwmampgp,Dartmouth Circus,52.493114,-1.888634,,,
43000253201,nwmampdt,Avenue Road,52.49614,-1.885607,,,
43000253302,nwmdpwgt,Aston Cross,52.497753,-1.882686,,,
43000253301,nwmdpwgp,Aston Cross,52.497845,-1.882524,,,
43000253404,nwmampgd,Park Road,52.498753,-1.883037,,,
43000253402,nwmampga,Park Road,52.498753,-1.883434,,,
43000253401,nwmampdw,Park Road,52.498692,-1.883493,,,
43000253502,nwmdpwgm,Upper Sutton Street,52.498901,-1.888855,,,
43000253501,nwmgjadg,Upper Sutton Street,52.498642,-1.887309,,,
43000253601,nwmampgj,Portland Street,52.500763,-1.879687,,,
43000253602,nwmampgm,Portland Street,52.499966,-1.880853,,,
43000254201,nwmampgt,Sandy Lane,52.501911,-1.876915,,,
43000254202,nwmampgw,Sandy Lane,52.50201,-1.876075,,,
43000255102,nwmtjdgp,Waterworks Street,52.50547,-1.868905,,,
43000255101,nwmampjg,Waterworks Street,52.5056,-1.869184,,,
43000255203,nwmampjt,Salford Stadium,52.507973,-1.863357,,,
43000255202,nwmampjp,Salford Stadium,52.507919,-1.863549,,,
43000255301,nwmampjw,Cuckoo Wharf,52.507023,-1.865615,,,
43000256101,nwmampma,Salford Circus,52.50882,-1.857815,,,
43000256102,nwmampmd,Salford Circus,52.508698,-1.858346,,,
43000256201,nwmampmg,Hawkesyard Road,52.507576,-1.852839,,,
43000256302,nwmampmt,Ansell Road,52.509151,-1.847323,,,
43000256402,nwmampta,Stoneyhurst Road,52.508839,-1.843758,,,
43000256401,nwmampmw,Stoneyhurst Road,52.508686,-1.844348,,,
43000256501,nwmamptd,Abbotts Road,52.508415,-1.841299,,,
43000256603,nwmwpgmp,Wheelwright Road,52.509155,-1.83779,,,
43000256602,nwmamptj,Wheelwright Road,52.508537,-1.839059,,,
43000260102,nwmamptp,Lower Tower Street,52.491131,-1.895546,,,
43000260103,nwmamptw,Lower Tower Street,52.49052,-1.894973,,,
43000260101,nwmamptm,Lower Tower Street,52.490654,-1.89537,,,
43000260203,nwmampwj,Miller Street,52.493011,-1.896013,,,
43000260202,nwmampwg,Miller Street,52.492779,-1.895969,,,
43000260301,nwmampwm,St Stephens Street,52.495125,-1.896317,,,
43000260401,nwmgjadw,Lower Loveday Street,52.48798,-1.899647,,,
43000260402,nwmgjaga,Lower Loveday Street,52.488564,-1.899204,,,
43000260502,nwmgjagj,Tower Street,52.490803,-1.899214,,,
43000260501,nwmgjagd,Tower Street,52.490353,-1.899082,,,
43000260702,nwmtpmgm,Holyhead Road,52.509464,-1.953804,,,
43000260701,nwmdpgdg,Holyhead Road,52.509735,-1.953612,,,
43000260802,nwmtpmjt,Sandwell Road,52.50985,-1.949855,,,
43000260801,nwmdpgdj,Sandwell Road,52.509983,-1.950414,,,
43000260902,nwmtpmjp,Farcroft Road,52.511997,-1.948511,,,
43000260901,nwmdpgdm,Farcroft Road,52.512817,-1.948628,,,
43000261102,nwmgjagp,Newtown Police Station,52.494083,-1.898588,,,
43000261101,nwmgjagm,Newtown Police Station,52.493313,-1.899075,,,
43000261202,nwmgjagw,Geach Street,52.496197,-1.897566,,,
43000261201,nwmgjagt,Geach Street,52.49617,-1.897729,,,
43000262006,nwmgjajg,Alma Street North,52.4991,-1.897295,,,
43000262004,nwmgjaja,Alma Street North,52.499271,-1.896955,,,
43000262102,nwmamtad,Milton Street,52.496815,-1.895856,,,
43000262101,nwmampwt,Milton Street,52.496105,-1.895475,,,
43000262202,nwmamtam,The Bartons Arms,52.499962,-1.89632,,,
43000262201,nwmamtaj,The Bartons Arms,52.498241,-1.894925,,,
43000262401,nwmgjajp,Selston Road,52.499554,-1.892992,,,
43000262402,nwmgjajt,Selston Road,52.499527,-1.894023,,,
43000263401,nwmgjamw,Six Ways Aston,52.502857,-1.898096,,,
43000263501,nwmamtda,Six Ways Aston,52.502014,-1.897789,,,
43000264104,nwmamtdp,Six Ways Aston,52.503273,-1.900187,,,
43000264302,nwmgjapd,Albert Road,52.503746,-1.896312,,,
43000264301,nwmgjapa,Albert Road,52.50388,-1.895913,,,
43000264402,nwmgjapj,Prestbury Road,52.505173,-1.894629,,,
43000264401,nwmgjapg,Prestbury Road,52.505451,-1.894554,,,
43000264502,nwmgjapt,Trinity Road,52.508606,-1.891335,,,
43000264501,nwmgjapm,Trinity Road,52.507904,-1.891808,,,
43000265302,nwmgjatm,Tewkesbury Road,52.513966,-1.892383,,,
43000265301,nwmgjatj,Tewkesbury Road,52.513702,-1.890969,,,
43000265402,nwmgjatw,Jardine Road,52.510571,-1.888383,,,
43000265401,nwmgjatp,Jardine Road,52.509953,-1.889033,,,
43000265501,nwmgjawa,Witton Square,52.512379,-1.887657,,,
43000265502,nwmgjawd,Witton Square,52.51273,-1.888393,,,
43000266203,nwmgjdag,Deykin Avenue,52.514683,-1.880607,,,
43000266204,nwmgjdaj,Deykin Avenue,52.514725,-1.880577,,,
43000266201,nwmgjawt,Deykin Avenue,52.513992,-1.881979,,,
43000266202,nwmgjdad,Deykin Avenue,52.514053,-1.881817,,,
43000266301,nwmgjdam,Wyrley Road,52.517063,-1.879746,,,
43000266303,nwmgjdat,Wyrley Road,52.517727,-1.879876,,,
43000266304,nwmgjdaw,Wyrley Road,52.517792,-1.879862,,,
43000266402,nwmgjdgd,Moor Lane,52.520458,-1.87813,,,
43000266401,nwmgjdga,Moor Lane,52.520119,-1.878263,,,
43000267101,nwmamtdw,Hatfield Road,52.506393,-1.902935,,,
43000267205,nwmamtgj,Trinity Road,52.507076,-1.902668,,,
43000267304,nwmamtgw,Heathfield Road,52.509235,-1.903754,,,
43000267301,nwmamtgm,Heathfield Road,52.510017,-1.902957,,,
43000267501,nwmdpgta,Robert Road,52.511116,-1.915243,,,
43000267502,nwmdpgtd,Robert Road,52.51115,-1.915272,,,
43000267602,nwmdpdja,Putney Road,52.510689,-1.909527,,,
43000267601,nwmdpgtg,Putney Road,52.510933,-1.909791,,,
43000267702,nwmdpgtm,Hutton Road,52.513611,-1.908592,,,
43000267701,nwmdpgtj,Hutton Road,52.513611,-1.90874,,,
43000268102,nwmgjdgw,Stoneleigh Road,52.514534,-1.895594,,,
43000268101,nwmgjdgt,Stoneleigh Road,52.514488,-1.895918,,,
43000268202,nwmtmtpt,Leslie Rd,52.515617,-1.9029,,,
43000268201,nwmgjdja,Leslie Rd,52.51543,-1.902901,,,
43000268302,nwmgjdjg,Grosvenor Road,52.516132,-1.906112,,,
43000268301,nwmgjdjd,Grosvenor Road,52.515999,-1.906318,,,
43000268401,nwmamtjw,Livingstone Road,52.512184,-1.902746,,,
43000268503,nwmamtmt,Station Bridge,52.516033,-1.901735,,,
43000268602,nwmamtpd,Wellhead Lane,52.518799,-1.898236,,,
43000268603,nwmamtpg,Wellhead Lane,52.518867,-1.898103,,,
43000268601,nwmamtpa,Wellhead Lane,52.517818,-1.899521,,,
43000268701,nwmamtpm,Holford Drive,52.521,-1.896595,,,
43000268702,nwmamtpt,Holford Drive,52.521053,-1.89633,,,
43000268801,nwmamtpw,Nash Square,52.523758,-1.896677,,,
43000268802,nwmamtwa,Nash Square,52.524101,-1.897104,,,
43000269102,nwmamtwg,Aldridge Road,52.529167,-1.894851,,,
43000270103,nwmamtwt,Water Street,52.486137,-1.901109,,,
43000270102,nwmamtwp,Water Street,52.486309,-1.900814,,,
43000270101,nwmamtwm,Water Street,52.486263,-1.901271,,,
43000270305,nwmamwam,Hall Street,52.489182,-1.907995,,,
43000270301,nwmamwap,Hall Street,52.48893,-1.907406,,,
43000270401,nwmamwaw,Vyse Street,52.490643,-1.910039,,,
43000270404,nwmamwdj,Vyse Street,52.491245,-1.910656,,,
43000270501,nwmtwdmg,Alfred Road,52.504414,-1.939828,,,
43000271102,nwmgjdjp,Unett Street,52.490871,-1.905723,,,
43000271101,nwmgjdjm,Unett Street,52.491096,-1.905708,,,
43000271201,nwmdpgwa,Well Street,52.492886,-1.908458,,,
43000271202,nwmtjtpw,Well Street,52.492825,-1.908576,,,
43000271401,nwmgjdjt,Farm Street,52.495598,-1.904476,,,
43000271402,nwmgjdjw,Farm Street,52.495529,-1.904992,,,
43000271501,nwmgjdma,Melbourne Avenue,52.497368,-1.903603,,,
43000271502,nwmgjdmd,Melbourne Avenue,52.49754,-1.90372,,,
43000271602,nwmgjdmj,Boulton Circus,52.494793,-1.907998,,,
43000272201,nwmgjdmw,HML Campus,52.501125,-1.90274,,,
43000272203,nwmgjdpa,HML Campus,52.499813,-1.903273,,,
43000272302,nwmgjdpg,Lozells Street,52.499657,-1.906883,,,
43000272401,nwmgjdpj,Burbury Street,52.499298,-1.908327,,,
43000272501,nwmgjdpt,Villa Street,52.498138,-1.911202,,,
43000272502,nwmgjdpw,Villa Street,52.49807,-1.911865,,,
43000272604,nwmamwdm,Priestley Close,52.51289,-1.921207,,,
43000273202,nwmgjdtg,Wheeler Street,52.502747,-1.90365,,,
43000273301,nwmgjdtm,Lozells Street,52.502899,-1.906346,,,
43000273302,nwmgjdtp,Lozells Street,52.502712,-1.905197,,,
43000273401,nwmgjdtw,Mayfield Road,52.50304,-1.910809,,,
43000273402,nwmgjdwa,Mayfield Road,52.502949,-1.91131,,,
43000273701,nwmamwdp,Charleville Road,52.499241,-1.919095,,,
43000273801,nwmamwdt,The Woodlands,52.513592,-1.922237,,,
43000274201,nwmgjdwg,Brecon Road,52.505096,-1.911674,,,
43000274202,nwmgjdwj,Brecon Road,52.505241,-1.9116,,,
43000274302,nwmgjdwp,Heathfield Primary School,52.506435,-1.909064,,,
43000274301,nwmgjdwm,Heathfield Primary School,52.50629,-1.909565,,,
43000274401,nwmgjdwt,Leonard Road,52.507576,-1.906837,,,
43000274402,nwmgjgad,Leonard Road,52.507774,-1.906689,,,
43000274601,nwmwamdg,Regent Place,52.48568,-1.910815,,,
43000275102,nwmgjgam,Westminster Road,52.515804,-1.910842,,,
43000275101,nwmgjgaj,Westminster Road,52.515472,-1.911698,,,
43000275201,nwmgjgap,Upper Grosvenor Road,52.513794,-1.917183,,,
43000275202,nwmgjgat,Upper Grosvenor Road,52.514118,-1.91618,,,
43000275904,nwmgjgda,Grove Hill Road,52.513313,-1.933348,,,
43000275903,nwmgjgaw,Grove Hill Road,52.513493,-1.933819,,,
43000276002,nwmgjgdg,College Road,52.513718,-1.934452,,,
43000276003,nwmtgwdp,College Road,52.513763,-1.936456,,,
43000276101,nwmamwdw,Great King Street,52.492863,-1.91245,,,
43000276103,nwmamwgd,Great King Street,52.493225,-1.913406,,,
43000276104,nwmamwgj,Great King Street,52.493332,-1.913539,,,
43000276102,nwmamwga,Great King Street,52.492943,-1.912538,,,
43000276201,nwmgjgdj,Soho Hill,52.496418,-1.915182,,,
43000276202,nwmgjgdm,Soho Hill,52.496273,-1.91502,,,
43000276301,nwmamwgp,Hockley Circus,52.495987,-1.916494,,,
43000276302,nwmamwgt,Hockley Circus,52.495823,-1.916303,,,
43000276303,nwmamwgw,Hockley Circus,52.496174,-1.915963,,,
43000276502,nwmamwjm,Richmond Road,52.499054,-1.919891,,,
43000276503,nwmamwjp,Richmond Road,52.4981,-1.918243,,,
43000276701,nwmtwjmw,Piers Road,52.501484,-1.925823,,,
43000276802,nwmwmjpd,Clement Street,52.480423,-1.916141,,,
43000276801,nwmamwjt,Clement Street,52.480309,-1.915994,,,
43000277104,nwmamwjw,College Grove,52.502693,-1.918868,,,
43000277201,nwmgjgdp,Villa Cross,52.503323,-1.915316,,,
43000277202,nwmgjgdt,Villa Cross,52.503223,-1.915302,,,
43000277302,nwmamwmd,Gibson Road,52.506145,-1.920099,,,
43000277301,nwmamwma,Gibson Road,52.505177,-1.919659,,,
43000278101,nwmamwmg,Victoriana Way,52.507153,-1.919847,,,
43000278102,nwmamwmj,Victoriana Way,52.50869,-1.919682,,,
43000278201,nwmamwmp,Handsworth Park,52.509987,-1.918943,,,
43000278202,nwmamwmt,Handsworth Park,52.510239,-1.919031,,,
43000278302,nwmgjgjm,Handsworth Wood Road,52.513035,-1.922179,,,
43000279101,nwmgjgjp,Handsworth Park,52.509392,-1.930363,,,
43000279102,nwmgjgjt,Handsworth Park,52.508976,-1.930422,,,
43000279201,nwmgjgjw,Antrobus Road,52.511585,-1.931656,,,
43000279202,nwmgjgma,Antrobus Road,52.511421,-1.931833,,,
43000279302,nwmgjgmg,Hinstock Road,52.513237,-1.926864,,,
43000279301,nwmgjgmd,Hinstock Road,52.513298,-1.925848,,,
43000279401,nwmgjgmj,Grove Lane,52.513824,-1.932949,,,
43000279402,nwmtwjap,Grove Lane,52.513912,-1.932905,,,
43000279502,nwmgjgmp,Stockwell Road,52.514286,-1.938725,,,
43000279503,nwmgjgmt,Stockwell Road,52.514557,-1.939903,,,
43000279601,nwmgjgmw,Newcombe Road,52.511929,-1.939229,,,
43000279602,nwmgjgpa,Newcombe Road,52.512371,-1.939095,,,
43000279702,nwmgjgpg,Antrobus Road,52.510517,-1.93982,,,
43000279701,nwmgjgpd,Antrobus Road,52.509613,-1.940499,,,
43000279801,nwmgjgpj,Friary Gardens,52.515133,-1.943498,,,
43000279802,nwmgjgpm,Friary Gardens,52.514988,-1.943778,,,
43000279901,nwmgjgpt,Sandwell Road,52.514317,-1.946328,,,
43000280101,nwmamwmw,Rose Hill Road,52.501251,-1.924291,,,
43000280104,nwmamwpa,Rose Hill Road,52.500492,-1.92254,,,
43000280201,nwmgjgpw,Ivy Road,52.501862,-1.927075,,,
43000280202,nwmgjgta,Ivy Road,52.501835,-1.927502,,,
43000280301,nwmtmagm,Waverhill Road,52.502792,-1.931654,,,
43000280404,nwmgjgtg,Grove Lane,52.503181,-1.934173,,,
43000280403,nwmgjgtd,Grove Lane,52.502972,-1.932376,,,
43000280501,nwmgjgtj,Osborne Road,52.506306,-1.932238,,,
43000280502,nwmgjgtm,Osborne Road,52.505409,-1.932947,,,
43000280601,nwmgjgtp,Holly Road,52.507809,-1.93094,,,
43000280602,nwmgjgtw,Holly Road,52.507332,-1.93178,,,
43000281102,nwmgjgwd,Albert Road,52.508469,-1.940397,,,
43000281101,nwmgjgwa,Albert Road,52.507885,-1.940619,,,
43000281202,nwmgjgwj,Trafalgar Road,52.504944,-1.940417,,,
43000281201,nwmgjgwg,Trafalgar Road,52.504829,-1.940609,,,
43000281302,nwmgjgwp,Boulton Road,52.504028,-1.938621,,,
43000281303,nwmgjgwt,Boulton Road,52.503677,-1.936014,,,
43000281301,nwmgjgwm,Boulton Road,52.503983,-1.93837,,,
43000281402,nwmgjmag,Booth Street,52.504551,-1.941522,,,
43000281401,nwmgjmad,Booth Street,52.504974,-1.943614,,,
43000281501,nwmgjmaj,Tew Park Road,52.501431,-1.937917,,,
43000281502,nwmgjmam,Tew Park Road,52.500828,-1.938021,,,
43000281702,nwmgjmda,Grasmere Road,52.500851,-1.932674,,,
43000281701,nwmgjmaw,Grasmere Road,52.500858,-1.932541,,,
43000282101,nwmgjmdg,Holyhead Way,52.50563,-1.946147,,,
43000282201,nwmgjmdj,Crocketts Road,52.506783,-1.949534,,,
43000282202,nwmgjmdm,Crocketts Road,52.506432,-1.948135,,,
43000282401,nwmgjmgd,Woodland Road,52.507305,-1.9508,,,
43000282502,nwmgjmgm,Wattville Road,52.507721,-1.952833,,,
43000282501,nwmgjmgj,Wattville Road,52.507919,-1.952921,,,
43000282601,nwmgjmgt,Island Road,52.508945,-1.955395,,,
43000282602,nwmgjmgw,Island Road,52.508602,-1.955042,,,
43000282703,nwmgjmjg,Middlemore Road,52.509563,-1.957752,,,
43000282701,nwmgjmja,Middlemore Road,52.50972,-1.961185,,,
43000282802,nwmamwpg,King Edwards Road,52.484032,-1.920713,,,
43000282803,nwmamwpj,King Edwards Road,52.484402,-1.920757,,,
43000282901,nwmgjmjp,Carver Street,52.486977,-1.916864,,,
43000282902,nwmgjmjt,Carver Street,52.486897,-1.916629,,,
43000283402,nwmgjmpg,Graham Street,52.484665,-1.911582,,,
43000283501,nwmgjmpj,Chamberlain Clock,52.487011,-1.912933,,,
43000283502,nwmgjmpm,Chamberlain Clock,52.48711,-1.913153,,,
43000283701,nwmgjmpt,Primary School,52.488579,-1.919439,,,
43000283702,nwmgjmpw,Primary School,52.488564,-1.919218,,,
43000283801,nwmgjmta,Knightstone Avenue,52.490215,-1.920275,,,
43000283802,nwmgjmtd,Knightstone Avenue,52.490459,-1.920982,,,
43000284101,nwmamwtj,All Saints Street,52.492619,-1.922421,,,
43000284201,nwmamwtm,Bredon Croft,52.492783,-1.924659,,,
43000284202,nwmamwtp,Bredon Croft,52.492798,-1.923687,,,
43000284301,nwmamwtw,Norton Street,52.493259,-1.927236,,,
43000284302,nwmapada,Norton Street,52.493252,-1.92781,,,
43000284402,nwmapadj,Musgrave Road,52.49408,-1.932184,,,
43000284401,nwmapadg,Musgrave Road,52.493965,-1.932095,,,
43000284501,nwmapadm,Great Charles Street,52.481655,-1.902459,,,
43000284601,nwmdtdgm,Charlotte Street,52.484112,-1.90724,,,
43000284602,nwmdtdgp,Charlotte Street,52.483471,-1.905724,,,
43000284701,nwmgjmtg,Vittoria Street,52.484688,-1.908667,,,
43000284702,nwmgjmtj,Vittoria Street,52.484482,-1.909536,,,
43000285102,nwmgjmtp,Willes Road,52.496235,-1.939368,,,
43000285101,nwmgjmtm,Willes Road,52.496674,-1.939471,,,
43000285202,nwmapadt,Bacchus Road,52.494495,-1.936071,,,
43000285201,nwmapadp,Bacchus Road,52.494442,-1.935526,,,
43000285301,nwmapadw,Winson Green Prison,52.494514,-1.938855,,,
43000285302,nwmapaga,Winson Green Prison,52.494614,-1.938825,,,
43000285401,nwmapagd,Winson Green Prison,52.491955,-1.938446,,,
43000285402,nwmapagj,Winson Green Prison,52.49242,-1.938961,,,
43000285501,nwmgjmtw,Pitsford Street,52.491001,-1.921997,,,
43000285502,nwmgjmwa,Pitsford Street,52.49091,-1.921864,,,
43000285701,nwmdpgwg,Aberdeen Street,52.490101,-1.937948,,,
43000285702,nwmdpgwj,Aberdeen Street,52.490829,-1.938403,,,
43000286102,nwmapagp,Charlotte Street,52.482109,-1.909953,,,
43000286101,nwmapagm,Charlotte Street,52.481838,-1.909659,,,
43000286203,nwmtgawg,Nelson Street,52.482437,-1.913692,,,
43000286201,nwmapagw,Nelson Street,52.482536,-1.915282,,,
43000286301,nwmgjmwd,Spring Hill Island,52.484425,-1.918253,,,
43000286304,nwmgjmwg,Spring Hill Island,52.484291,-1.918695,,,
43000286401,nwmapaja,Cope Street,52.482632,-1.922571,,,
43000286402,nwmapajd,Cope Street,52.48283,-1.922924,,,
43000286502,nwmgjmwm,Ellen Street,52.485146,-1.921109,,,
43000286501,nwmgjmwj,Ellen Street,52.485424,-1.921329,,,
43000286602,nwmgjmwt,College Street,52.486229,-1.924877,,,
43000286601,nwmgjmwp,College Street,52.485977,-1.924612,,,
43000287102,nwmgjpag,Hooper Street,52.486923,-1.930236,,,
43000287101,nwmgjpad,Hooper Street,52.486843,-1.930251,,,
43000288101,nwmapajg,Leyburn Road,52.475681,-1.923967,,,
43000288102,nwmapajm,Leyburn Road,52.475567,-1.923069,,,
43000288301,nwmapajw,Icknield Port Road,52.478733,-1.926892,,,
43000288302,nwmapama,Icknield Port Road,52.478622,-1.926436,,,
43000288502,nwmgjpdg,Osler Street,52.480282,-1.930776,,,
43000288501,nwmgjpda,Osler Street,52.479805,-1.929938,,,
43000288601,nwmgjpdj,Wiggin Street,52.481926,-1.932821,,,
43000288602,nwmgjpdm,Wiggin Street,52.482224,-1.933394,,,
43000288702,nwmgjpdt,Summerfield Crescent,52.482845,-1.934218,,,
43000288701,nwmgjpdp,Summerfield Crescent,52.482864,-1.934071,,,
43000288803,nwmtgpmp,Gillott Road,52.484184,-1.935821,,,
43000288802,nwmgjpdw,Gillott Road,52.483574,-1.935233,,,
43000288901,nwmgjpga,Dudley Road,52.485992,-1.936761,,,
43000288902,nwmgjpgd,Dudley Road,52.485722,-1.936805,,,
43000289101,nwmdpgwm,Heath Street,52.486828,-1.93377,,,
43000289102,nwmdpgwp,Heath Street,52.486584,-1.935361,,,
43000289305,nwmapapa,Summerfield Park,52.486588,-1.938306,,,
43000289303,nwmapamt,Summerfield Park,52.486469,-1.938115,,,
43000289301,nwmapamj,Summerfield Park,52.486435,-1.938572,,,
43000289304,nwmapamw,Summerfield Park,52.486561,-1.938601,,,
43000289302,nwmapamp,Summerfield Park,52.48645,-1.938336,,,
43000289402,nwmgjpgp,City Road,52.486446,-1.941473,,,
43000289403,nwmwadag,City Road,52.486362,-1.941885,,,
43000289501,nwmapapd,Selwyn Road,52.484074,-1.94448,,,
43000289502,nwmapapg,Selwyn Road,52.48436,-1.943787,,,
43000289601,nwmapapj,Rotton Park Road,52.48243,-1.947265,,,
43000289602,nwmapapm,Rotton Park Road,52.483112,-1.946351,,,
43000289701,nwmapapt,Shenstone Road,52.481335,-1.949313,,,
43000289702,nwmapapw,Shenstone Road,52.481514,-1.949121,,,
43000289802,nwmgjpgw,Algernon Road,52.487003,-1.94452,,,
43000289901,nwmgjpja,Dugdale Street,52.487335,-1.946552,,,
43000290202,nwmgjpjm,Hockley Heath,52.355404,-1.774304,,,
43000300203,nwmapdma,Frederick Road,52.472404,-1.91723,,,
43000300202,nwmapdjw,Frederick Road,52.472504,-1.916627,,,
43000300201,nwmapdjt,Frederick Road,52.47253,-1.916818,,,
43000300403,nwmapdmp,Five Ways Metro,52.473728,-1.916727,,,
43000300401,nwmapdmg,Five Ways Metro,52.473907,-1.917169,,,
43000300402,nwmapdmj,Five Ways Metro,52.474014,-1.917021,,,
43000300501,nwmapdmt,Friston Avenue,52.473793,-1.92001,,,
43000300502,nwmapdmw,Friston Avenue,52.473919,-1.919627,,,
43000300802,nwmapdta,St James Road,52.470787,-1.919265,,,
43000300804,nwmapdtg,St James Road,52.470661,-1.919339,,,
43000300902,nwmapdtp,St George's Church,52.467556,-1.924467,,,
43000301105,nwmapdwm,The Ivy Bush,52.471767,-1.932659,,,
43000301102,nwmapdwd,The Ivy Bush,52.471939,-1.930289,,,
43000301104,nwmapdwj,The Ivy Bush,52.471767,-1.932483,,,
43000302101,nwmapdwp,Portland Road,52.472042,-1.937767,,,
43000302102,nwmapdwt,Portland Road,52.471931,-1.93734,,,
43000302201,nwmapgag,Rotton Park Road,52.47171,-1.944157,,,
43000302202,nwmapgaj,Rotton Park Road,52.471638,-1.941728,,,
43000302301,nwmapgam,Manor Road,52.471874,-1.947572,,,
43000302302,nwmapgap,Manor Road,52.471596,-1.946247,,,
43000302401,nwmapgat,Westfield Road,52.472092,-1.949677,,,
43000302502,nwmapgda,Gillott Road,52.472496,-1.952149,,,
43000302501,nwmapgaw,Gillott Road,52.472866,-1.9534,,,
43000302602,nwmgjpjw,York Road,52.473362,-1.940327,,,
43000302601,nwmgjpjt,York Road,52.473309,-1.939885,,,
43000302701,nwmgjpma,Vernon Road,52.474346,-1.943402,,,
43000302702,nwmgjpmd,Vernon Road,52.475307,-1.946051,,,
43000302801,nwmapgdg,St Pauls RC School,52.475098,-1.939426,,,
43000303101,nwmgjpmg,Stanmore Road,52.47665,-1.950172,,,
43000303102,nwmgjpmj,Stanmore Road,52.476738,-1.950717,,,
43000303202,nwmapgdm,Ravenshaw Road,52.480156,-1.951478,,,
43000303201,nwmapgdj,Ravenshaw Road,52.480721,-1.950594,,,
43000303301,nwmgjpmp,St Germain's Church,52.478405,-1.953983,,,
43000303304,nwmgjpmt,St Germain's Church,52.478729,-1.954837,,,
43000303402,nwmapgdt,Bernard Road,52.476788,-1.95746,,,
43000303401,nwmapgdp,Bernard Road,52.476654,-1.957975,,,
43000303502,nwmgjpta,Ridgeway,52.480984,-1.957367,,,
43000303501,nwmgjpmw,Ridgeway,52.480564,-1.957103,,,
43000303606,nwmgjptg,Smethwick Market,52.487961,-1.959025,,,
43000303605,nwmgjptd,Smethwick Market,52.48774,-1.959231,,,
43000303701,nwmgjptj,Selsey Road,52.482803,-1.95872,,,
43000303702,nwmgjptm,Selsey Road,52.482864,-1.958911,,,
43000304102,nwmapgja,Fountain Road,52.473083,-1.955888,,,
43000304101,nwmapgdw,Fountain Road,52.473297,-1.956462,,,
43000304301,nwmapgjg,Beverley House,52.474567,-1.96151,,,
43000304302,nwmapgjm,Beverley House,52.474945,-1.961201,,,
43000304401,nwmapgjp,Barnsley Road,52.474812,-1.96391,,,
43000304402,nwmapgjt,Barnsley Road,52.475071,-1.964513,,,
43000304501,nwmapgjw,Three Shires Oak Road,52.476269,-1.969842,,,
43000304503,nwmapgmd,Three Shires Oak Road,52.47662,-1.969694,,,
43000304502,nwmapgma,Three Shires Oak Road,52.476395,-1.969842,,,
43000304601,nwmapgmg,Meadow Road,52.473148,-1.961173,,,
43000304602,nwmapgmj,Meadow Road,52.473263,-1.960407,,,
43000304701,nwmapgmp,Drayton Road,52.475494,-1.965852,,,
43000304702,nwmapgmt,Drayton Road,52.47583,-1.966323,,,
43000305101,nwmapgmw,Highfield Road,52.470306,-1.926081,,,
43000305201,nwmapgpa,Botanical Gardens,52.467621,-1.928279,,,
43000305301,nwmapgpd,Harborne Road,52.4674,-1.932813,,,
43000305401,nwmapgpg,Chad Road,52.469151,-1.931118,,,
43000305501,nwmapgpj,Greenfell Drive,52.469044,-1.933017,,,
43000306001,nwmapgpm,Moor Pool Avenue,52.462059,-1.95375,,,
43000306002,nwmapgpt,Moor Pool Avenue,52.462296,-1.953794,,,
43000306102,nwmapgta,Heaton Drive,52.46954,-1.935901,,,
43000306101,nwmapgpw,Heaton Drive,52.469513,-1.937035,,,
43000306201,nwmapgtd,Christchurch Close,52.469597,-1.939876,,,
43000306202,nwmapgtg,Christchurch Close,52.469543,-1.939346,,,
43000306302,nwmapgtm,Norfolk Road,52.469608,-1.944439,,,
43000306301,nwmapgtj,Norfolk Road,52.469482,-1.943983,,,
43000306401,nwmapgtp,Strutt Close,52.469799,-1.948928,,,
43000306502,nwmapgtw,Woodbourne Road,52.470207,-1.954272,,,
43000306601,nwmapgwa,Pereira Road,52.467033,-1.955379,,,
43000306602,nwmapgwd,Pereira Road,52.466961,-1.955276,,,
43000306702,nwmapgwj,Oakham Road,52.465324,-1.961253,,,
43000306701,nwmapgwg,Oakham Road,52.465496,-1.960944,,,
43000307101,nwmapjag,Westfield Road,52.46553,-1.935142,,,
43000307102,nwmapjaj,Westfield Road,52.465405,-1.935407,,,
43000307202,nwmapjap,Harborne Academy,52.463032,-1.938692,,,
43000307201,nwmapjam,Harborne Academy,52.463085,-1.938236,,,
43000307303,nwmapjat,Grays Road,52.46096,-1.943552,,,
43000307402,nwmapjda,Barlows Road,52.459007,-1.940081,,,
43000307401,nwmapjaw,Barlows Road,52.459267,-1.940331,,,
43000309101,nwmapjdm,Somerset Road,52.457771,-1.935315,,,
43000309102,nwmapjdp,Somerset Road,52.457996,-1.935521,,,
43000309201,nwmapjdt,Farquhar Road,52.454948,-1.933656,,,
43000309202,nwmapjdw,Farquhar Road,52.454849,-1.933715,,,
43000309301,nwmapjga,Blood & Transplant Centre,52.453476,-1.934939,,,
43000309302,nwmapjgd,Blood & Transplant Centre,52.453205,-1.934939,,,
43000309702,nwmapjmg,Metchley Park,52.455627,-1.946046,,,
43000309701,nwmapjmd,Metchley Park,52.455475,-1.945899,,,
43000309802,nwmapjmp,Hintlesham Avenue,52.457317,-1.944999,,,
43000309801,nwmapjmj,Hintlesham Avenue,52.457554,-1.944999,,,
43000309902,nwmapjmw,Vale Village,52.458691,-1.925365,,,
43000309901,nwmapjmt,Vale Village,52.458099,-1.925999,,,
43000310001,nwmgjpwd,Icknield Street,52.487835,-1.918232,,,
43000310102,nwmapjpd,Anderson Road,52.473465,-1.965103,,,
43000310101,nwmapjpa,Anderson Road,52.472935,-1.966458,,,
43000310202,nwmapjpj,Hagley Road West,52.47171,-1.968005,,,
43000310201,nwmapjpg,Hagley Road West,52.471611,-1.968299,,,
43000310301,nwmapjpm,Lordswood Road,52.471542,-1.969712,,,
43000310307,nwmapjtj,Lordswood Road,52.472054,-1.969226,,,
43000310306,nwmapjtg,Lordswood Road,52.471928,-1.969477,,,
43000310302,nwmapjpt,Lordswood Road,52.471443,-1.969889,,,
43000310303,nwmapjpw,Lordswood Road,52.471344,-1.970066,,,
43000310801,nwmapjtm,The Court Oak,52.460926,-1.975636,,,
43000310903,nwmgjpwj,Quinton Lane,52.463356,-1.992959,,,
43000310902,nwmgjpwg,Quinton Lane,52.463444,-1.993106,,,
43000311003,nwmgjpwm,Ridgeacre Road,52.461025,-1.992002,,,
43000311004,nwmgjpwp,Ridgeacre Road,52.46117,-1.992223,,,
43000311101,nwmapjtp,Norwich Drive,52.469185,-1.973556,,,
43000311102,nwmapjtw,Norwich Drive,52.469662,-1.973364,,,
43000311202,nwmapjwd,Winchfield Drive,52.467541,-1.976501,,,
43000311201,nwmapjwa,Winchfield Drive,52.467739,-1.976781,,,
43000311402,nwmdpjad,Willow Avenue,52.481472,-1.962756,,,
43000311401,nwmdpgwt,Willow Avenue,52.481609,-1.962682,,,
43000311602,nwmtjdgw,Welsh House Farm Road,52.452816,-1.975332,,,
43000311601,nwmapjwm,Welsh House Farm Road,52.452908,-1.975287,,,
43000311701,nwmapjwp,Tarrant Grove,52.454273,-1.976096,,,
43000311802,nwmapmad,Springslade,52.45607,-1.976963,,,
43000311902,nwmapmaj,Shipbourne Close,52.45554,-1.974521,,,
43000312003,nwmgjpwt,Napton Grove,52.441677,-1.977824,,,
43000312004,nwmgjtad,Napton Grove,52.44183,-1.978339,,,
43000312101,nwmapmam,Balden Road,52.465961,-1.982198,,,
43000312102,nwmapmap,Balden Road,52.466187,-1.983023,,,
43000312202,nwmapmaw,Birch Road,52.464901,-1.989043,,,
43000312201,nwmapmat,Birch Road,52.465439,-1.987674,,,
43000312301,nwmapmda,Clive Road,52.463875,-1.993989,,,
43000312304,nwmapmdg,Clive Road,52.464432,-1.992782,,,
43000312402,nwmapmdm,Quinton Lane Island,52.463203,-1.996403,,,
43000312401,nwmapmdj,Quinton Lane Island,52.463509,-1.99655,,,
43000313102,nwmapmga,Perry Hill Lane,52.463192,-2.001613,,,
43000313101,nwmapmdw,Perry Hill Lane,52.463356,-1.9997,,,
43000313201,nwmapmgd,Clydesdale Road,52.462238,-2.00494,,,
43000313202,nwmapmgj,Clydesdale Road,52.463078,-2.003379,,,
43000313301,nwmapmgm,Quinton Island,52.462158,-2.006971,,,
43000313402,nwmapmgt,Quinton Church,52.461952,-2.009429,,,
43000313401,nwmapmgp,Quinton Church,52.462124,-2.010547,,,
43000313501,nwmapmja,Quinton Island,52.460739,-2.008133,,,
43000313502,nwmapmjd,Quinton Island,52.460476,-2.007853,,,
43000313901,nwmtwjtp,Deblen Drive,52.475643,-1.94742,,,
43000314101,nwmapmjp,Knightlow Road,52.467773,-1.966594,,,
43000314102,nwmapmjt,Knightlow Road,52.468033,-1.967036,,,
43000314204,nwmapmjw,Lordswood Road,52.464733,-1.964521,,,
43000314302,nwmapmpd,Elm Tree Road,52.463745,-1.96489,,,
43000314301,nwmapmpa,Elm Tree Road,52.463169,-1.96467,,,
43000314402,nwmapmpj,Fitz Roy Avenue,52.462902,-1.969792,,,
43000314401,nwmapmpg,Fitz Roy Avenue,52.463154,-1.969453,,,
43000314502,nwmapmpt,Court Oak Road,52.460094,-1.961964,,,
43000314501,nwmapmpm,Court Oak Road,52.460426,-1.962141,,,
43000314601,nwmapmpw,Lordswood Road,52.459751,-1.962288,,,
43000314602,nwmapmta,Lordswood Road,52.459671,-1.962053,,,
43000314701,nwmapmtd,Woodville Road,52.459827,-1.965055,,,
43000314702,nwmapmtg,Woodville Road,52.459717,-1.964099,,,
43000314801,nwmapmtj,Pitman Road,52.454609,-1.993416,,,
43000314802,nwmtwjmt,Pitman Road,52.454617,-1.993593,,,
43000314902,nwmtjdjd,Wedgewood Road,52.454643,-1.995653,,,
43000314901,nwmapmtm,Wedgewood Road,52.454571,-1.995903,,,
43000315002,nwmtjdjg,Royal British Legion,52.456287,-1.990105,,,
43000315001,nwmapmtp,Royal British Legion,52.4562,-1.989619,,,
43000315102,nwmapmwa,Grosvenor Road,52.459854,-1.967204,,,
43000315101,nwmapmtw,Grosvenor Road,52.459763,-1.967969,,,
43000315202,nwmapmwd,Earls Court Road,52.460167,-1.970927,,,
43000315302,nwmapmwg,Court Oak Grove,52.460583,-1.974444,,,
43000315401,nwmapmwj,Tennal Drive,52.460674,-1.978021,,,
43000315402,nwmapmwm,Tennal Drive,52.46051,-1.978374,,,
43000315502,nwmapmwt,West Boulevard,52.460773,-1.981965,,,
43000315501,nwmapmwp,West Boulevard,52.460567,-1.981877,,,
43000315601,nwmaptad,Woodhouse Road,52.460117,-1.982731,,,
43000315602,nwmaptag,Woodhouse Road,52.459541,-1.98145,,,
43000315902,nwmtjawp,Capern Grove,52.454666,-1.971225,,,
43000315901,nwmaptap,Capern Grove,52.45509,-1.970459,,,
43000316001,nwmaptat,Overdale Road,52.455326,-1.985837,,,
43000316002,nwmtjdjm,Overdale Road,52.455235,-1.985837,,,
43000316102,nwmaptda,Blandford Road,52.454605,-1.980967,,,
43000316101,nwmaptaw,Blandford Road,52.454201,-1.980393,,,
43000316202,nwmaptdj,Hunslet Road,52.452896,-1.980099,,,
43000316201,nwmaptdg,Hunslet Road,52.452934,-1.979731,,,
43000316301,nwmaptdm,Dufton Road,52.452404,-1.981586,,,
43000316302,nwmaptdp,Dufton Road,52.452271,-1.981895,,,
43000316401,nwmaptdt,Moat Meadows,52.45261,-1.985721,,,
43000316402,nwmaptdw,Moat Meadows,52.452438,-1.985588,,,
43000316502,nwmaptgd,Mayswood Grove,52.452873,-1.989134,,,
43000316501,nwmaptga,Mayswood Grove,52.452728,-1.989473,,,
43000316602,nwmtdpmj,Faraday Avenue,52.453491,-1.993784,,,
43000316601,nwmaptgj,Faraday Avenue,52.453663,-1.994255,,,
43000316802,nwmaptgm,Fulbrook Grove,52.432236,-1.973975,,,
43000316902,nwmaptgp,Lodge Hill Cemetery Gates,52.438641,-1.953451,,,
43000317101,nwmaptgt,Quinton Library,52.460388,-1.98563,,,
43000317202,nwmaptja,White Road,52.46064,-1.987307,,,
43000317201,nwmaptgw,White Road,52.460495,-1.988691,,,
43000317301,nwmaptjd,Worlds End Lane,52.460747,-1.991252,,,
43000317302,nwmaptjg,Worlds End Lane,52.46056,-1.991134,,,
43000317401,nwmaptjm,Ridgacre Road,52.458912,-1.997904,,,
43000317402,nwmaptjp,Ridgacre Road,52.459209,-1.997286,,,
43000317502,nwmgjtda,Glyn Road,52.459095,-1.991767,,,
43000317501,nwmgjtaw,Glyn Road,52.459526,-1.991546,,,
43000317602,nwmaptjw,Fleming Road,52.456566,-1.99137,,,
43000317601,nwmaptjt,Fleming Road,52.456718,-1.99165,,,
43000317802,nwmaptmd,Bolney Road,52.455173,-1.982526,,,
43000317801,nwmaptma,Bolney Road,52.455246,-1.982409,,,
43000317902,nwmaptmj,Gorsy Road,52.45565,-1.988486,,,
43000317901,nwmaptmg,Gorsy Road,52.45573,-1.988457,,,
43000318102,nwmaptmt,Higgins Lane,52.457314,-1.998611,,,
43000318101,nwmaptmp,Higgins Lane,52.4576,-1.998464,,,
43000318202,nwmaptmw,Four Dwellings Academy,52.45565,-2.002349,,,
43000318203,nwmaptpa,Four Dwellings Academy,52.455929,-2.002084,,,
43000318301,nwmaptpd,Little Park,52.453941,-2.004497,,,
43000318302,nwmaptpg,Little Park,52.45343,-2.004114,,,
43000318402,nwmaptpm,Rutters Meadow,52.452568,-2.002319,,,
43000318501,nwmaptpt,Six Acres,52.45192,-1.997978,,,
43000318502,nwmaptpw,Six Acres,52.452053,-1.998346,,,
43000318602,nwmdmpdg,Middle Leasow,52.452415,-1.9953,,,
43000318601,nwmaptwd,Middle Leasow,52.452568,-1.995697,,,
43000318802,nwmtjdjp,Ridgacre Road,52.458241,-2.002555,,,
43000318801,nwmaptwj,Ridgacre Road,52.458546,-2.002629,,,
43000318902,nwmtpjga,Tesco,52.45956,-1.999008,,,
43000318901,nwmaptwm,Tesco,52.459354,-1.999126,,,
43000319301,nwmtwgmp,Ridgacre Lane,52.459885,-1.996168,,,
43000320102,nwmaptwt,York Street,52.459297,-1.947278,,,
43000320101,nwmaptwp,York Street,52.45945,-1.947204,,,
43000320103,nwmapwad,York Street,52.459244,-1.94741,,,
43000320204,nwmapwap,Harborne Junction,52.458294,-1.951149,,,
43000320202,nwmapwaj,Harborne Junction,52.45858,-1.949927,,,
43000320402,nwmapwaw,Greenfield Road,52.458035,-1.954328,,,
43000320401,nwmapwat,Greenfield Road,52.458141,-1.954799,,,
43000320502,nwmapwda,War Lane,52.458206,-1.958243,,,
43000320505,nwmapwdm,War Lane,52.458206,-1.958007,,,
43000320503,nwmapwdg,War Lane,52.458279,-1.958346,,,
43000320601,nwmapwdp,St Marys Road,52.455273,-1.95464,,,
43000320602,nwmapwdt,St Marys Road,52.455677,-1.954242,,,
43000320702,nwmapwga,Albert Road,52.457863,-1.958214,,,
43000320801,nwmgjtdp,Sommerfield Road,52.442032,-1.996728,,,
43000321101,nwmapwgd,Milford Road,52.456463,-1.962777,,,
43000321102,nwmapwgj,Milford Road,52.456955,-1.961805,,,
43000321202,nwmapwgp,Fellows Lane,52.456059,-1.963999,,,
43000321201,nwmapwgm,Fellows Lane,52.45586,-1.964219,,,
43000321301,nwmapwgt,Welsh House Farm Road,52.455986,-1.968796,,,
43000321302,nwmapwgw,Welsh House Farm Road,52.455845,-1.968149,,,
43000321401,nwmapwja,Fredas Grove,52.452839,-1.965487,,,
43000321402,nwmapwjd,Fredas Grove,52.453037,-1.965723,,,
43000321502,nwmapwjm,Wyckham Close,52.451347,-1.965753,,,
43000321501,nwmapwjg,Wyckham Close,52.450909,-1.965857,,,
43000321702,nwmwdwgd,Queen Elizabeth Hospital,52.45079,-1.940622,,,
43000321703,nwmwdwgj,Queen Elizabeth Hospital,52.450611,-1.940505,,,
43000321701,nwmwdwga,Queen Elizabeth Hospital,52.450951,-1.94074,,,
43000321803,nwmwgajt,The Learning Hub,52.450565,-1.944448,,,
43000321802,nwmwdwgp,The Learning Hub,52.450432,-1.944904,,,
43000321901,nwmwdwad,The Oleaster,52.448009,-1.938816,,,
43000321902,nwmwdwag,The Oleaster,52.447811,-1.938699,,,
43000322101,nwmapwjp,Old Church Road,52.453026,-1.954201,,,
43000322102,nwmapwjt,Old Church Road,52.453297,-1.954672,,,
43000322202,nwmapwma,Cross Farm Road,52.450542,-1.951158,,,
43000322201,nwmapwjw,Cross Farm Road,52.450649,-1.950628,,,
43000322301,nwmapwmd,Windermere House,52.448959,-1.945951,,,
43000322302,nwmwgjpj,Windermere House,52.44902,-1.946127,,,
43000322402,nwmapwmg,Hilldrop Grove,52.44878,-1.94832,,,
43000322502,nwmapwmt,Leasow Drive,52.44688,-1.945703,,,
43000322501,nwmapwmp,Leasow Drive,52.446556,-1.945086,,,
43000323102,nwmapwpa,Langford Grove,52.448051,-1.950969,,,
43000323101,nwmapwmw,Langford Grove,52.447884,-1.951779,,,
43000323201,nwmapwpd,Cadnam Close,52.447739,-1.955737,,,
43000323202,nwmapwpg,Cadnam Close,52.447586,-1.955619,,,
43000323302,nwmapwpm,Elford Road,52.447712,-1.95787,,,
43000323301,nwmapwpj,Elford Road,52.448002,-1.958502,,,
43000323402,nwmapwpw,Wheats Avenue,52.448433,-1.962386,,,
43000323401,nwmapwpt,Wheats Avenue,52.448307,-1.962651,,,
43000323502,nwmapwtd,Sedgehill Avenue,52.449512,-1.959443,,,
43000323501,nwmapwta,Sedgehill Avenue,52.44936,-1.958795,,,
43000323602,nwmapwtj,Ferncliffe Road,52.452076,-1.959602,,,
43000323701,nwmwdwap,Flats,52.451004,-1.960633,,,
43000323801,nwmwdwat,Kelfield Avenue,52.450645,-1.958927,,,
43000323902,nwmapwtp,Nately Grove,52.445358,-1.957019,,,
43000323901,nwmapwtm,Nately Grove,52.445278,-1.957004,,,
43000324001,nwmtmtgt,Metchley Court,52.452778,-1.945873,,,
43000324002,nwmtmtgw,Metchley Court,52.453182,-1.945916,,,
43000324101,nwmapwtw,Weymoor Road,52.448723,-1.96683,,,
43000324102,nwmatada,Weymoor Road,52.44912,-1.966873,,,
43000324201,nwmatadg,Swinford Road,52.446251,-1.970789,,,
43000324202,nwmatadj,Swinford Road,52.446178,-1.971098,,,
43000324401,nwmatadp,Hillcrest School,52.445526,-1.977749,,,
43000324702,nwmwdwpw,Humphrey Middlemore Drive,52.450974,-1.945286,,,
43000325001,nwmtmptg,Hillcrest School,52.444466,-1.980515,,,
43000325002,nwmtmptj,Hillcrest School,52.444466,-1.979971,,,
43000325101,nwmataga,Simmons Leasow,52.443253,-1.984753,,,
43000325102,nwmatagd,Simmons Leasow,52.443027,-1.985017,,,
43000325203,nwmatagm,Stonehouse Grove,52.441582,-1.989917,,,
43000325201,nwmatagj,Stonehouse Grove,52.442154,-1.988122,,,
43000325301,nwmatagp,Glenside,52.442066,-1.990873,,,
43000325302,nwmatagt,Glenside,52.442741,-1.991064,,,
43000325402,nwmataja,Wood Leasow,52.444027,-1.989254,,,
43000325401,nwmatagw,Wood Leasow,52.444107,-1.989593,,,
43000325501,nwmatajd,Warstone Avenue,52.445618,-1.991034,,,
43000325502,nwmatajg,Warstone Avenue,52.44577,-1.991108,,,
43000325601,nwmatajm,Tibbatts Close,52.446335,-1.994285,,,
43000325602,nwmatajp,Tibbatts Close,52.446239,-1.994594,,,
43000325702,nwmatajw,Plough Avenue,52.444206,-1.996698,,,
43000325701,nwmatajt,Plough Avenue,52.444691,-1.996831,,,
43000326102,nwmatama,Kettles Wood Drive,52.442841,-2.000053,,,
43000326103,nwmatamd,Kettles Wood Drive,52.442688,-1.99992,,,
43000326201,nwmdpjag,Gleads Croft,52.446194,-2.015222,,,
43000326202,nwmdpjaj,Gleads Croft,52.446289,-2.01503,,,
43000326302,nwmatamj,The Old Crown,52.443836,-2.012852,,,
43000326301,nwmatamg,The Old Crown,52.443604,-2.012528,,,
43000326401,nwmatamp,Lye Avenue,52.441086,-2.010056,,,
43000326402,nwmatamt,Lye Avenue,52.441277,-2.010041,,,
43000326501,nwmatamw,Woodgate Business Park,52.443417,-2.004393,,,
43000326602,nwmatapd,Woodgate Valley Country Park,52.443764,-2.006247,,,
43000326601,nwmatapa,Woodgate Valley Country Park,52.443901,-2.00838,,,
43000327101,nwmatapg,Modbury Avenue,52.438992,-1.992771,,,
43000327102,nwmatapj,Modbury Avenue,52.439926,-1.991403,,,
43000327201,nwmatapm,Pomeroy Road,52.43721,-1.994698,,,
43000327202,nwmatapt,Pomeroy Road,52.437222,-1.994507,,,
43000327301,nwmatapw,Culford Drive,52.434731,-1.997317,,,
43000327302,nwmatata,Culford Drive,52.434856,-1.99714,,,
43000327402,nwmatatd,Offmoor Road,52.433174,-2.002626,,,
43000327403,nwmatatg,Offmoor Road,52.433186,-2.002215,,,
43000327502,nwmtgpwj,Newman University,52.432968,-1.993404,,,
43000327601,nwmatatm,Monmouth Road,52.433281,-1.989477,,,
43000327602,nwmatatp,Monmouth Road,52.433186,-1.99008,,,
43000327702,nwmatawa,Brett Drive,52.433716,-1.996596,,,
43000327701,nwmatatw,Brett Drive,52.43359,-1.996684,,,
43000327801,nwmatawd,The Cock Inn,52.435825,-1.995993,,,
43000328102,nwmatawj,Bartley Woods,52.439899,-2.008202,,,
43000328101,nwmatawg,Bartley Woods,52.440025,-2.008703,,,
43000328202,nwmatawp,Carmel Grove,52.438553,-2.004524,,,
43000328201,nwmatawm,Carmel Grove,52.438831,-2.005363,,,
43000328301,nwmatawt,Bartley Brook,52.437672,-2.001185,,,
43000328302,nwmatdad,Bartley Brook,52.437706,-2.001465,,,
43000328401,nwmatdag,Bartley Green Lodge,52.434444,-2.005009,,,
43000328403,nwmatdaj,Bartley Green Lodge,52.434666,-2.005451,,,
43000328502,nwmatdap,Burrington Road,52.436115,-2.009893,,,
43000328501,nwmatdam,Burrington Road,52.43597,-2.009158,,,
43000329102,nwmatdaw,The Storrs Way,52.431007,-2.001832,,,
43000329101,nwmatdat,The Storrs Way,52.430866,-2.002097,,,
43000329202,nwmatdgd,Rothesay Croft,52.429562,-2.005832,,,
43000329201,nwmatdga,Rothesay Croft,52.430244,-2.005406,,,
43000330101,nwmatdgj,Middle Acre Road,52.442192,-1.979207,,,
43000330202,nwmatdgt,Overfield Drive,52.43961,-1.978149,,,
43000330201,nwmatdgp,Overfield Drive,52.440033,-1.978016,,,
43000330302,nwmgjtgm,Brinklow Road,52.441486,-1.974073,,,
43000330301,nwmgjtgj,Brinklow Road,52.441399,-1.974514,,,
43000330402,nwmgjtgt,Bottetourt Road,52.442249,-1.967952,,,
43000330401,nwmgjtgp,Bottetourt Road,52.442116,-1.96835,,,
43000331101,nwmatdgw,Weoley Park Road,52.438568,-1.952245,,,
43000331102,nwmatdja,Weoley Park Road,52.438488,-1.952642,,,
43000331201,nwmatdjd,Lodge Hill Cemetery,52.440063,-1.955347,,,
43000331301,nwmatdjg,Woolacombe Lodge Road,52.441807,-1.956625,,,
43000331302,nwmatdjm,Woolacombe Lodge Road,52.441338,-1.956243,,,
43000331402,nwmatdjp,Corisande Road,52.4431,-1.957227,,,
43000331502,nwmatdjt,Kemberton Road,52.443508,-1.960772,,,
43000331602,nwmatdma,Kemberton Road Middle,52.441811,-1.962863,,,
43000331601,nwmatdjw,Kemberton Road Middle,52.441952,-1.962701,,,
43000331801,nwmatdmg,Barcheston Road,52.439762,-1.967689,,,
43000331802,nwmatdmj,Barcheston Road,52.440235,-1.967439,,,
43000332003,nwmatdmt,Metchley Hall,52.449451,-1.947142,,,
43000332101,nwmgjtgw,Shenley Lane,52.438251,-1.975796,,,
43000332102,nwmgjtja,Shenley Lane,52.438126,-1.975149,,,
43000332202,nwmatdpd,Shenley Lane,52.436249,-1.976871,,,
43000332201,nwmatdpa,Shenley Lane,52.436131,-1.976871,,,
43000332402,nwmatdpj,Draycott Drive,52.430119,-1.980315,,,
43000332401,nwmatdpg,Draycott Drive,52.429993,-1.981065,,,
43000332501,nwmtwjtw,Shenley Academy,52.431484,-1.975991,,,
43000332502,nwmtwjwa,Shenley Academy,52.431061,-1.977623,,,
43000332503,nwmwjdjg,Shenley Academy,52.430981,-1.97755,,,
43000333102,nwmatdpt,Shenley Fields Centre,52.433353,-1.980446,,,
43000333101,nwmatdpm,Shenley Fields Centre,52.433559,-1.98002,,,
43000333202,nwmatdta,Senneley Mews,52.432949,-1.986109,,,
43000333201,nwmatdpw,Senneley Mews,52.432743,-1.986212,,,
43000333301,nwmatdtd,Longfield Road,52.431152,-1.982168,,,
43000333501,nwmatdtm,Homedene Road,52.427052,-1.985376,,,
43000333502,nwmatdtp,Homedene Road,52.427986,-1.986022,,,
43000333601,nwmatdtw,Bangham Pit Road,52.425884,-1.985641,,,
43000333602,nwmatdwa,Bangham Pit Road,52.426151,-1.985714,,,
43000333702,nwmatdwg,Taysfield Road,52.425129,-1.983494,,,
43000333701,nwmatdwd,Taysfield Road,52.425144,-1.982773,,,
43000333801,nwmatdwj,Bridport House,52.43047,-1.98583,,,
43000333802,nwmatdwm,Bridport House,52.430611,-1.985669,,,
43000333902,nwmatdwt,Clavedon Close,52.429192,-1.983345,,,
43000333901,nwmatdwp,Clavedon Close,52.429173,-1.983801,,,
43000334102,nwmatgag,Ley Hill Farm Road,52.422081,-1.983009,,,
43000334101,nwmatgad,Ley Hill Farm Road,52.421711,-1.982818,,,
43000334202,nwmatgaj,Rhayader Road,52.418941,-1.981908,,,
43000334301,nwmgjtjt,School Playing Fields,52.419186,-1.979923,,,
43000334401,nwmgjtjw,Vineyard Lane,52.420174,-1.976114,,,
43000334605,nwmatgam,Millennium Medical Centre,52.437935,-1.968838,,,
43000334701,nwmatgap,Somerford Road,52.437279,-1.970971,,,
43000334804,nwmatgda,Weoley Castle Library,52.438087,-1.969853,,,
43000335101,nwmatgdg,Princethorpe Road,52.437313,-1.965955,,,
43000335102,nwmatgdj,Princethorpe Road,52.437359,-1.965352,,,
43000335206,nwmatgdm,Weoley Castle Post Office,52.437271,-1.969309,,,
43000335301,nwmgjtma,Ilmington Road,52.437927,-1.973178,,,
43000335302,nwmgjtmd,Ilmington Road,52.437946,-1.972442,,,
43000335401,nwmatgdt,Bentley Grove,52.435005,-1.972091,,,
43000335402,nwmatgdw,Bentley Grove,52.43531,-1.971988,,,
43000335502,nwmtpdwp,The Weoley Castle,52.432533,-1.974387,,,
43000335501,nwmatgja,The Weoley Castle,52.432487,-1.974622,,,
43000335602,nwmatgjg,Inglemere Grove,52.431419,-1.974976,,,
43000335702,nwmgjtmj,Shenley Academy,52.429146,-1.975712,,,
43000335701,nwmgjtmg,Shenley Academy,52.429207,-1.975301,,,
43000335801,nwmatgjm,Marston Road,52.432911,-1.971489,,,
43000335802,nwmatgjp,Marston Road,52.433395,-1.970371,,,
43000336102,nwmatgjw,Quarry Road,52.434017,-1.968223,,,
43000336101,nwmatgjt,Quarry Road,52.434502,-1.967428,,,
43000336202,nwmatgmd,Ruckley Road,52.435444,-1.965089,,,
43000336201,nwmatgma,Ruckley Road,52.435703,-1.964736,,,
43000336403,nwmatgmt,Middle Park Road,52.435425,-1.959029,,,
43000336402,nwmatgmp,Middle Park Road,52.435669,-1.959161,,,
43000336501,nwmtmgag,Castlecroft,52.436512,-1.961808,,,
43000336602,nwmwjajp,Gregory Avenue,52.436909,-1.962867,,,
43000336601,nwmtwtjp,Gregory Avenue,52.436737,-1.963029,,,
43000337102,nwmatgpa,Westhill Close,52.436787,-1.949363,,,
43000337101,nwmatgmw,Westhill Close,52.436714,-1.949452,,,
43000337302,nwmtdtdj,Springdale Gardens,52.437859,-1.952216,,,
43000337402,nwmtdtdp,Lodge Hill Cemetery Entrance,52.438263,-1.95404,,,
43000338101,nwmatgpd,Weoley Hill,52.433067,-1.956016,,,
43000338102,nwmatgpg,Weoley Hill,52.43367,-1.956589,,,
43000338201,nwmatgpj,Tugford Road,52.430038,-1.958681,,,
43000338202,nwmatgpm,Tugford Road,52.43021,-1.956519,,,
43000338302,nwmatgpw,Northfield Manor School,52.429932,-1.960961,,,
43000338301,nwmatgpt,Northfield Manor School,52.429943,-1.962681,,,
43000338402,nwmatgtd,Guiting Road,52.428299,-1.966933,,,
43000338401,nwmatgta,Guiting Road,52.428001,-1.967021,,,
43000338502,nwmatgtj,Green Meadow Road,52.425213,-1.96767,,,
43000338501,nwmatgtg,Green Meadow Road,52.424641,-1.967524,,,
43000338602,nwmtjagt,Fox Hill,52.431278,-1.953929,,,
43000338601,nwmtjagp,Fox Hill,52.431324,-1.954002,,,
43000339101,nwmgjtmw,Shenley Gardens,52.425945,-1.97489,,,
43000339102,nwmgjtpa,Shenley Gardens,52.425648,-1.973655,,,
43000339202,nwmatgtp,Almond Close,52.424072,-1.971068,,,
43000339201,nwmatgtm,Almond Close,52.424271,-1.970847,,,
43000339302,nwmatgwa,Meadow Brook Road,52.422588,-1.96804,,,
43000339301,nwmatgtw,Meadow Brook Road,52.422615,-1.968496,,,
43000340101,nwmdtawg,King Edwards High School,52.449863,-1.926424,,,
43000340201,nwmatgwd,University North Gate,52.452789,-1.928892,,,
43000340202,nwmatgwg,University North Gate,52.453121,-1.930348,,,
43000340301,nwmtmtpd,Belgrave Square,52.414665,-1.45565,,,
43000340302,nwmtmtpg,Belgrave Square,52.414745,-1.455796,,,
43000341003,nwmatgwj,Highfield Road,52.4683,-1.921154,,,
43000341102,nwmatgwp,Carpenter Road,52.464828,-1.922058,,,
43000341101,nwmatgwm,Carpenter Road,52.465721,-1.922174,,,
43000341201,nwmatgwt,Chamberlain Hall,52.463329,-1.922031,,,
43000341202,nwmatjad,Chamberlain Hall,52.462845,-1.921517,,,
43000341302,nwmgjtpm,Edgbaston Old Church,52.461185,-1.916883,,,
43000341301,nwmgjtpj,Edgbaston Old Church,52.461071,-1.917737,,,
43000341401,nwmgjtpt,Priory Hospital,52.456833,-1.913757,,,
43000341402,nwmgjtpw,Priory Hospital,52.456398,-1.911756,,,
43000341502,nwmatjaj,Edencroft,52.46888,-1.913469,,,
43000341601,nwmatjam,Gilldown Place,52.465984,-1.914343,,,
43000341602,nwmatjap,Gilldown Place,52.466217,-1.914475,,,
43000341701,nwmatjat,Aston House,52.461781,-1.917986,,,
43000341702,nwmatjaw,Aston House,52.461575,-1.918369,,,
43000342101,nwmatjda,Stone Road,52.465931,-1.901993,,,
43000342102,nwmatjdg,Stone Road,52.466408,-1.901477,,,
43000342304,nwmatjga,Speedwell Road,52.462238,-1.904371,,,
43000342303,nwmatjdw,Speedwell Road,52.462479,-1.904371,,,
43000342402,nwmatjgj,Viceroy Close,52.460667,-1.905773,,,
43000342401,nwmatjgd,Viceroy Close,52.460667,-1.905964,,,
43000343101,nwmatjgm,Bellevue,52.464138,-1.89976,,,
43000343102,nwmatjgp,Bellevue,52.465218,-1.89911,,,
43000343202,nwmatjgw,Speedwell Road,52.462288,-1.901442,,,
43000343201,nwmatjgt,Speedwell Road,52.461533,-1.90187,,,
43000343301,nwmatjma,Edward Road,52.459431,-1.903553,,,
43000343302,nwmatjmd,Edward Road,52.460068,-1.903228,,,
43000344102,nwmatjmj,Sir Harrys Road,52.458591,-1.907808,,,
43000344101,nwmatjmg,Sir Harrys Road,52.458519,-1.90769,,,
43000344204,nwmatjpd,Priory Road,52.455177,-1.910478,,,
43000344201,nwmatjmw,Priory Road,52.456154,-1.91002,,,
43000344302,nwmatjpj,Pebble Mill Road,52.452293,-1.913986,,,
43000344303,nwmatjpm,Pebble Mill Road,52.453011,-1.91347,,,
43000344402,nwmatjtd,Calthorpe Court,52.458282,-1.904497,,,
43000344401,nwmatjta,Calthorpe Court,52.457203,-1.905574,,,
43000344504,nwmatjtj,Priory Road,52.454788,-1.907212,,,
43000344502,nwmatjtg,Priory Road,52.45583,-1.906916,,,
43000344602,nwmgjtwd,Midlands Arts Centre,52.454964,-1.902106,,,
43000344601,nwmgjtwa,Midlands Arts Centre,52.454704,-1.903269,,,
43000344702,nwmatjtp,South Drive,52.453079,-1.908879,,,
43000344801,nwmatjtw,Nature Centre,52.449936,-1.911519,,,
43000344802,nwmatjwa,Nature Centre,52.44981,-1.911372,,,
43000345102,nwmatjwj,Eastern Road,52.449707,-1.919068,,,
43000345101,nwmatjwg,Eastern Road,52.449654,-1.920009,,,
43000345203,nwmatmad,Edgbaston Park Road,52.447723,-1.924589,,,
43000345201,nwmatjwp,Edgbaston Park Road,52.448002,-1.924662,,,
43000346101,nwmatmaj,Bournbrook Road,52.446945,-1.928371,,,
43000346103,nwmatmap,Bournbrook Road,52.44733,-1.9274,,,
43000346203,nwmatmaw,North Road,52.4454,-1.933847,,,
43000346206,nwmatmdj,North Road,52.446091,-1.932301,,,
43000346301,nwmatmdm,Hubert Road,52.444881,-1.934863,,,
43000346801,nwmwgpwa,Grange Road,52.44717,-1.932799,,,
43000346802,nwmwgpwd,Grange Road,52.447227,-1.933771,,,
43000347102,nwmatmgp,Exeter Road,52.442272,-1.930247,,,
43000347204,nwmtmptm,Birmingham Hospice,52.439095,-1.926648,,,
43000347203,nwmatmgt,Birmingham Hospice,52.438736,-1.927237,,,
43000347301,nwmatmgw,Rookery Road,52.442413,-1.927466,,,
43000347401,nwmgjtwg,Woodside Road,52.437664,-1.925974,,,
43000347402,nwmgjtwj,Woodside Road,52.437656,-1.92618,,,
43000347501,nwmtwjmp,Elmdon Road,52.441036,-1.925894,,,
43000351102,nwmatmjd,Reservoir Road,52.44529,-1.944455,,,
43000351101,nwmatmja,Reservoir Road,52.444973,-1.943543,,,
43000351202,nwmatmjm,Lodge Hill Road,52.44051,-1.947314,,,
43000351201,nwmatmjg,Lodge Hill Road,52.440731,-1.947108,,,
43000351301,nwmatmjp,Gibbins Road,52.442348,-1.942016,,,
43000351302,nwmatmjt,Gibbins Road,52.442257,-1.94159,,,
43000351404,nwmatmpj,Chapel Lane,52.440308,-1.938782,,,
43000351501,nwmatmpt,Rebecca Drive,52.439911,-1.940666,,,
43000351502,nwmatmpw,Rebecca Drive,52.440029,-1.940695,,,
43000351603,nwmatmtg,Lodge Hill Road,52.438625,-1.9408,,,
43000351602,nwmatmtd,Lodge Hill Road,52.438725,-1.940653,,,
43000351604,nwmatmtj,Lodge Hill Road,52.438347,-1.941771,,,
43000351802,nwmwgpdg,Frederick Road,52.441784,-1.945062,,,
43000351801,nwmatmwd,Frederick Road,52.442169,-1.944503,,,
43000352003,nwmatmwg,Selly Oak,52.438751,-1.939814,,,
43000352101,nwmatmwj,College Walk,52.435951,-1.945525,,,
43000352104,nwmatmwp,College Walk,52.434879,-1.945556,,,
43000352202,nwmatpad,Witherford Way,52.431763,-1.949016,,,
43000352203,nwmatpag,Witherford Way,52.431545,-1.94881,,,
43000352303,nwmatpap,Bournville Lane,52.42849,-1.951873,,,
43000352302,nwmatpam,Bournville Lane,52.429813,-1.951092,,,
43000353102,nwmatpaw,Griffins Brook Lane,52.42627,-1.954213,,,
43000353103,nwmatpda,Griffins Brook Lane,52.426872,-1.95408,,,
43000353203,nwmatpdm,Hole Lane,52.42371,-1.957245,,,
43000353202,nwmatpdj,Hole Lane,52.423717,-1.957892,,,
43000353304,nwmatpgd,Whitehill Lane,52.421661,-1.961306,,,
43000353301,nwmatpdt,Whitehill Lane,52.421734,-1.96057,,,
43000354101,nwmatpgj,Nigel Avenue,52.420559,-1.9681,,,
43000354102,nwmatpgm,Nigel Avenue,52.421097,-1.968291,,,
43000354201,nwmatpgp,Saxon Wood Close,52.418049,-1.969969,,,
43000354301,nwmatpgt,St Laurence Road,52.419441,-1.965013,,,
43000354302,nwmatpgw,St Laurence Road,52.419308,-1.964587,,,
43000354404,nwmatpjm,Northfield Shopping,52.417053,-1.96872,,,
43000354402,nwmatpjd,Northfield Shopping,52.417,-1.968837,,,
43000354502,nwmatpjt,Telephone Exchange,52.414516,-1.967016,,,
43000354501,nwmatpjp,Telephone Exchange,52.414688,-1.967472,,,
43000354608,nwmatpmp,Bell Lane,52.41679,-1.969499,,,
43000354603,nwmatpmd,Bell Lane,52.415966,-1.970206,,,
43000354602,nwmatpma,Bell Lane,52.415901,-1.970279,,,
43000354605,nwmatpmj,Bell Lane,52.416039,-1.970338,,,
43000354604,nwmatpmg,Bell Lane,52.416039,-1.970147,,,
43000354701,nwmatpmw,Lockwood Road,52.414734,-1.971397,,,
43000354703,nwmatptd,Lockwood Road,52.413773,-1.972133,,,
43000354704,nwmatptg,Lockwood Road,52.413845,-1.972089,,,
43000354702,nwmatpta,Lockwood Road,52.414642,-1.971485,,,
43000354802,nwmatptp,Northfield Leisure Centre,52.412926,-1.972765,,,
43000354808,nwmatpwg,Northfield Leisure Centre,52.410732,-1.973222,,,
43000354806,nwmatpwa,Northfield Leisure Centre,52.41201,-1.972795,,,
43000354801,nwmatptm,Northfield Leisure Centre,52.413044,-1.972692,,,
43000354901,nwmatpwj,St Heliers Road,52.411724,-1.976162,,,
43000355102,nwmatpwp,Inverness Road,52.411015,-1.980896,,,
43000355101,nwmatpwm,Inverness Road,52.411156,-1.979161,,,
43000355202,nwmatpwt,Bidford Road,52.411156,-1.983954,,,
43000355203,nwmatwad,Bidford Road,52.411293,-1.984189,,,
43000355302,nwmatwaj,Cheverton Road,52.413738,-1.984629,,,
43000355301,nwmatwag,Cheverton Road,52.413242,-1.984938,,,
43000355402,nwmatwap,Barnsdale Crescent,52.415813,-1.984629,,,
43000355401,nwmatwam,Barnsdale Crescent,52.415016,-1.984702,,,
43000355501,nwmatwaw,Basil Road,52.415714,-1.986555,,,
43000355502,nwmatwda,Basil Road,52.415337,-1.986893,,,
43000355601,nwmgjtwm,Lockwood Road,52.415237,-1.978836,,,
43000355602,nwmgjtwp,Lockwood Road,52.414085,-1.976984,,,
43000355702,nwmgjwad,Colworth Road,52.416622,-1.980512,,,
43000355701,nwmgjtwt,Colworth Road,52.416622,-1.980379,,,
43000355901,nwmatwdg,Hoggs Lane,52.410778,-1.982734,,,
43000356002,nwmdpjaw,Stepwood Croft,52.415203,-1.947888,,,
43000356001,nwmdpjat,Stepwood Croft,52.415272,-1.947902,,,
43000356102,nwmatwdm,Beech House,52.413391,-1.964444,,,
43000356101,nwmatwdj,Beech House,52.413509,-1.964223,,,
43000356202,nwmatwdt,Innage Road,52.41383,-1.960298,,,
43000356201,nwmatwdp,Innage Road,52.413345,-1.961577,,,
43000356301,nwmatwdw,Overbury Road,52.414631,-1.957121,,,
43000356302,nwmatwga,Overbury Road,52.414799,-1.956489,,,
43000356401,nwmatwgd,Lindsey Avenue,52.415089,-1.952872,,,
43000356402,nwmatwgj,Lindsey Avenue,52.414989,-1.952549,,,
43000356501,nwmatwgm,Middleton Hall Road,52.41515,-1.949667,,,
43000356502,nwmatwgp,Middleton Hall Road,52.415165,-1.950078,,,
43000356603,nwmtwtwj,Somerdale Road,52.41782,-1.949399,,,
43000356602,nwmatwgw,Somerdale Road,52.41782,-1.949208,,,
43000356601,nwmatwgt,Somerdale Road,52.417244,-1.949282,,,
43000356701,nwmatwja,Heath Road,52.419231,-1.949853,,,
43000356702,nwmatwjd,Heath Road,52.419888,-1.9505,,,
43000356801,nwmatwjg,Woodlands Park Road,52.421539,-1.950998,,,
43000356802,nwmatwjm,Woodlands Park Road,52.421425,-1.951072,,,
43000356901,nwmatwjp,Hole Lane,52.419853,-1.955426,,,
43000356902,nwmatwjt,Hole Lane,52.419888,-1.954984,,,
43000357102,nwmgjwaj,Mulberry Road,52.422134,-1.950762,,,
43000357101,nwmgjwag,Mulberry Road,52.42234,-1.950879,,,
43000357202,nwmgjwam,Cob Lane,52.424599,-1.949745,,,
43000357302,nwmgjwat,Old Barn Road,52.42543,-1.947288,,,
43000357301,nwmgjwap,Old Barn Road,52.425209,-1.947626,,,
43000357401,nwmgjwaw,Griffins Brook Lane,52.426491,-1.944728,,,
43000357402,nwmgjwda,Griffins Brook Lane,52.426796,-1.944301,,,
43000357502,nwmgjwdj,Cadbury School,52.428371,-1.944431,,,
43000357501,nwmgjwdg,Cadbury School,52.428165,-1.944829,,,
43000357602,nwmgjwdp,Saint Georges Court,52.429195,-1.940842,,,
43000357601,nwmgjwdm,Saint Georges Court,52.429356,-1.940297,,,
43000358101,nwmatwjw,Raddlebarn Road,52.435982,-1.939612,,,
43000358102,nwmatwma,Raddlebarn Road,52.437195,-1.939846,,,
43000358201,nwmatwmd,Acacia Road,52.433418,-1.938954,,,
43000358202,nwmatwmg,Acacia Road,52.433601,-1.938953,,,
43000358304,nwmatwmp,Woodbrooke Road,52.430569,-1.936648,,,
43000358303,nwmatwmj,Woodbrooke Road,52.429722,-1.936046,,,
43000358403,nwmtdtjg,Bournville Lane,52.426712,-1.935433,,,
43000358401,nwmatwmt,Bournville Lane,52.42585,-1.934728,,,
43000358502,nwmgjwdw,Cadburys,52.42725,-1.930256,,,
43000358501,nwmgjwdt,Cadburys,52.427067,-1.930432,,,
43000358601,nwmatwmw,Mary Vale Road,52.424644,-1.934142,,,
43000358602,nwmatwpa,Mary Vale Road,52.423969,-1.93354,,,
43000358702,nwmatwpd,Franklin Road,52.420372,-1.932545,,,
43000358902,nwmdpjdw,Hestia Drive,52.435432,-1.934538,,,
43000358901,nwmdpjdt,Hestia Drive,52.436016,-1.934993,,,
43000359102,nwmatwpj,Hawthorne Road,52.416756,-1.945225,,,
43000359101,nwmatwpg,Hawthorne Road,52.416729,-1.944769,,,
43000359201,nwmatwpm,Kings Norton School,52.416817,-1.941446,,,
43000359202,nwmatwpt,Kings Norton School,52.416763,-1.94249,,,
43000359302,nwmatwta,Selly Oak Road,52.416744,-1.939138,,,
43000359301,nwmatwpw,Selly Oak Road,52.416759,-1.93777,,,
43000359401,nwmatwtd,Station Road,52.417004,-1.935079,,,
43000359402,nwmatwtg,Station Road,52.41703,-1.9363,,,
43000359501,nwmdpjga,Longfellow Road,52.415363,-1.944094,,,
43000359502,nwmdpjgd,Longfellow Road,52.415234,-1.943154,,,
43000360102,nwmatwtm,Tudbury Road,52.413685,-1.988481,,,
43000360101,nwmatwtj,Tudbury Road,52.414474,-1.98779,,,
43000360201,nwmatwtp,Dimsdale Road,52.412579,-1.99004,,,
43000360301,nwmatwtw,Masonleys Road,52.410809,-1.990966,,,
43000360401,nwmawada,Fitzroy Road,52.409935,-1.993407,,,
43000360501,nwmawadg,Borrowdale Grove,52.411983,-1.995347,,,
43000360602,nwmawadj,Norrington Grove,52.409584,-1.995626,,,
43000360702,nwmawadp,Guardian Court,52.409801,-1.991437,,,
43000360701,nwmawadm,Guardian Court,52.410305,-1.989967,,,
43000360801,nwmawadt,Supermarket,52.396774,-2.006399,,,
43000360901,nwmwdwpj,Lower Beeches Road,52.407722,-1.995171,,,
43000361101,nwmawaga,The Beeches,52.408813,-1.996082,,,
43000361102,nwmawagd,The Beeches,52.40873,-1.995509,,,
43000361202,nwmawagm,Elan Road,52.40596,-1.995612,,,
43000361201,nwmawagj,Elan Road,52.405827,-1.996097,,,
43000361302,nwmawagt,Manor Park Grove,52.404892,-1.998331,,,
43000361301,nwmawagp,Manor Park Grove,52.404633,-1.998904,,,
43000361401,nwmawagw,Raven Hays Road,52.404289,-2.000404,,,
43000361402,nwmawaja,Raven Hays Road,52.404228,-2.000389,,,
43000361501,nwmawajg,Frogmill Road,52.402382,-2.00493,,,
43000361601,nwmawajp,Ormond Road,52.401817,-2.010795,,,
43000361602,nwmawajt,Ormond Road,52.401943,-2.010648,,,
43000361701,nwmwapap,Balaams Wood Drive,52.402382,-2.00227,,,
43000361801,nwmwapat,Larch Drive,52.401726,-1.996082,,,
43000361802,nwmwjdpg,Larch Drive,52.4016,-1.995377,,,
43000361901,nwmwapaw,Sovereign Heights,52.404858,-1.995759,,,
43000362102,nwmawama,Quarry Lane,52.410004,-1.973958,,,
43000362201,nwmawamd,South Road,52.407146,-1.976811,,,
43000362203,nwmawamj,South Road,52.408161,-1.975414,,,
43000362302,nwmawamt,Hawkesley Mill Lane,52.404907,-1.978723,,,
43000362304,nwmawapa,Hawkesley Mill Lane,52.405701,-1.978311,,,
43000362402,nwmawapd,Quarry Lane,52.407864,-1.968932,,,
43000362502,nwmawapj,Quarry Lane,52.409599,-1.96652,,,
43000362501,nwmawapg,Quarry Lane,52.40942,-1.966623,,,
43000362602,nwmawapt,Church Hill,52.410442,-1.964961,,,
43000362601,nwmawapm,Church Hill,52.410622,-1.964637,,,
43000362702,nwmawata,Woodland Road,52.409203,-1.963594,,,
43000362701,nwmawapw,Woodland Road,52.409588,-1.963785,,,
43000362801,nwmdpjgj,Middlemore Road,52.409729,-1.95495,,,
43000362802,nwmdpjgm,Middlemore Road,52.409828,-1.954965,,,
43000362901,nwmawatd,Northfield Station Car Park,52.407837,-1.967021,,,
43000363001,nwmwapgp,Pepper Wood Drive,52.402985,-1.992819,,,
43000363101,nwmawatg,Mavis Road,52.403255,-1.98034,,,
43000363203,nwmawatw,Tessall Lane,52.400955,-1.982796,,,
43000363204,nwmawawa,Tessall Lane,52.402103,-1.98206,,,
43000363301,nwmawawd,Hanging Lane,52.407768,-1.98372,,,
43000363302,nwmawawg,Hanging Lane,52.407589,-1.983764,,,
43000363402,nwmwatda,Norman Road,52.410782,-1.961197,,,
43000363401,nwmwataw,Norman Road,52.410946,-1.961182,,,
43000364101,nwmawawj,Farren Road,52.400074,-1.984222,,,
43000364304,nwmawdaj,Longbridge Technology Park,52.398087,-1.985809,,,
43000364302,nwmawdad,Longbridge Technology Park,52.397545,-1.986927,,,
43000364401,nwmawdap,Lydiate Avenue,52.401909,-1.990174,,,
43000365002,nwmawdga,Parsonage Drive,52.382442,-1.989531,,,
43000365003,nwmtgdmt,Parsonage Drive,52.382561,-1.989222,,,
43000365001,nwmawdaw,Parsonage Drive,52.382183,-1.990089,,,
43000365106,nwmawdgw,Longbridge Island,52.394283,-1.990131,,,
43000365105,nwmawdgt,Longbridge Island,52.394722,-1.990219,,,
43000365202,nwmawdjg,Tinmeadow Crescent,52.391117,-1.993672,,,
43000365201,nwmawdjd,Tinmeadow Crescent,52.391441,-1.993731,,,
43000365302,nwmawdjp,Low Hill Lane,52.389671,-1.995715,,,
43000365301,nwmawdjm,Low Hill Lane,52.389797,-1.996141,,,
43000365402,nwmawdjw,Edgewood Road,52.387737,-1.99861,,,
43000365401,nwmawdjt,Edgewood Road,52.388279,-1.99836,,,
43000365502,nwmawdmd,Leach Green Lane,52.384647,-2.001783,,,
43000365501,nwmawdma,Leach Green Lane,52.385708,-2.001548,,,
43000365602,nwmtpawj,Hare & Hounds,52.384052,-2.002297,,,
43000365601,nwmtpawg,Hare & Hounds,52.384224,-2.002606,,,
43000366102,nwmtpawp,Meadvale Road,52.386684,-2.004972,,,
43000366101,nwmtpawm,Meadvale Road,52.386768,-2.005192,,,
43000366302,nwmawdpj,Shepley Road,52.391586,-2.003444,,,
43000366301,nwmawdpg,Shepley Road,52.391945,-2.003679,,,
43000366802,nwmwgdma,Cliff Rock Road,52.391674,-2.009484,,,
43000366801,nwmwgdjw,Cliff Rock Road,52.391747,-2.009337,,,
43000367001,nwmawdpm,Kendal Rise Road,52.391937,-2.008852,,,
43000367103,nwmawdtd,Longbridge Island,52.395164,-1.990718,,,
43000367102,nwmawdta,Longbridge Island,52.395351,-1.990351,,,
43000367201,nwmawdtj,Ryde Park Road,52.395775,-1.996846,,,
43000367203,nwmawdtp,Ryde Park Road,52.395912,-1.995259,,,
43000367303,nwmawdwg,Cliff Rock Road,52.395802,-1.999521,,,
43000367302,nwmawdwd,Cliff Rock Road,52.396053,-1.999933,,,
43000367403,nwmawdwt,Colmers Farm School,52.396008,-2.002357,,,
43000367502,nwmawgaj,Ashill Road,52.395535,-2.005473,,,
43000367503,nwmawgam,Ashill Road,52.395893,-2.004165,,,
43000367601,nwmawgap,Leach Green Lane,52.395794,-2.01238,,,
43000367602,nwmawgat,Leach Green Lane,52.395569,-2.011601,,,
43000367701,nwmgjwga,Chadwick Avenue,52.389088,-2.007411,,,
43000367801,nwmdpjgp,Leach Heath Lane,52.393185,-2.012173,,,
43000367802,nwmdpjgt,Leach Heath Lane,52.393177,-2.012026,,,
43000367901,nwmawgaw,Ormscliffe Road,52.390022,-2.002239,,,
43000367902,nwmawgda,Ormscliffe Road,52.389915,-2.001813,,,
43000368701,nwmawgmg,Newman Way,52.386929,-2.010467,,,
43000368702,nwmawgmj,Newman Way,52.386955,-2.010496,,,
43000368801,nwmawgmp,Irwin Avenue,52.392235,-1.996744,,,
43000368802,nwmawgmt,Irwin Avenue,52.392223,-1.996949,,,
43000368901,nwmawgmw,Josiah Road,52.40456,-1.987954,,,
43000368902,nwmawgpa,Josiah Road,52.404396,-1.988057,,,
43000369001,nwmwatam,Ridgewater Close,52.389923,-2.008631,,,
43000370005,nwmawgpm,Breedon Cross,52.422226,-1.920426,,,
43000370004,nwmawgpj,Breedon Cross,52.422108,-1.92072,,,
43000371103,nwmawgta,Upland Road,52.447041,-1.913761,,,
43000371101,nwmawgpt,Upland Road,52.447708,-1.913436,,,
43000371201,nwmawgtg,First Avenue,52.444866,-1.914942,,,
43000371202,nwmawgtj,First Avenue,52.445488,-1.914588,,,
43000371301,nwmawgtm,Kensington Road,52.442448,-1.91527,,,
43000371302,nwmawgtp,Kensington Road,52.442242,-1.915477,,,
43000372102,nwmawgwd,Kitchener Road,52.439781,-1.915628,,,
43000372104,nwmawgwj,Kitchener Road,52.440033,-1.91576,,,
43000372201,nwmgjwgd,Park Corner,52.436234,-1.92349,,,
43000372202,nwmgjwgj,Park Corner,52.436783,-1.924136,,,
43000372302,nwmgjwgp,Darris Road,52.435036,-1.921624,,,
43000372301,nwmgjwgm,Darris Road,52.43475,-1.920904,,,
43000372403,nwmawgwp,Dogpool Lane,52.436554,-1.917385,,,
43000372402,nwmawgwm,Dogpool Lane,52.435978,-1.917459,,,
43000372502,nwmgjwgw,Fashoda Road,52.436909,-1.914016,,,
43000372501,nwmgjwgt,Fashoda Road,52.437145,-1.913471,,,
43000372602,nwmawjam,Warwards Lane,52.433048,-1.919053,,,
43000372601,nwmawjaj,Warwards Lane,52.432491,-1.919069,,,
43000373101,nwmgjwja,Railway Bridge,52.427731,-1.927505,,,
43000373201,nwmgjwjd,Lea House Road,52.428619,-1.924062,,,
43000373305,nwmawjat,Umberslade Road,52.429878,-1.921192,,,
43000373401,nwmgjwjg,Ripple Road,52.431431,-1.917688,,,
43000373402,nwmgjwjm,Ripple Road,52.431519,-1.918688,,,
43000373501,nwmawjaw,Hazelwell Street,52.428204,-1.922195,,,
43000373604,nwmawjdw,Elm Tree Road,52.424412,-1.92179,,,
43000373601,nwmawjdm,Elm Tree Road,52.425003,-1.921744,,,
43000373702,nwmawjgd,Fordhouse Lane,52.422443,-1.921146,,,
43000373701,nwmawjga,Fordhouse Lane,52.422161,-1.921337,,,
43000374102,nwmawjgp,The Worthings,52.424145,-1.915525,,,
43000374101,nwmawjgm,The Worthings,52.42395,-1.916143,,,
43000374201,nwmawjgt,Barn Close,52.424397,-1.91351,,,
43000374202,nwmawjgw,Barn Close,52.424629,-1.912936,,,
43000374402,nwmawjmj,Birkdale Road,52.43325,-1.925819,,,
43000374401,nwmawjmg,Birkdale Road,52.433456,-1.925819,,,
43000374501,nwmdpjmd,Selly Oak Hospital,52.436249,-1.930668,,,
43000375102,nwmgjwjt,Lyndworth Road,52.430752,-1.913601,,,
43000375101,nwmgjwjp,Lyndworth Road,52.430771,-1.913116,,,
43000375202,nwmgjwjw,Cartland Road,52.430351,-1.908851,,,
43000376102,nwmgjwmd,Ashbrook Road,52.437458,-1.911043,,,
43000376101,nwmgjwma,Ashbrook Road,52.43742,-1.91019,,,
43000376202,nwmgjwmj,Brent Road,52.433372,-1.906918,,,
43000376201,nwmgjwmg,Brent Road,52.432976,-1.907302,,,
43000376301,nwmgjwmp,Shutlock Lane,52.436283,-1.905015,,,
43000376302,nwmgjwmt,Shutlock Lane,52.436119,-1.904088,,,
43000376801,nwmawjmp,Beaumont Road,52.424728,-1.928701,,,
43000376802,nwmawjmt,Beaumont Road,52.424629,-1.928921,,,
43000376902,nwmawjpa,Ashmore Road,52.420918,-1.930927,,,
43000376901,nwmawjmw,Ashmore Road,52.420856,-1.930736,,,
43000377101,nwmawjpd,Breedon Cross Bridge,52.419178,-1.922754,,,
43000377102,nwmawjpg,Breedon Cross Bridge,52.419567,-1.922533,,,
43000377204,nwmawjpw,Breedon Road,52.418289,-1.924844,,,
43000377202,nwmawjpm,Breedon Road,52.417995,-1.925138,,,
43000377301,nwmawjta,Midland Road,52.416817,-1.927096,,,
43000377302,nwmawjtd,Midland Road,52.417068,-1.926948,,,
43000377402,nwmawjtj,Rowheath Road,52.416702,-1.930772,,,
43000377401,nwmawjtg,Rowheath Road,52.416496,-1.930713,,,
43000377404,nwmawjtp,Rowheath Road,52.416504,-1.930478,,,
43000377403,nwmawjtm,Rowheath Road,52.416721,-1.930536,,,
43000377502,nwmawjwa,Cotteridge Island,52.415794,-1.930847,,,
43000377503,nwmawjwd,Cotteridge Island,52.415607,-1.9307,,,
43000377902,nwmdpjpa,Lindsworth Approach,52.410954,-1.911316,,,
43000377901,nwmdpjmw,Lindsworth Approach,52.410999,-1.911537,,,
43000380002,nwmwgjpg,Elderfield Road,52.411743,-1.920033,,,
43000380001,nwmwgjpd,Elderfield Road,52.411751,-1.920474,,,
43000380102,nwmawmaj,Station Road,52.41275,-1.934453,,,
43000380101,nwmawmag,Station Road,52.41275,-1.933997,,,
43000380201,nwmawmam,Kings Norton Park,52.411194,-1.934661,,,
43000380301,nwmawmap,Meadow Hill Road,52.40955,-1.937971,,,
43000380302,nwmawmat,Meadow Hill Road,52.409344,-1.938501,,,
43000380402,nwmawmda,Nortune Close,52.408817,-1.944205,,,
43000380401,nwmawmaw,Nortune Close,52.408936,-1.943808,,,
43000380502,nwmawmdj,St Thomas Aquinas School,52.408863,-1.947616,,,
43000380501,nwmawmdg,St Thomas Aquinas School,52.408718,-1.94816,,,
43000380601,nwmawmdm,Westcroft Grove,52.41016,-1.948584,,,
43000381102,nwmawmdp,Popes Lane,52.408974,-1.95032,,,
43000381202,nwmawmdw,Oddingley Road,52.406364,-1.952072,,,
43000381201,nwmawmdt,Oddingley Road,52.405998,-1.952808,,,
43000381301,nwmawmga,Seven Acres Road,52.404938,-1.956513,,,
43000381302,nwmawmgd,Seven Acres Road,52.405056,-1.955645,,,
43000381401,nwmawmgj,Station Road,52.407936,-1.963787,,,
43000381502,nwmawmgp,Abbeydale Road,52.406605,-1.963582,,,
43000382101,nwmawmjm,Club View,52.408459,-1.946425,,,
43000382102,nwmawmjp,Club View,52.408108,-1.94619,,,
43000382202,nwmawmjw,Chip Close,52.405663,-1.944488,,,
43000382201,nwmawmjt,Chip Close,52.40593,-1.944723,,,
43000382302,nwmawmpd,Dormie Close,52.404236,-1.948532,,,
43000382301,nwmawmpa,Dormie Close,52.404343,-1.948635,,,
43000382401,nwmawmpg,Brassie Close,52.401817,-1.948138,,,
43000382402,nwmawmpj,Brassie Close,52.401646,-1.947712,,,
43000382502,nwmawmpt,Nesfield Close,52.400242,-1.950006,,,
43000382501,nwmawmpm,Nesfield Close,52.400089,-1.950286,,,
43000383001,nwmgjwmw,Clee Road,52.397533,-1.965235,,,
43000383002,nwmgjwpa,Clee Road,52.397919,-1.965631,,,
43000383101,nwmgjwpd,West Heath Island,52.396454,-1.962311,,,
43000383102,nwmgjwpg,West Heath Island,52.396626,-1.962678,,,
43000383202,nwmawmta,West Heath Hospital,52.399239,-1.952976,,,
43000383201,nwmawmpw,West Heath Hospital,52.399464,-1.952638,,,
43000383302,nwmawmtg,Sir Hiltons Road,52.396111,-1.956389,,,
43000383301,nwmawmtd,Sir Hiltons Road,52.39584,-1.956124,,,
43000383403,nwmawmtj,Redhill Road,52.397999,-1.957577,,,
43000383702,nwmawmwd,Dormy Drive,52.394836,-1.96459,,,
43000383701,nwmawmwa,Dormy Drive,52.394054,-1.965957,,,
43000383802,nwmgjwpm,Flats,52.398586,-1.966277,,,
43000383801,nwmgjwpj,Flats,52.398792,-1.966189,,,
43000383901,nwmgjwpt,Edgehill Road,52.40004,-1.96247,,,
43000383902,nwmgjwpw,Edgehill Road,52.399887,-1.963087,,,
43000384001,nwmwdjwa,Fairfax Road,52.398605,-1.967571,,,
43000384002,nwmwdjwd,Fairfax Road,52.398567,-1.967821,,,
43000384101,nwmawmwg,Longbridge Lane,52.393112,-1.968265,,,
43000384102,nwmawmwj,Longbridge Lane,52.392975,-1.968295,,,
43000384202,nwmawmwp,Kingswood Walk,52.391106,-1.972366,,,
43000384201,nwmawmwm,Kingswood Walk,52.391369,-1.972072,,,
43000384301,nwmawmwt,Edenhurst Road,52.388493,-1.977393,,,
43000384302,nwmawpad,Edenhurst Road,52.38879,-1.976731,,,
43000384502,nwmwgpda,Burnside Way,52.394775,-1.976111,,,
43000385101,nwmawpam,Moorpark Road,52.402927,-1.967186,,,
43000385102,nwmawpap,Moorpark Road,52.403053,-1.967303,,,
43000385203,nwmwgmjd,Clunbury Road,52.399998,-1.97023,,,
43000385202,nwmawpaw,Clunbury Road,52.399395,-1.970789,,,
43000385201,nwmawpat,Clunbury Road,52.399845,-1.970186,,,
43000385301,nwmawpda,Turves Green Boys' School,52.397354,-1.972421,,,
43000385302,nwmawpdg,Turves Green Boys' School,52.397537,-1.972421,,,
43000385402,nwmawpdm,Culmington Road,52.395134,-1.974215,,,
43000385401,nwmawpdj,Culmington Road,52.394939,-1.974612,,,
43000385501,nwmawpdp,Parkdale Drive,52.394012,-1.970042,,,
43000385502,nwmawpdt,Parkdale Drive,52.393929,-1.970219,,,
43000385701,nwmawpgj,Coleys Lane,52.406147,-1.967081,,,
43000385702,nwmawpgm,Coleys Lane,52.405346,-1.969624,,,
43000386002,nwmwgjgw,Devon Way,52.39653,-1.983605,,,
43000386001,nwmwgjgt,Devon Way,52.396774,-1.983708,,,
43000386101,nwmawpgp,Grayswood Road,52.392899,-1.97595,,,
43000386102,nwmawpgt,Grayswood Road,52.392277,-1.976583,,,
43000386201,nwmawpgw,Thurlestone Road,52.390652,-1.97773,,,
43000386202,nwmgwdgp,Thurlestone Road,52.390163,-1.977789,,,
43000386401,nwmawpjd,Ilsham Grove,52.390289,-1.981433,,,
43000386502,nwmgmajg,Lannacombe Road,52.390812,-1.983152,,,
43000390402,nwmawpma,Rednal Island,52.381329,-1.999667,,,
43000390401,nwmawpjw,Rednal Island,52.381535,-1.999946,,,
43000390502,nwmawpmg,Chestnut Drive,52.381653,-1.993556,,,
43000390501,nwmawpmd,Chestnut Drive,52.381508,-1.993585,,,
43000391301,nwmawpmw,Deelands Road,52.397068,-2.019787,,,
43000391302,nwmawpta,Deelands Road,52.397545,-2.020067,,,
43000391401,nwmawptd,Rubery Lane South,52.398956,-2.020714,,,
43000391402,nwmawptg,Rubery Lane South,52.399548,-2.021067,,,
43000391502,nwmtpdaj,Leasowe Road,52.398228,-2.023212,,,
43000391501,nwmtpdag,Leasowe Road,52.398399,-2.023198,,,
43000391602,nwmtpdap,Cleves Road,52.396942,-2.029428,,,
43000391601,nwmtpdam,Cleves Road,52.396473,-2.030222,,,
43000391802,nwmtpdaw,Gunner Lane,52.39357,-2.029588,,,
43000391801,nwmtpdat,Gunner Lane,52.392635,-2.030586,,,
43000391901,nwmtpdga,Waseley Hills School,52.391079,-2.030364,,,
43000391902,nwmtpdgd,Waseley Hills School,52.391125,-2.030085,,,
43000392002,nwmtpdgm,Birch Road,52.390747,-2.026352,,,
43000392001,nwmtpdgj,Birch Road,52.391331,-2.025001,,,
43000392101,nwmawptm,Holly Hill Shopping Centre,52.402401,-2.016792,,,
43000392201,nwmawptw,Old Stone Close,52.401752,-2.021848,,,
43000392202,nwmawpwa,Old Stone Close,52.401562,-2.02051,,,
43000392302,nwmawpwg,Lismore Close,52.402893,-2.025905,,,
43000392301,nwmawpwd,Lismore Close,52.402927,-2.025699,,,
43000392401,nwmawpwj,Ormond Road,52.403889,-2.027964,,,
43000392402,nwmawpwm,Ormond Road,52.403961,-2.028067,,,
43000392501,nwmawpwp,Gannow Manor Crescent,52.403187,-2.029418,,,
43000392502,nwmawpwt,Gannow Manor Crescent,52.403305,-2.029345,,,
43000392603,nwmawtaj,Crompton Road,52.402344,-2.03074,,,
43000392601,nwmawtad,Crompton Road,52.402458,-2.030755,,,
43000392702,nwmawtap,Reaside Junior School,52.400581,-2.023611,,,
43000392701,nwmawtam,Reaside Junior School,52.400753,-2.024302,,,
43000393102,nwmawtaw,Frogmill Road,52.403084,-2.004886,,,
43000393101,nwmawtat,Frogmill Road,52.403069,-2.005518,,,
43000393201,nwmawtda,Cotswold Close,52.404018,-2.008517,,,
43000393202,nwmawtdg,Cotswold Close,52.403973,-2.007856,,,
43000393302,nwmawtdm,Ringwood Drive,52.404377,-2.01181,,,
43000393301,nwmawtdj,Ringwood Drive,52.404236,-2.01131,,,
43000393402,nwmawtdt,Egghill Lane,52.409145,-1.999992,,,
43000393401,nwmawtdp,Egghill Lane,52.408947,-2.000433,,,
43000393502,nwmawtga,Wareham Road,52.409172,-2.004858,,,
43000393501,nwmawtdw,Wareham Road,52.408955,-2.003844,,,
43000393601,nwmawtgd,Titania Close,52.408524,-2.007916,,,
43000393602,nwmawtgj,Titania Close,52.408882,-2.007431,,,
43000393701,nwmawtgm,Brightstone Road,52.407047,-2.010355,,,
43000393702,nwmawtgp,Brightstone Road,52.406364,-2.011472,,,
43000393801,nwmawtgt,Holly Hill Road,52.404461,-2.014103,,,
43000393802,nwmawtgw,Holly Hill Road,52.404396,-2.014779,,,
43000395101,nwmawtja,Harlech Close,52.428822,-2.009788,,,
43000395102,nwmawtjd,Harlech Close,52.428905,-2.00945,,,
43000395201,nwmgmadg,Ravenhayes Lane,52.429901,-2.013009,,,
43000395202,nwmgmadj,Ravenhayes Lane,52.429073,-2.014686,,,
43000395302,nwmtwpjm,Windsor Close,52.404972,-2.014838,,,
43000395301,nwmtwpjg,Windsor Close,52.405052,-2.014956,,,
43000400101,nwmawtjm,Camp Lane,52.413361,-1.9311,,,
43000400202,nwmawtjw,Melchett Road,52.412228,-1.930632,,,
43000400201,nwmawtjt,Melchett Road,52.412144,-1.930558,,,
43000400203,nwmawtjp,Melchett Road,52.412243,-1.93022,,,
43000400302,nwmawtmd,The Green,52.408405,-1.927977,,,
43000400301,nwmawtma,The Green,52.408772,-1.927844,,,
43000400305,nwmawtmp,The Green,52.407684,-1.92764,,,
43000400401,nwmawtmt,Shortlands Close,52.407837,-1.926125,,,
43000400402,nwmawtmw,Shortlands Close,52.408016,-1.924464,,,
43000400604,nwmgmadt,Bordesley Green East,52.477219,-1.815661,,,
43000400603,nwmgmadp,Bordesley Green East,52.477379,-1.815645,,,
43000400704,nwmgmaga,Coventry Road,52.462852,-1.835237,,,
43000401002,nwmawtpd,Primrose Park Road,52.401295,-1.935175,,,
43000401101,nwmawtpg,Stone Close,52.404476,-1.931319,,,
43000401102,nwmawtpj,Stone Close,52.40498,-1.930775,,,
43000401202,nwmawtpt,Granshaw Close,52.402832,-1.933776,,,
43000401201,nwmawtpm,Granshaw Close,52.402573,-1.934468,,,
43000401401,nwmawtwd,Lanchester Road,52.403927,-1.928337,,,
43000401402,nwmawtwg,Lanchester Road,52.4039,-1.928469,,,
43000401501,nwmawtwj,Cadbury College,52.401978,-1.928722,,,
43000401502,nwmtdpdw,Cadbury College,52.402077,-1.928663,,,
43000401702,nwmwdjda,Old Oak Road,52.40514,-1.928232,,,
43000401701,nwmwdjaw,Old Oak Road,52.405113,-1.928085,,,
43000402002,nwmawtwm,Aldi,52.399868,-1.937176,,,
43000402102,nwmawtwt,Driftwood Close,52.394135,-1.944267,,,
43000402101,nwmawtwp,Driftwood Close,52.394207,-1.943929,,,
43000402201,nwmdadad,Bridges Walk,52.393631,-1.940065,,,
43000402202,nwmdadag,Bridges Walk,52.393425,-1.940594,,,
43000402303,nwmdadap,Burford Park Road,52.398548,-1.940896,,,
43000402301,nwmdadaj,Burford Park Road,52.398846,-1.939837,,,
43000402402,nwmtwpjp,Medway Grove,52.397125,-1.937091,,,
43000402501,nwmdadga,Ridgemount Drive,52.397064,-1.941427,,,
43000402702,nwmgmagt,Mill Lane,52.491592,-2.007903,,,
43000402703,nwmwgjtm,Mill Lane,52.49152,-2.00805,,,
43000402901,nwmwgmdm,Station Road,52.492096,-2.007049,,,
43000403102,nwmdadgj,Green Acres Road,52.397606,-1.946643,,,
43000403101,nwmdadgd,Green Acres Road,52.397644,-1.945203,,,
43000403202,nwmdadgt,Glendene Crescent,52.396053,-1.951142,,,
43000403203,nwmdadgw,Glendene Crescent,52.395687,-1.951319,,,
43000403303,nwmtdpga,Redhill Road,52.394455,-1.952966,,,
43000404102,nwmdadjg,Longdales Road,52.391403,-1.942757,,,
43000404302,nwmdadjw,Hawkesley Square,52.394016,-1.936361,,,
43000404301,nwmdadjt,Hawkesley Square,52.394157,-1.936493,,,
43000404402,nwmdadmd,Cornerway,52.394455,-1.933201,,,
43000404401,nwmdadma,Cornerway,52.394833,-1.932583,,,
43000404502,nwmdadmj,Green Lane Walk,52.39465,-1.928498,,,
43000404501,nwmdadmg,Green Lane Walk,52.395645,-1.927717,,,
43000404602,nwmdadmt,Rosebay Avenue,52.397453,-1.92864,,,
43000404601,nwmdadmp,Rosebay Avenue,52.397984,-1.928772,,,
43000404701,nwmdadmw,Warrens End,52.400906,-1.928606,,,
43000404702,nwmdadpa,Warrens End,52.401104,-1.928532,,,
43000405103,nwmgmajt,Pleck Walk,52.40263,-1.925075,,,
43000405101,nwmgmajm,Pleck Walk,52.402359,-1.92537,,,
43000405202,nwmgmama,Little Hill Grove,52.403061,-1.921679,,,
43000405201,nwmgmajw,Little Hill Grove,52.402962,-1.922047,,,
43000405301,nwmgmamd,Greaves Square,52.40287,-1.91852,,,
43000405302,nwmgmamg,Greaves Square,52.403004,-1.917476,,,
43000405604,nwmgmamj,Tyburn Road,52.516899,-1.820518,,,
43000405703,nwmgmamp,Humberstone Road,52.523331,-1.806357,,,
43000405704,nwmgmamt,Humberstone Road,52.523266,-1.805989,,,
43000405902,nwmwdpgw,Midland Drive,52.564194,-1.820385,,,
43000405901,nwmptdpm,Midland Drive,52.564121,-1.819972,,,
43000406001,nwmgmamw,Riland Grove,52.564404,-1.816548,,,
43000406102,nwmgmapd,Heathside Drive,52.405617,-1.916442,,,
43000406101,nwmgmapa,Heathside Drive,52.405178,-1.916355,,,
43000406201,nwmgmapg,Chelworth Road,52.406616,-1.914441,,,
43000406202,nwmgmapj,Chelworth Road,52.406597,-1.913206,,,
43000406302,nwmdadpj,Baldwin Road,52.408092,-1.920921,,,
43000406301,nwmdadpg,Baldwin Road,52.40802,-1.921142,,,
43000406402,nwmdadpm,Broadmeadow School,52.408028,-1.915394,,,
43000406801,nwmtmtmj,Longdales Road,52.391281,-1.937099,,,
43000406802,nwmapawa,Longdales Road,52.391346,-1.937305,,,
43000407101,nwmgmapm,Keynell Covert,52.409607,-1.912951,,,
43000407201,nwmgmapt,Beechwood Court,52.410019,-1.911597,,,
43000407202,nwmgmapw,Beechwood Court,52.410027,-1.909951,,,
43000407302,nwmgmatd,Earlswood Road,52.411884,-1.906228,,,
43000407301,nwmgmata,Earlswood Road,52.41177,-1.90664,,,
43000407401,nwmwamam,Paget Road,52.525192,-1.811788,,,
43000407402,nwmwgaga,Paget Road,52.525166,-1.812053,,,
43000407502,nwmwgagd,Varley Vale,52.523838,-1.814122,,,
43000407501,nwmwamap,Varley Vale,52.523754,-1.813975,,,
43000408101,nwmgmatg,Damar Croft,52.413979,-1.903606,,,
43000408102,nwmgmatj,Damar Croft,52.413898,-1.903827,,,
43000408201,nwmgmatm,Westhouse Grove,52.41671,-1.902263,,,
43000408202,nwmgmatp,Westhouse Grove,52.417294,-1.901953,,,
43000408301,nwmgmatw,Marldon Road,52.423206,-1.898778,,,
43000408302,nwmgmawa,Marldon Road,52.422821,-1.899102,,,
43000408401,nwmgmawd,Granton Road,52.420708,-1.900195,,,
43000408504,nwmgmawj,Shelfield Road,52.414051,-1.904562,,,
43000408503,nwmgmawg,Shelfield Road,52.414078,-1.904429,,,
43000408602,nwmtmgmp,TA Centre,52.420792,-1.903254,,,
43000408601,nwmtmgmj,TA Centre,52.420971,-1.902694,,,
43000409101,nwmgmawm,Kernthorpe Road,52.415321,-1.906926,,,
43000409102,nwmgmawp,Kernthorpe Road,52.415653,-1.907293,,,
43000409201,nwmgmdad,Yarningale Road,52.416725,-1.909232,,,
43000409202,nwmgmdag,Yarningale Road,52.416561,-1.909026,,,
43000409301,nwmgmdaj,Lifford Close,52.418301,-1.912272,,,
43000409302,nwmgmdam,Lifford Close,52.418453,-1.91236,,,
43000409402,nwmgmdat,Reaside Crescent,52.419731,-1.914666,,,
43000409401,nwmgmdap,Reaside Crescent,52.419559,-1.914534,,,
43000409502,nwmgmdga,Fawley Grove,52.42168,-1.913163,,,
43000409501,nwmgmdaw,Fawley Grove,52.421646,-1.913413,,,
43000409602,nwmgmdgj,Doversley Road,52.42057,-1.905857,,,
43000409601,nwmgmdgd,Doversley Road,52.42065,-1.90571,,,
43000409701,nwmgmdgm,Bryndale Avenue,52.419212,-1.906359,,,
43000409702,nwmgmdgp,Bryndale Avenue,52.419147,-1.906286,,,
43000409801,nwmgmdgt,Doversley Road,52.417316,-1.907907,,,
43000409802,nwmgmdgw,Doversley Road,52.417461,-1.908436,,,
43000410101,nwmdadpt,Moseley Hall Hospital,52.44466,-1.890638,,,
43000410102,nwmdadpw,Moseley Hall Hospital,52.444649,-1.890329,,,
43000410201,nwmdadta,Moor Green Lane,52.442932,-1.892201,,,
43000410202,nwmdadtd,Moor Green Lane,52.442421,-1.892512,,,
43000410303,nwmdadtj,Queensbridge School,52.441505,-1.891808,,,
43000410301,nwmdadtg,Queensbridge School,52.440426,-1.892516,,,
43000412102,nwmgmdjd,Bilberry Road,52.423542,-1.911365,,,
43000412101,nwmgmdja,Bilberry Road,52.423973,-1.911114,,,
43000412203,nwmdadtw,Pineapple Bridge,52.426147,-1.90936,,,
43000412204,nwmdadwa,Pineapple Bridge,52.426289,-1.910051,,,
43000412302,nwmdadwg,Kings Road,52.427536,-1.906401,,,
43000412401,nwmdadwj,Cartland Road,52.427853,-1.905268,,,
43000412402,nwmdadwm,Cartland Road,52.428505,-1.903899,,,
43000412601,nwmgmdjm,Partons Road,52.425571,-1.899846,,,
43000412602,nwmgmdjp,Partons Road,52.425186,-1.899788,,,
43000412702,nwmdadwt,Camp Hill Schools,52.429565,-1.90094,,,
43000412701,nwmdadwp,Camp Hill Schools,52.429512,-1.901367,,,
43000412804,nwmdagag,Abbots Road,52.430614,-1.898305,,,
43000412803,nwmdagad,Abbots Road,52.430901,-1.897922,,,
43000413004,nwmdagat,All Saints Centre,52.432121,-1.894493,,,
43000413002,nwmdagam,All Saints Centre,52.432373,-1.894198,,,
43000413003,nwmdagap,All Saints Centre,52.432194,-1.894331,,,
43000413001,nwmdagaj,All Saints Centre,52.432487,-1.893889,,,
43000413102,nwmdagda,Findlay Road,52.438881,-1.89252,,,
43000413101,nwmdagaw,Findlay Road,52.437675,-1.892758,,,
43000413201,nwmdagdg,Bank Street,52.436337,-1.892526,,,
43000413202,nwmdagdj,Bank Street,52.435795,-1.892778,,,
43000413303,nwmdagdw,Institute Road,52.432903,-1.893167,,,
43000413304,nwmdagja,Institute Road,52.433064,-1.893137,,,
43000413301,nwmdagdp,Institute Road,52.433952,-1.892826,,,
43000413302,nwmdagdt,Institute Road,52.43409,-1.892811,,,
43000413402,nwmdagjm,Addison Road,52.431938,-1.892934,,,
43000413401,nwmdagjg,Addison Road,52.431759,-1.89292,,,
43000413404,nwmdagjp,Addison Road,52.430817,-1.893025,,,
43000413602,nwmdagma,High Street,52.431335,-1.892523,,,
43000413702,nwmdagmj,Melton Road,52.431259,-1.887758,,,
43000413701,nwmdagmg,Melton Road,52.431351,-1.888082,,,
43000413802,nwmdagmt,Albert Road,52.428425,-1.892854,,,
43000413801,nwmdagmp,Albert Road,52.428497,-1.892633,,,
43000413902,nwmgmdjw,Station Road,52.433529,-1.900961,,,
43000413901,nwmgmdjt,Station Road,52.433853,-1.901137,,,
43000414101,nwmdagmw,Featherstone Road,52.425915,-1.892404,,,
43000414102,nwmdagpa,Featherstone Road,52.426403,-1.892624,,,
43000414201,nwmdagpd,Livingstone Road,52.423382,-1.892307,,,
43000414202,nwmdagpg,Livingstone Road,52.422752,-1.892132,,,
43000414301,nwmgmdma,Woodthorpe Gardens,52.419289,-1.899919,,,
43000414302,nwmgmdmd,Woodthorpe Gardens,52.41917,-1.899537,,,
43000414402,nwmgmdmj,Maurice Road,52.42041,-1.896476,,,
43000414401,nwmgmdmg,Maurice Road,52.420166,-1.89677,,,
43000414501,nwmdagpj,Wynfield Gardens,52.420906,-1.891696,,,
43000414503,nwmdagpm,Wynfield Gardens,52.421043,-1.891975,,,
43000414601,nwmdagpt,Betton Road,52.418831,-1.891289,,,
43000414603,nwmdagpw,Betton Road,52.419201,-1.891494,,,
43000414701,nwmdagta,Leisure Centre,52.417564,-1.890969,,,
43000414801,nwmdagtd,Broad Lane,52.415089,-1.887431,,,
43000414802,nwmdagtg,Broad Lane,52.414852,-1.886579,,,
43000414901,nwmgmdmp,Tudor Close,52.422569,-1.888148,,,
43000414902,nwmgmdmt,Tudor Close,52.422291,-1.888678,,,
43000415302,nwmtmtgd,Hollie Lucas Road,52.428211,-1.885133,,,
43000415301,nwmptdtd,Hollie Lucas Road,52.428185,-1.885501,,,
43000415402,nwmgmdpa,Ardencote Road,52.42783,-1.881266,,,
43000415401,nwmgmdmw,Ardencote Road,52.428127,-1.881266,,,
43000415501,nwmgmdpd,Hollybank Close,52.425129,-1.879553,,,
43000415502,nwmgmdpg,Hollybank Close,52.424583,-1.879378,,,
43000415702,nwmgmdpj,Beechwood Road,52.42271,-1.885427,,,
43000415802,nwmgmdpt,Haunch Close,52.421722,-1.877915,,,
43000415801,nwmgmdpm,Haunch Close,52.422062,-1.877856,,,
43000416102,nwmdagtm,Warstock Road,52.413918,-1.885141,,,
43000416101,nwmdagtj,Warstock Road,52.41415,-1.885052,,,
43000416202,nwmdagtw,Glenavon Road,52.411514,-1.885132,,,
43000416201,nwmdagtp,Glenavon Road,52.411301,-1.885456,,,
43000416301,nwmgmdpw,Denholme Grove,52.409706,-1.881094,,,
43000416302,nwmgmdta,Denholme Grove,52.409767,-1.88155,,,
43000416401,nwmgmdtd,Aldbury Road,52.407894,-1.878247,,,
43000416402,nwmtpgag,Aldbury Road,52.408813,-1.8792,,,
43000416502,nwmgmdtj,Norlan Drive,52.410725,-1.884017,,,
43000416501,nwmgmdtg,Norlan Drive,52.410843,-1.884605,,,
43000417005,nwmdagwg,Watford Road,52.416092,-1.929332,,,
43000417004,nwmdagwd,Watford Road,52.416164,-1.929038,,,
43000417201,nwmdagwm,Bells Farm Close,52.405907,-1.907519,,,
43000417202,nwmdagwp,Bells Farm Close,52.406006,-1.908665,,,
43000417301,nwmdagwt,Brockworth Road,52.405727,-1.904477,,,
43000417302,nwmtdtpj,Brockworth Road,52.405636,-1.904859,,,
43000417401,nwmdajad,Pound Road,52.405766,-1.898685,,,
43000417402,nwmdajag,Pound Road,52.405678,-1.899523,,,
43000418101,nwmdajaj,Kimpton Close,52.40506,-1.893263,,,
43000418102,nwmdajam,Kimpton Close,52.405212,-1.894174,,,
43000418302,nwmdajaw,Manningford Road,52.408695,-1.887741,,,
43000418301,nwmdajat,Manningford Road,52.407673,-1.888244,,,
43000418402,nwmdajdg,Maypole Shops,52.405827,-1.887337,,,
43000418403,nwmdajdj,Maypole Shops,52.405594,-1.887587,,,
43000418401,nwmdajda,Maypole Shops,52.405964,-1.887469,,,
43000418501,nwmdajdm,Maypole Island,52.404728,-1.885884,,,
43000418502,nwmdajdp,Maypole Island,52.404541,-1.886047,,,
43000418601,nwmdajdt,Maypole Island,52.403103,-1.885374,,,
43000418702,nwmtwagj,Pennyacre Road,52.40696,-1.896169,,,
43000418701,nwmptdtg,Pennyacre Road,52.407173,-1.896183,,,
43000418801,nwmptdtj,Baverstock Road,52.407101,-1.893096,,,
43000418802,nwmtwagm,Baverstock Road,52.406994,-1.892552,,,
43000419102,nwmgmdtp,Wychelm Farm Road,52.40472,-1.877829,,,
43000419101,nwmgmdtm,Wychelm Farm Road,52.40464,-1.878535,,,
43000419202,nwmgmdwa,Westfield Avenue,52.404655,-1.87489,,,
43000419201,nwmgmdtw,Westfield Avenue,52.404716,-1.873934,,,
43000420103,nwmgmdwj,Wake Green Road,52.442616,-1.871356,,,
43000420104,nwmtdpda,Wake Green Road,52.44215,-1.87174,,,
43000420202,nwmgmdwm,Mackenzie Road,52.442081,-1.86793,,,
43000420204,nwmtdtwj,Mackenzie Road,52.44302,-1.870531,,,
43000420301,nwmgmdwp,St Agnes Road,52.439228,-1.871248,,,
43000420302,nwmgmdwt,St Agnes Road,52.439217,-1.871557,,,
43000420403,nwmgmgag,Springfield Junior School,52.443069,-1.858349,,,
43000420501,nwmgmgaj,Yardley Wood Road,52.442959,-1.872252,,,
43000420604,nwmgmgam,Wake Green Road,52.441856,-1.866356,,,
43000421102,nwmdajgd,Billesley Hall,52.432076,-1.882682,,,
43000421201,nwmdajgj,The Billesley,52.431763,-1.878153,,,
43000421402,nwmgmgat,Linkswood Close,52.436699,-1.869122,,,
43000421401,nwmgmgap,Linkswood Close,52.436905,-1.869416,,,
43000421502,nwmgmgaw,Coldbath Road,52.434299,-1.869423,,,
43000421504,nwmgmgdg,Coldbath Road,52.434174,-1.869203,,,
43000421503,nwmgmgda,Coldbath Road,52.434048,-1.86913,,,
43000421601,nwmgmgdj,Billesley Fire Station,52.430386,-1.869082,,,
43000421602,nwmptdtm,Billesley Fire Station,52.43071,-1.869051,,,
43000421701,nwmdajgw,Meadow View,52.434151,-1.866041,,,
43000421702,nwmdajma,Meadow View,52.433918,-1.865306,,,
43000422001,nwmtjmwp,Swan Corner,52.431221,-1.875919,,,
43000422002,nwmtjmwt,Swan Corner,52.431042,-1.875684,,,
43000422103,nwmwgjdm,Billesley Common,52.427261,-1.870826,,,
43000422102,nwmgmgdm,Billesley Common,52.427197,-1.870988,,,
43000422202,nwmgmgdt,Bondfield Road,52.42514,-1.871877,,,
43000422201,nwmgmgdp,Bondfield Road,52.425777,-1.871654,,,
43000422302,nwmgmgja,Bromwall Road,52.423702,-1.872939,,,
43000422301,nwmgmgdw,Bromwall Road,52.423252,-1.873,,,
43000422402,nwmgmgjg,Hullbrook Road,52.424873,-1.866039,,,
43000422401,nwmgmgjd,Hullbrook Road,52.425503,-1.867773,,,
43000423102,nwmptdwa,Brigfield Crescent,52.420395,-1.874669,,,
43000423101,nwmptdtw,Brigfield Crescent,52.419949,-1.874994,,,
43000423202,nwmgmgjp,Pendeen Road,52.416916,-1.871871,,,
43000423201,nwmgmgjm,Pendeen Road,52.416481,-1.870681,,,
43000423303,nwmdtawa,Yardley Wood Depot,52.415234,-1.870479,,,
43000423301,nwmgmgjt,Yardley Wood Depot,52.414783,-1.87001,,,
43000423302,nwmdtatw,Yardley Wood Depot,52.414421,-1.870378,,,
43000423402,nwmgmgma,Hallstead Road,52.41996,-1.871421,,,
43000423401,nwmgmgjw,Hallstead Road,52.419933,-1.871009,,,
43000423502,nwmgmgmg,Hullbrook Road,52.420322,-1.866112,,,
43000423501,nwmgmgmd,Hullbrook Road,52.420296,-1.865376,,,
43000423701,nwmgmgmt,Chinn Brook House,52.417446,-1.872957,,,
43000423801,nwmptdwd,Janice Grove,52.416813,-1.87046,,,
43000423802,nwmtpamp,Janice Grove,52.416706,-1.870401,,,
43000423901,nwmptdwg,Villette Grove,52.417969,-1.865104,,,
43000423902,nwmtpamt,Villette Grove,52.417751,-1.865899,,,
43000424001,nwmptdwj,Highfield Road,52.4179,-1.859664,,,
43000424002,nwmtpamw,Highfield Road,52.417881,-1.85987,,,
43000424101,nwmgmgmw,Warstock Community Centre,52.413029,-1.870132,,,
43000424102,nwmgmgpa,Warstock Community Centre,52.411724,-1.870415,,,
43000424201,nwmgmgpd,Greenford Road,52.411373,-1.870108,,,
43000424801,nwmgmgta,Servite Court,52.407452,-1.876602,,,
43000424802,nwmgmgtd,Servite Court,52.407757,-1.876469,,,
43000424902,nwmtmdmt,Waterway Court,52.409744,-1.868848,,,
43000424901,nwmgmgtg,Waterway Court,52.410347,-1.868258,,,
43000425001,nwmtmdtd,Arlington Road,52.408157,-1.871881,,,
43000425101,nwmgmgtj,Purefoy Road,52.423187,-1.863118,,,
43000425102,nwmgmgtm,Purefoy Road,52.42281,-1.862266,,,
43000425202,nwmgmgtw,Chinn Brook,52.420975,-1.859449,,,
43000425201,nwmgmgtp,Chinn Brook,52.420811,-1.85914,,,
43000425301,nwmgmgwa,Trittiford Mill Park,52.419758,-1.858247,,,
43000426102,nwmgmgwg,Chilton Road,52.41711,-1.860622,,,
43000426101,nwmgmgwd,Chilton Road,52.416885,-1.860711,,,
43000426201,nwmgmgwj,Cleeve Road,52.414543,-1.864174,,,
43000426203,nwmgmgwp,Cleeve Road,52.414524,-1.863982,,,
43000427101,nwmgmgwt,Priory Gardens,52.41428,-1.856559,,,
43000427102,nwmtpmdm,Priory Gardens,52.41383,-1.855869,,,
43000427201,nwmgmjad,Slade Lane,52.412113,-1.854154,,,
43000427202,nwmgmjag,Slade Lane,52.411293,-1.854069,,,
43000427302,nwmgmjam,Denaby Grove,52.414223,-1.860631,,,
43000427301,nwmgmjaj,Denaby Grove,52.414295,-1.860705,,,
43000427401,nwmgmjap,Sandmere Road,52.415405,-1.857525,,,
43000427402,nwmgmjat,Sandmere Road,52.415459,-1.857672,,,
43000427501,nwmgmjaw,Greenslade Road,52.408474,-1.863942,,,
43000427502,nwmtmgtw,Greenslade Road,52.408489,-1.863736,,,
43000427601,nwmgmjda,Oxhill Road,52.406727,-1.860611,,,
43000427602,nwmtmgwa,Oxhill Road,52.406734,-1.860419,,,
43000428102,nwmgmjdj,Moseley Sec School,52.44249,-1.862426,,,
43000428101,nwmgmjdg,Moseley Sec School,52.442318,-1.863206,,,
43000429102,nwmdajmg,Bibsworth Avenue,52.433636,-1.862571,,,
43000429101,nwmdajmd,Bibsworth Avenue,52.433434,-1.861013,,,
43000429202,nwmgmjgj,Gracewell Road,52.435318,-1.858168,,,
43000429201,nwmgmjgd,Gracewell Road,52.435986,-1.858504,,,
43000429301,nwmgmjgm,Thirlmere Drive,52.434025,-1.857422,,,
43000430102,nwmdajmp,Brandon Road,52.442207,-1.85107,,,
43000430101,nwmdajmj,Brandon Road,52.442181,-1.850673,,,
43000430202,nwmdajmw,Cubley Road,52.439594,-1.848475,,,
43000430201,nwmdajmt,Cubley Road,52.439407,-1.84821,,,
43000430404,nwmdajpj,Sarehole Road,52.434647,-1.853257,,,
43000430502,nwmgmjgt,Southam Road,52.432564,-1.853661,,,
43000430501,nwmgmjgp,Southam Road,52.43153,-1.854194,,,
43000430601,nwmdajpm,Southam Road,52.435108,-1.848475,,,
43000430602,nwmdajpt,Southam Road,52.435055,-1.848034,,,
43000430704,nwmdajta,South & City College,52.434208,-1.846228,,,
43000430703,nwmdajpw,South & City College,52.434505,-1.846138,,,
43000430801,nwmdajtd,Staplehurst Road,52.432697,-1.845306,,,
43000430802,nwmdajtg,Staplehurst Road,52.432922,-1.845247,,,
43000430901,nwmdajtj,Hall Green School,52.43103,-1.843886,,,
43000430902,nwmdajtm,Hall Green School,52.431301,-1.844252,,,
43000431101,nwmgmjgw,Cole Valley Road,52.429436,-1.85548,,,
43000431102,nwmgmjma,Cole Valley Road,52.429699,-1.855465,,,
43000431201,nwmgmjmd,Webb Lane,52.428616,-1.854395,,,
43000431301,nwmgmjmg,Sherwood Road,52.427399,-1.851619,,,
43000431302,nwmgmjmj,Sherwood Road,52.427597,-1.852104,,,
43000431501,nwmgmjmw,St Peters Church,52.423264,-1.851368,,,
43000431502,nwmgmjpa,St Peters Church,52.423561,-1.851441,,,
43000431701,nwmgmjpj,Etwall Road,52.423241,-1.846221,,,
43000431702,nwmgmjpm,Etwall Road,52.423512,-1.846176,,,
43000431802,nwmtpapa,Barton Lodge Road,52.416988,-1.848978,,,
43000431801,nwmptdwp,Barton Lodge Road,52.416737,-1.849008,,,
43000432101,nwmgmjpt,Doveridge Road,52.420589,-1.845981,,,
43000432102,nwmgmjpw,Doveridge Road,52.421192,-1.846214,,,
43000432201,nwmgmjta,Dalbury Road,52.417843,-1.844358,,,
43000432202,nwmgmjtd,Dalbury Road,52.418232,-1.844592,,,
43000432301,nwmgmjtg,Primrose Lane,52.417336,-1.841125,,,
43000432302,nwmgmjtj,Primrose Lane,52.417522,-1.840786,,,
43000432401,nwmgmjtm,The Baldwin,52.414597,-1.842884,,,
43000432403,nwmgmjtw,The Baldwin,52.414993,-1.842912,,,
43000432501,nwmptgag,Doveridge Road,52.418762,-1.851633,,,
43000432502,nwmtpapm,Doveridge Road,52.418617,-1.851251,,,
43000432802,nwmdajtw,Brooklands Road,52.435097,-1.845842,,,
43000432801,nwmdajtp,Brooklands Road,52.434978,-1.845225,,,
43000432902,nwmdajwa,Hall Green Church,52.434387,-1.83977,,,
43000433001,nwmdajwd,Hall Green Church,52.434361,-1.838564,,,
43000433101,nwmdajwg,Highfield Road,52.429638,-1.84289,,,
43000433102,nwmdajwj,Highfield Road,52.429249,-1.843053,,,
43000433502,nwmdamad,Wycome Road,52.426388,-1.841093,,,
43000433501,nwmdajwt,Wycome Road,52.425896,-1.841168,,,
43000433701,nwmgmjwp,St Michael's Church,52.429462,-1.826742,,,
43000433801,nwmtwtjt,Newey Road,52.422752,-1.844047,,,
43000433802,nwmwawpw,Newey Road,52.422256,-1.843254,,,
43000434101,nwmdamag,Robin Hood Lane,52.423374,-1.83828,,,
43000434103,nwmdamam,Robin Hood Lane,52.423141,-1.838722,,,
43000434202,nwmgmpad,Overton Close,52.42292,-1.835267,,,
43000434301,nwmdamat,Robin Hood Island,52.421436,-1.83589,,,
43000434302,nwmdamaw,Robin Hood Island,52.421608,-1.835581,,,
43000434401,nwmdamda,Green Hill Way,52.420086,-1.833263,,,
43000434402,nwmdamdg,Green Hill Way,52.419815,-1.833602,,,
43000434501,nwmgmpag,Brampton Avenue,52.426689,-1.836415,,,
43000434502,nwmgmpaj,Brampton Avenue,52.426006,-1.836668,,,
43000434602,nwmgmpap,Burnham Meadow,52.424046,-1.836778,,,
43000434601,nwmgmpam,Burnham Meadow,52.423759,-1.836941,,,
43000434801,nwmptgap,Hazelville Road,52.424561,-1.832761,,,
43000434802,nwmtwgtj,Hazelville Road,52.424553,-1.832658,,,
43000435202,nwmdamdm,Fox Hollies Surgery,52.435402,-1.837663,,,
43000435201,nwmdamdj,Fox Hollies Surgery,52.435879,-1.837823,,,
43000435301,nwmdamdp,York Road,52.438061,-1.835873,,,
43000435302,nwmdamdt,York Road,52.438454,-1.835033,,,
43000436002,nwmtmtjt,Mapleton Road,52.429825,-1.828329,,,
43000436001,nwmgmpdg,Mapleton Road,52.429771,-1.828815,,,
43000436301,nwmgmpdt,Ingestre Road,52.42836,-1.836041,,,
43000436302,nwmgmpdw,Ingestre Road,52.429115,-1.835965,,,
43000436703,nwmtptjt,Arkley Road,52.429043,-1.829582,,,
43000436702,nwmgmpgp,Arkley Road,52.429096,-1.829759,,,
43000436902,nwmgmpja,Gospel Farm Road,52.42955,-1.825095,,,
43000437101,nwmgmpjd,Russell Road,52.442806,-1.848111,,,
43000437102,nwmgmpjg,Russell Road,52.442822,-1.847743,,,
43000437202,nwmgmpjp,Allcroft Road,52.442089,-1.844126,,,
43000437201,nwmgmpjm,Allcroft Road,52.442287,-1.845258,,,
43000437301,nwmgmpjt,Cateswell Road,52.441673,-1.842451,,,
43000437402,nwmgmpma,Railway Bridge,52.442253,-1.839506,,,
43000437401,nwmgmpjw,Railway Bridge,52.442032,-1.840405,,,
43000437502,nwmgmpmg,Spring Road,52.443901,-1.835381,,,
43000437501,nwmgmpmd,Spring Road,52.44368,-1.835514,,,
43000437602,nwmdamga,Greenwood Avenue,52.440483,-1.834084,,,
43000437601,nwmdamdw,Greenwood Avenue,52.441017,-1.834362,,,
43000437703,nwmgmpmp,Fox Hollies Road,52.44273,-1.832517,,,
43000437702,nwmgmpmj,Fox Hollies Road,52.442982,-1.832766,,,
43000437801,nwmgmpmt,Northanger Road,52.442085,-1.829238,,,
43000437802,nwmgmpmw,Northanger Road,52.442051,-1.828017,,,
43000438101,nwmgmpta,Lulworth Road,52.436039,-1.831291,,,
43000438102,nwmgmptd,Lulworth Road,52.43586,-1.832322,,,
43000438202,nwmgmptj,Fox Hollies Leisure Centre,52.438057,-1.828121,,,
43000438201,nwmgmptg,Fox Hollies Leisure Centre,52.438038,-1.827577,,,
43000438402,nwmgmptw,Victoria Road,52.442795,-1.821615,,,
43000438401,nwmgmptp,Victoria Road,52.443108,-1.820657,,,
43000438602,nwmgmpwg,Fanshawe Road,52.439274,-1.822585,,,
43000438601,nwmgmpwd,Fanshawe Road,52.439362,-1.822658,,,
43000438701,nwmgmpwj,Hyron Hall Road,52.442028,-1.819146,,,
43000438702,nwmgmpwm,Hyron Hall Road,52.441463,-1.819693,,,
43000438801,nwmptgat,Dolphin Lane,52.443287,-1.819053,,,
43000438802,nwmtmtmt,Dolphin Lane,52.443401,-1.818729,,,
43000439001,nwmgmpwp,Bretton Road,52.443001,-1.813964,,,
43000439302,nwmgmtag,Thornfield Road,52.441151,-1.815237,,,
43000439301,nwmgmtad,Thornfield Road,52.440773,-1.815488,,,
43000439401,nwmgmtaj,Pollard Road,52.438957,-1.816055,,,
43000439402,nwmgmtam,Pollard Road,52.438168,-1.816279,,,
43000439501,nwmgmtap,Fox Hollies Park,52.436844,-1.816211,,,
43000439601,nwmgmtat,Severne Grove,52.436508,-1.820552,,,
43000439602,nwmgmtaw,Severne Grove,52.436581,-1.819963,,,
43000439701,nwmgmtda,Oakhurst Road,52.435638,-1.82207,,,
43000439702,nwmwadpg,Oakhurst Road,52.435112,-1.822749,,,
43000439902,nwmgmtdp,Tavistock Road,52.430447,-1.822959,,,
43000439901,nwmgmtdm,Tavistock Road,52.430157,-1.82293,,,
43000440101,nwmgmtdt,St Edmunds Church,52.448334,-1.847268,,,
43000440202,nwmgmtga,Matlock Road,52.447922,-1.843665,,,
43000440201,nwmgmtdw,Matlock Road,52.447887,-1.843782,,,
43000440302,nwmgmtgd,Tynedale Road,52.447121,-1.842064,,,
43000440303,nwmtmwmp,Tynedale Road,52.447121,-1.84174,,,
43000440702,nwmdamgj,Yardley Cemetery,52.458809,-1.818033,,,
43000440701,nwmdamgd,Yardley Cemetery,52.458656,-1.818225,,,
43000440801,nwmdamgm,Broad Road,52.445641,-1.831284,,,
43000441102,nwmdamgt,Fox Hollies Road,52.45034,-1.830325,,,
43000441101,nwmdamgp,Fox Hollies Road,52.451206,-1.831337,,,
43000441201,nwmdamgw,Merstowe Close,52.449036,-1.828167,,,
43000441202,nwmdamja,Merstowe Close,52.448746,-1.827491,,,
43000441401,nwmdamjd,Overlea Avenue,52.445644,-1.8274,,,
43000441502,nwmdamjm,Shirley Road,52.445919,-1.825119,,,
43000441501,nwmdamjg,Shirley Road,52.44611,-1.824647,,,
43000441601,nwmdamjp,Primary School,52.446934,-1.82485,,,
43000441602,nwmdamjt,Primary School,52.44659,-1.823777,,,
43000441702,nwmdampa,Sherbourne Road,52.448406,-1.823446,,,
43000441701,nwmdamjw,Sherbourne Road,52.448677,-1.822871,,,
43000441803,nwmdampd,Acocks Green Village,52.446033,-1.822911,,,
43000441805,nwmdampj,Acocks Green Village,52.445755,-1.823177,,,
43000441804,nwmdampg,Acocks Green Village,52.445881,-1.823059,,,
43000441901,nwmdampm,Station Road,52.446579,-1.819834,,,
43000441902,nwmdampt,Station Road,52.446533,-1.820438,,,
43000442002,nwmtmwmg,LIDL,52.443893,-1.834028,,,
43000442001,nwmtmjag,LIDL,52.443813,-1.83444,,,
43000442102,nwmdamta,Woodberry Walk,52.44516,-1.816088,,,
43000442101,nwmdampw,Woodberry Walk,52.44537,-1.816926,,,
43000442201,nwmdamtg,Olton Court,52.442436,-1.811553,,,
43000442301,nwmgmtja,Hartshill Road,52.44355,-1.811137,,,
43000442302,nwmgmtjd,Hartshill Road,52.443195,-1.811903,,,
43000442401,nwmdamtj,Culham Close,52.444004,-1.813754,,,
43000442501,nwmptgdg,Archbishop Ilsley School,52.444462,-1.819284,,,
43000442701,nwmtwjdp,Electricity Works,52.449104,-1.846633,,,
43000443001,nwmtpwmd,Bosworth Road,52.449745,-1.806166,,,
43000443002,nwmtpwmg,Bosworth Road,52.449631,-1.80602,,,
43000443101,nwmgmtjg,The Avenue,52.445293,-1.809276,,,
43000443302,nwmgmtjw,The Vineries,52.449589,-1.807197,,,
43000443301,nwmgmtjt,The Vineries,52.449535,-1.807624,,,
43000443402,nwmtpwag,The Journeys End,52.453259,-1.809727,,,
43000443401,nwmgmtma,The Journeys End,52.453087,-1.809934,,,
43000444201,nwmdamtw,Elmdon Road,52.451458,-1.818475,,,
43000444202,nwmdamwa,Elmdon Road,52.452042,-1.818149,,,
43000444302,nwmdamwg,Francis Road,52.453945,-1.817862,,,
43000444301,nwmdamwd,Francis Road,52.453182,-1.818174,,,
43000444401,nwmdamwj,Mansfield Road,52.456276,-1.819059,,,
43000444402,nwmdamwm,Mansfield Road,52.456448,-1.819264,,,
43000444602,nwmgmtmp,Douglas Road,52.453659,-1.829209,,,
43000444601,nwmgmtmj,Douglas Road,52.453865,-1.829561,,,
43000444801,nwmgmtpa,Kilmorie Road,52.455578,-1.826258,,,
43000444802,nwmgmtpd,Kilmorie Road,52.455776,-1.826493,,,
43000444901,nwmwdgag,Arden Road,52.451881,-1.83182,,,
43000445103,nwmdapad,Broadyates Road,52.461956,-1.818506,,,
43000445101,nwmdamwp,Broadyates Road,52.46217,-1.816813,,,
43000445202,nwmtmtpw,Coventry Road,52.461063,-1.816611,,,
43000445201,nwmdapag,Coventry Road,52.461182,-1.816022,,,
43000445301,nwmdapaj,Yardley Primary School,52.465164,-1.812208,,,
43000445302,nwmdapam,Yardley Primary School,52.465065,-1.811752,,,
43000445403,nwmdapaw,Swan Shopping Centre,52.461994,-1.812898,,,
43000445404,nwmdapda,Swan Shopping Centre,52.461571,-1.813842,,,
43000445402,nwmdapat,Swan Shopping Centre,52.461994,-1.813296,,,
43000445501,nwmdapdj,Swan Island,52.462429,-1.815045,,,
43000445504,nwmdapdt,Swan Island,52.462402,-1.815384,,,
43000446102,nwmdapga,Clay Lane,52.461891,-1.810161,,,
43000446101,nwmdapdw,Clay Lane,52.461586,-1.810648,,,
43000446201,nwmdapgd,Steyning Road,52.460621,-1.802896,,,
43000446203,nwmdapgm,Steyning Road,52.46101,-1.805367,,,
43000446202,nwmdapgj,Steyning Road,52.460556,-1.802778,,,
43000446401,nwmdapja,Brays Road,52.457653,-1.796787,,,
43000446402,nwmdapjd,Brays Road,52.457249,-1.797215,,,
43000446702,nwmtdptd,Hollywell Road,52.460072,-1.787916,,,
43000446701,nwmdapjp,Hollywell Road,52.460003,-1.788505,,,
43000447101,nwmdapjw,Keswick Road,52.454182,-1.79205,,,
43000447102,nwmdapma,Keswick Road,52.455002,-1.792001,,,
43000447201,nwmdapmd,Lyndon Road,52.453629,-1.789094,,,
43000447203,nwmdapmg,Lyndon Road,52.453079,-1.788111,,,
43000447303,nwmdapmt,The Wheatsheaf,52.452217,-1.783392,,,
43000447301,nwmdapmj,The Wheatsheaf,52.451946,-1.783393,,,
43000447306,nwmwjdtd,The Wheatsheaf,52.452595,-1.785141,,,
43000447402,nwmdapta,Deepdale Avenue,52.452232,-1.781788,,,
43000447401,nwmdapmw,Deepdale Avenue,52.452671,-1.781962,,,
43000447501,nwmdaptd,Mardon Road,52.454678,-1.781864,,,
43000447502,nwmdaptg,Mardon Road,52.455116,-1.782038,,,
43000447602,nwmtgtjt,Melton Avenue,52.450882,-1.79127,,,
43000447601,nwmdaptj,Melton Avenue,52.451275,-1.790709,,,
43000447701,nwmtwpmg,Lyndon Road,52.452129,-1.790573,,,
43000447702,nwmtwpmj,Lyndon Road,52.452301,-1.790484,,,
43000448101,nwmdaptm,Coalway Avenue,52.451694,-1.779465,,,
43000448102,nwmdaptp,Coalway Avenue,52.451508,-1.779849,,,
43000448201,nwmdaptw,Wells Road,52.451298,-1.773728,,,
43000448202,nwmdapwa,Wells Road,52.451466,-1.775596,,,
43000448304,nwmdapwj,Glencroft Road,52.451359,-1.767886,,,
43000448401,nwmptgdj,Woodvale Mews,52.419876,-1.876185,,,
43000448402,nwmptgdm,Woodvale Mews,52.419857,-1.875774,,,
43000448504,nwmgmtpj,Hollybank Road,52.421173,-1.878873,,,
43000448503,nwmgmtpg,Hollybank Road,52.420822,-1.878315,,,
43000449101,nwmdapwm,Sheldon Grove,52.456528,-1.780972,,,
43000449102,nwmdapwp,Sheldon Grove,52.456787,-1.780514,,,
43000449202,nwmdatad,Ragley Drive,52.458954,-1.780106,,,
43000449201,nwmdapwt,Ragley Drive,52.459579,-1.779735,,,
43000449302,nwmdataj,Ivydale Avenue,52.457039,-1.775715,,,
43000449301,nwmdatag,Ivydale Avenue,52.456959,-1.776908,,,
43000449401,nwmdatam,Dovercourt Road,52.457329,-1.771829,,,
43000449402,nwmdatap,Dovercourt Road,52.457409,-1.771475,,,
43000449501,nwmdatat,Mapledene Road,52.457653,-1.76828,,,
43000449502,nwmdataw,Mapledene Road,52.457615,-1.767839,,,
43000449601,nwmptgdt,Greenvale Avenue,52.46035,-1.767825,,,
43000449602,nwmwjdgj,Greenvale Avenue,52.460278,-1.767575,,,
43000449701,nwmgmtpm,The Arden Oak,52.452011,-1.769502,,,
43000450103,nwmdatdg,Millhouse Road,52.468666,-1.825,,,
43000450101,nwmdatda,Millhouse Road,52.468925,-1.826029,,,
43000450201,nwmgmtpt,Bierton Road,52.471699,-1.82141,,,
43000450202,nwmgmtpw,Bierton Road,52.471367,-1.822133,,,
43000450301,nwmgmtwa,Kestrel Avenue,52.472874,-1.819669,,,
43000450302,nwmgmtwd,Kestrel Avenue,52.47271,-1.820111,,,
43000450402,nwmdatdm,Rosedale Grove,52.468124,-1.823427,,,
43000450401,nwmdatdj,Rosedale Grove,52.468094,-1.822588,,,
43000450501,nwmdatdp,Wash Lane,52.467812,-1.819645,,,
43000450502,nwmdatdt,Wash Lane,52.46772,-1.818968,,,
43000451101,nwmdatdw,Clements Road,52.467697,-1.815156,,,
43000451102,nwmdatga,Clements Road,52.467617,-1.815745,,,
43000451204,nwmdatgd,Yew Tree,52.466465,-1.810701,,,
43000451206,nwmdatgm,Yew Tree,52.466213,-1.810466,,,
43000451301,nwmdatgt,Foliot Fields,52.470257,-1.809404,,,
43000451302,nwmdatgw,Foliot Fields,52.469952,-1.809744,,,
43000451403,nwmdatja,Church Road,52.466553,-1.808831,,,
43000451404,nwmdatjd,Church Road,52.466679,-1.809081,,,
43000451502,nwmdatjm,Wroxton Road,52.46888,-1.806981,,,
43000451501,nwmdatjg,Wroxton Road,52.468681,-1.807409,,,
43000451601,nwmdatjp,Barrows Lane,52.471302,-1.804512,,,
43000451602,nwmdatjt,Barrows Lane,52.471806,-1.803612,,,
43000451701,nwmdatjw,Harvey Road,52.465122,-1.807248,,,
43000451702,nwmdatma,Harvey Road,52.465263,-1.805937,,,
43000451801,nwmdatmd,Elmcroft Road,52.465591,-1.8028,,,
43000451802,nwmdatmg,Elmcroft Road,52.465519,-1.802609,,,
43000451901,nwmdatmj,Digbeth in the Field,52.465832,-1.800724,,,
43000451902,nwmdatmp,Digbeth in the Field,52.4659,-1.800179,,,
43000452102,nwmdatmt,Barrows Lane,52.465992,-1.795704,,,
43000452202,nwmdatpa,Bilton Grange Road,52.467289,-1.791841,,,
43000452201,nwmdatmw,Bilton Grange Road,52.46703,-1.793432,,,
43000452302,nwmdatpg,Cockshut Hill,52.468014,-1.789099,,,
43000452301,nwmdatpd,Cockshut Hill,52.467781,-1.790116,,,
43000452401,nwmdatpj,Markfield Road,52.468685,-1.78783,,,
43000452402,nwmdatpm,Markfield Road,52.469006,-1.786975,,,
43000452502,nwmdatpw,Sheldon Heath Road,52.470154,-1.78432,,,
43000452501,nwmdatpt,Sheldon Heath Road,52.470036,-1.784129,,,
43000452602,nwmdatwd,Meon Grove,52.469692,-1.782688,,,
43000452601,nwmdatwa,Meon Grove,52.469315,-1.782366,,,
43000452702,nwmdatwj,Cockshut Hill School,52.470959,-1.792133,,,
43000452701,nwmdatwg,Cockshut Hill School,52.471138,-1.792529,,,
43000452801,nwmptgja,Elmay Road,52.467171,-1.790988,,,
43000452902,nwmtpdja,Bellevue Road,52.465515,-1.789126,,,
43000452901,nwmptgjd,Bellevue Road,52.465458,-1.788906,,,
43000453002,nwmtpdjd,Willclare Road,52.464127,-1.787411,,,
43000453001,nwmptgjg,Willclare Road,52.464432,-1.787571,,,
43000453101,nwmdatwm,Sheldon Heath Academy,52.467743,-1.780107,,,
43000453102,nwmdatwp,Sheldon Heath Academy,52.467419,-1.779932,,,
43000453202,nwmdawad,Radley Court,52.465553,-1.777512,,,
43000453201,nwmdatwt,Radley Court,52.465069,-1.777176,,,
43000453301,nwmdawag,Rosecroft Road,52.461357,-1.777092,,,
43000453302,nwmdawaj,Rosecroft Road,52.460907,-1.777771,,,
43000453401,nwmdawam,The Radleys,52.463612,-1.776168,,,
43000453402,nwmdawap,The Radleys,52.463531,-1.776257,,,
43000453502,nwmdawaw,Elmstead Avenue,52.466972,-1.771337,,,
43000453501,nwmdawat,Elmstead Avenue,52.4669,-1.771249,,,
43000453601,nwmdawda,Mackadown Lane,52.468662,-1.767251,,,
43000453602,nwmdawdg,Mackadown Lane,52.468037,-1.768815,,,
43000453902,nwmtdptp,Hollywell Road,52.45837,-1.786173,,,
43000453901,nwmdawdp,Hollywell Road,52.458443,-1.786202,,,
43000454001,nwmtdtdt,Church Road,52.458355,-1.782096,,,
43000454002,nwmtdtdw,Church Road,52.458244,-1.781861,,,
43000454101,nwmdawdt,Sheldon Walk,52.472481,-1.779582,,,
43000454102,nwmdawdw,Sheldon Walk,52.472733,-1.779817,,,
43000454201,nwmdawga,Blakenhale Road,52.474155,-1.780016,,,
43000454202,nwmdawgd,Blakenhale Road,52.474857,-1.780218,,,
43000454301,nwmdawgj,Outmore Road,52.477779,-1.780999,,,
43000454302,nwmdawgm,Outmore Road,52.478012,-1.780924,,,
43000454401,nwmtdtga,Barrows Lane,52.458042,-1.789338,,,
43000454402,nwmtdtgd,Barrows Lane,52.458122,-1.789353,,,
43000454902,nwmdawgt,Partridge Road,52.472542,-1.794127,,,
43000454901,nwmdawgp,Partridge Road,52.47274,-1.794215,,,
43000455001,nwmtwmdw,Duncroft Road,52.468502,-1.790716,,,
43000455002,nwmtwmga,Duncroft Road,52.468475,-1.79079,,,
43000455101,nwmdawgw,Upton Road,52.478786,-1.81907,,,
43000455102,nwmdawja,Upton Road,52.478588,-1.819233,,,
43000455201,nwmgmtwg,Blakesley Road,52.47403,-1.818589,,,
43000455202,nwmgmtwj,Blakesley Road,52.474236,-1.818264,,,
43000455301,nwmdawjd,Richmond Road,52.478127,-1.815863,,,
43000455302,nwmdawjg,Richmond Road,52.477791,-1.81557,,,
43000455402,nwmdawjp,Denton Grove,52.477726,-1.813509,,,
43000455401,nwmdawjm,Denton Grove,52.477539,-1.813363,,,
43000456101,nwmdawjt,Blakesley Hall,52.473267,-1.806667,,,
43000456102,nwmdawjw,Blakesley Hall,52.472591,-1.807465,,,
43000456201,nwmdawma,Vicarage Road,52.477276,-1.807592,,,
43000456202,nwmdawmd,Vicarage Road,52.476341,-1.80714,,,
43000456301,nwmdawmg,Stechford Police Station,52.478077,-1.806705,,,
43000456302,nwmdawmj,Stechford Police Station,52.477692,-1.808459,,,
43000456401,nwmdawmp,Church Road,52.478394,-1.802331,,,
43000456402,nwmdawmt,Church Road,52.478188,-1.803804,,,
43000456502,nwmdawpa,Yardley Fields Road,52.479038,-1.808011,,,
43000456501,nwmdawmw,Yardley Fields Road,52.478706,-1.808131,,,
43000456602,nwmdawpg,Stechford Baths,52.481873,-1.808971,,,
43000456601,nwmdawpd,Stechford Baths,52.481945,-1.809162,,,
43000457101,nwmdawpt,Vibart Road,52.472397,-1.802181,,,
43000457102,nwmdawpw,Vibart Road,52.472431,-1.801195,,,
43000457202,nwmdawtd,Sedgemere Road,52.473587,-1.79901,,,
43000457201,nwmdawta,Sedgemere Road,52.474072,-1.798876,,,
43000457302,nwmdawtj,Broadstone Road,52.477314,-1.797182,,,
43000457301,nwmdawtg,Broadstone Road,52.476803,-1.797317,,,
43000457401,nwmdawtm,Pool Lane Allotments,52.478241,-1.798871,,,
43000457402,nwmdawtp,Pool Lane Allotments,52.478271,-1.800285,,,
43000458101,nwmdawtw,Queens Road,52.477589,-1.795856,,,
43000458102,nwmdgada,Queens Road,52.477615,-1.795399,,,
43000458201,nwmdgadg,The Lea,52.47715,-1.790307,,,
43000458202,nwmdgadj,The Lea,52.47702,-1.789439,,,
43000458302,nwmdgadp,Holbeach Road,52.477428,-1.785712,,,
43000458301,nwmdgadm,Holbeach Road,52.477203,-1.786611,,,
43000459101,nwmdgadt,Kelynmead Road,52.47847,-1.795925,,,
43000459202,nwmdgadw,Whittington Oval,52.479378,-1.795303,,,
43000459302,nwmdgagd,Lea Hall Road,52.48093,-1.792792,,,
43000459301,nwmdgaga,Lea Hall Road,52.481144,-1.792688,,,
43000459402,nwmdgagm,Latelow Road,52.480789,-1.789612,,,
43000459401,nwmdgagj,Latelow Road,52.480427,-1.788893,,,
43000460201,nwmdgajt,Iron Lane,52.487019,-1.810848,,,
43000460202,nwmdmgjw,Iron Lane,52.486938,-1.81104,,,
43000460302,nwmdgama,Retail Park,52.487778,-1.807914,,,
43000460301,nwmdgajw,Retail Park,52.487679,-1.808886,,,
43000460506,nwmdgamj,Moodyscroft Road,52.480896,-1.77471,,,
43000460505,nwmdgamg,Moodyscroft Road,52.480671,-1.774476,,,
43000460802,nwmtdtjm,Wheatstone Grove,52.490215,-1.798801,,,
43000460801,nwmdgamp,Wheatstone Grove,52.49028,-1.799022,,,
43000460902,nwmtdwjg,Lathom Grove,52.491184,-1.796337,,,
43000460901,nwmtdwjd,Lathom Grove,52.491154,-1.795719,,,
43000461102,nwmdgapa,Harrowfield Road,52.487778,-1.803319,,,
43000461101,nwmdgamw,Harrowfield Road,52.487656,-1.803923,,,
43000461201,nwmdgapd,Lyme Green Road,52.487747,-1.799446,,,
43000461202,nwmdgapg,Lyme Green Road,52.487679,-1.797723,,,
43000461302,nwmdgapm,Glebe Farm Road,52.487728,-1.794306,,,
43000461301,nwmdgapj,Glebe Farm Road,52.487637,-1.794557,,,
43000461401,nwmdgapt,Cole Hall Lane,52.486568,-1.790439,,,
43000461402,nwmdgapw,Cole Hall Lane,52.48621,-1.789056,,,
43000461501,nwmdgata,Cole Hall Lane,52.490963,-1.787943,,,
43000461502,nwmtdpwd,Cole Hall Lane,52.490879,-1.787929,,,
43000461602,nwmdgatg,Bushbury Road,52.491875,-1.795053,,,
43000461601,nwmdgatd,Bushbury Road,52.491863,-1.794861,,,
43000461804,nwmdgatm,Shaftsbury Road,52.456398,-1.780119,,,
43000461803,nwmdgatj,Shaftsbury Road,52.456532,-1.779853,,,
43000461903,nwmgmtwt,Widney Road,52.383228,-1.756811,,,
43000461904,nwmgmwad,Widney Road,52.383419,-1.756943,,,
43000462001,nwmtgjad,Penkridge Grove,52.488247,-1.798913,,,
43000462102,nwmdgatw,Crossfield Road,52.48526,-1.786955,,,
43000462101,nwmdgatp,Crossfield Road,52.485546,-1.786924,,,
43000462201,nwmdgawa,Ridpool Road,52.484184,-1.784,,,
43000462202,nwmdgawd,Ridpool Road,52.484276,-1.783779,,,
43000462301,nwmdgawg,Lea Village,52.48299,-1.780442,,,
43000462302,nwmdgawj,Lea Village,52.482765,-1.78012,,,
43000462402,nwmtpmdw,Fordfield Road,52.485634,-1.779354,,,
43000462401,nwmdgawm,Fordfield Road,52.486118,-1.77969,,,
43000462902,nwmwgdat,Wychbold Crescent,52.484425,-1.777843,,,
43000462901,nwmwgdap,Wychbold Crescent,52.484554,-1.778653,,,
43000463102,nwmdgdaj,Mirfield Road,52.479191,-1.780888,,,
43000463101,nwmdgdag,Mirfield Road,52.478878,-1.781302,,,
43000463201,nwmdgdam,Centenary House,52.480221,-1.774566,,,
43000463203,nwmdgdat,Centenary House,52.480156,-1.774199,,,
43000463301,nwmdgdaw,Lidl Meadway,52.47937,-1.771037,,,
43000463302,nwmtpmgw,Lidl Meadway,52.47963,-1.771492,,,
43000463401,nwmdgdga,Kyngsford Road,52.480801,-1.771383,,,
43000463402,nwmdgdgd,Kyngsford Road,52.480995,-1.77094,,,
43000463701,nwmwgdaw,Tile Cross Island,52.47448,-1.762656,,,
43000463702,nwmwgdga,Tile Cross Island,52.474266,-1.762613,,,
43000464102,nwmdgdgp,Sheldon Hall Avenue,52.481438,-1.765843,,,
43000464101,nwmdgdgm,Sheldon Hall Avenue,52.48159,-1.765813,,,
43000464201,nwmdgdgt,Wheatlands Croft,52.482372,-1.762053,,,
43000464301,nwmdgdgw,Gressel Lane,52.482944,-1.759841,,,
43000464402,nwmdgdjd,Briddsland Road,52.481533,-1.760806,,,
43000464401,nwmdgdja,Briddsland Road,52.48193,-1.760598,,,
43000464502,nwmdgdjm,Shirestone Road,52.479797,-1.760728,,,
43000464501,nwmdgdjg,Shirestone Road,52.480194,-1.760578,,,
43000464601,nwmdgdjp,Leominster House,52.478077,-1.759147,,,
43000464602,nwmdgdjt,Leominster House,52.47789,-1.75981,,,
43000464701,nwmdgdjw,International&Byng Kendrick Schs,52.482418,-1.771831,,,
43000464902,nwmtdtjp,Crosskey Close,52.476856,-1.760361,,,
43000464901,nwmdgdmg,Crosskey Close,52.476227,-1.759952,,,
43000465102,nwmdgdmp,Blackmoor Croft,52.477753,-1.766849,,,
43000465101,nwmdgdmj,Blackmoor Croft,52.477951,-1.767025,,,
43000465201,nwmdgdmt,Haywood Road,52.476173,-1.764958,,,
43000465202,nwmdgdmw,Haywood Road,52.476418,-1.764957,,,
43000465302,nwmdgdpd,Braymoor Road,52.474682,-1.763803,,,
43000465301,nwmdgdpa,Braymoor Road,52.474895,-1.763802,,,
43000465401,nwmdgdpg,Railway Bridge,52.471939,-1.767793,,,
43000465503,nwmdgdpj,Cumberford Avenue,52.473961,-1.764484,,,
43000465504,nwmdgdpm,Cumberford Avenue,52.473274,-1.766152,,,
43000465602,nwmdgdpw,Tile Cross Shops,52.473789,-1.762718,,,
43000465601,nwmdgdpt,Tile Cross Shops,52.474113,-1.762952,,,
43000466101,nwmdgdta,Bell Lane,52.471901,-1.759534,,,
43000466102,nwmtdpwj,Bell Lane,52.471642,-1.759683,,,
43000466201,nwmdgdtd,Bell Walk,52.471916,-1.757546,,,
43000466202,nwmdgdtg,Bell Walk,52.471989,-1.757252,,,
43000466302,nwmgmwag,Mill Gardens,52.418491,-1.858133,,,
43000466303,nwmtwapt,Mill Gardens,52.418041,-1.858987,,,
43000466402,nwmgmwaj,Danford Lane,52.414089,-1.809101,,,
43000466403,nwmgmwam,Danford Lane,52.414467,-1.809408,,,
43000466601,nwmdgdtj,Hobs Moat Rd,52.450119,-1.781445,,,
43000466602,nwmdgdtm,Hobs Moat Rd,52.450531,-1.782031,,,
43000466701,nwmdgdtp,Ollerton Road,52.465626,-1.797059,,,
43000466802,nwmdgdwa,Stoney Lane,52.46727,-1.812081,,,
43000466801,nwmdgdtw,Stoney Lane,52.467304,-1.812258,,,
43000466803,nwmdgdwd,Stoney Lane,52.466908,-1.811302,,,
43000466901,nwmdgdwg,Croft Road,52.467167,-1.809344,,,
43000466902,nwmdgdwj,Croft Road,52.467194,-1.80899,,,
43000470101,nwmdgdwm,Stechford Hall Park,52.490791,-1.814676,,,
43000470102,nwmdgdwp,Stechford Hall Park,52.49054,-1.814942,,,
43000470202,nwmdgjad,Beaufort Avenue,52.492043,-1.810281,,,
43000470201,nwmdgdwt,Beaufort Avenue,52.492287,-1.810059,,,
43000470302,nwmdgjaj,Maryland Avenue,52.494381,-1.806235,,,
43000470301,nwmdgjag,Maryland Avenue,52.49416,-1.806501,,,
43000470402,nwmdgjap,Rymond Road,52.495132,-1.803198,,,
43000470401,nwmdgjam,Rymond Road,52.494854,-1.803788,,,
43000470501,nwmdgjat,Settle Avenue,52.496338,-1.797492,,,
43000470602,nwmdgjaw,Cole Hall Lane,52.496838,-1.790905,,,
43000471102,nwmdgjdg,Bridgeford Road,52.496696,-1.787076,,,
43000471101,nwmdgjda,Bridgeford Road,52.496643,-1.787812,,,
43000471201,nwmdgjdj,School Lane,52.497551,-1.783021,,,
43000471202,nwmtdwad,School Lane,52.497585,-1.782755,,,
43000471301,nwmdgjdm,Shard End Shops,52.495152,-1.778437,,,
43000471302,nwmdgjdp,Shard End Shops,52.495144,-1.778157,,,
43000471501,nwmdgjga,Shard End Crescent,52.490993,-1.776617,,,
43000471502,nwmdgjgd,Shard End Crescent,52.490993,-1.776263,,,
43000471602,nwmwgdgd,Shard End Lake,52.493458,-1.771081,,,
43000471601,nwmdgjgj,Shard End Lake,52.493896,-1.771594,,,
43000471701,nwmdgjgm,Buckland End Shops,52.499012,-1.790806,,,
43000471702,nwmtdmtw,Buckland End Shops,52.499104,-1.790585,,,
43000471802,nwmdgjgp,The Shardway,52.493038,-1.773543,,,
43000471803,nwmtdwag,The Shardway,52.49345,-1.773172,,,
43000472002,nwmtjwdm,Schoolacre Road,52.498661,-1.785048,,,
43000472001,nwmtjwdj,Schoolacre Road,52.49876,-1.785696,,,
43000472102,nwmtdpwm,Hillstone Road,52.491432,-1.769309,,,
43000472101,nwmdgjgt,Hillstone Road,52.491348,-1.769487,,,
43000472201,nwmdgjgw,Otter Croft,52.489994,-1.765252,,,
43000472202,nwmdgjma,Otter Croft,52.48991,-1.764472,,,
43000472302,nwmdgjmg,Roebuck Close,52.491085,-1.763317,,,
43000472301,nwmdgjmd,Roebuck Close,52.491024,-1.76289,,,
43000472402,nwmdgjmp,Horne Way,52.492882,-1.762585,,,
43000472401,nwmdgjmj,Horne Way,52.493053,-1.76254,,,
43000473102,nwmdgjmw,Nearmoor Road,52.495415,-1.770202,,,
43000473101,nwmdgjmt,Nearmoor Road,52.495243,-1.770659,,,
43000473202,nwmdgjpa,Kitsland Road,52.495701,-1.764706,,,
43000473203,nwmdgjpd,Kitsland Road,52.496044,-1.764896,,,
43000473501,nwmdgjpw,Sydney Court,52.498062,-1.75858,,,
43000473502,nwmwadga,Sydney Court,52.498035,-1.758639,,,
43000473702,nwmwadgd,Hall Hays Road,52.498379,-1.763926,,,
43000473701,nwmwadaw,Hall Hays Road,52.498466,-1.763999,,,
43000473801,nwmwgdgj,Freasley Road,52.492527,-1.769672,,,
43000474102,nwmdgjtd,Beaufort Avenue,52.494434,-1.816575,,,
43000474101,nwmdgjta,Beaufort Avenue,52.494289,-1.816841,,,
43000474201,nwmdgjtg,Southbourne Avenue,52.495689,-1.813418,,,
43000474202,nwmdgjtj,Southbourne Avenue,52.496063,-1.812606,,,
43000474301,nwmdgjtm,Ventnor Avenue,52.49675,-1.809348,,,
43000474302,nwmdgjtp,Ventnor Avenue,52.497047,-1.808521,,,
43000474401,nwmtdwjm,Hodge Hill Common,52.497559,-1.806928,,,
43000474402,nwmtmtdp,Hodge Hill Common,52.497547,-1.80712,,,
43000475101,nwmdgjwj,Heath Way,52.499916,-1.802793,,,
43000475102,nwmdgjwm,Heath Way,52.500191,-1.801613,,,
43000475202,nwmdgmad,Clock Garage,52.501453,-1.798072,,,
43000475201,nwmdgjwt,Clock Garage,52.501453,-1.798293,,,
43000475301,nwmdgmag,Berrandale Gardens,52.506306,-1.797814,,,
43000475302,nwmtgjmw,Berrandale Gardens,52.5061,-1.797432,,,
43000475402,nwmdgmam,Tameside Drive,52.510586,-1.797278,,,
43000475401,nwmdgmaj,Tameside Drive,52.510754,-1.796924,,,
43000475601,nwmdgmap,Shawsdale Road,52.500488,-1.802127,,,
43000475602,nwmdgjtw,Shawsdale Road,52.500534,-1.802496,,,
43000476101,nwmgmwat,Brockhurst Road,52.495258,-1.819282,,,
43000476201,nwmgmwaw,Old Bromford Lane,52.496391,-1.82131,,,
43000476202,nwmgmwda,Old Bromford Lane,52.496571,-1.820941,,,
43000476302,nwmgmwdj,St Margarets Road,52.497314,-1.823943,,,
43000476301,nwmgmwdg,St Margarets Road,52.497631,-1.825488,,,
43000476401,nwmgmwdm,St Margarets Avenue,52.499649,-1.829134,,,
43000476402,nwmgmwdp,St Margarets Avenue,52.498764,-1.827237,,,
43000477103,nwmdgmat,The Bromford,52.501736,-1.828772,,,
43000477202,nwmgmwdw,Motorway Bridge,52.506344,-1.832113,,,
43000477201,nwmgmwdt,Motorway Bridge,52.506397,-1.832525,,,
43000477301,nwmdgmaw,Bromford Way,52.503174,-1.82831,,,
43000477302,nwmdgmda,Bromford Way,52.502945,-1.826469,,,
43000477402,nwmdgmdj,Reynoldstown Road,52.505127,-1.824692,,,
43000477401,nwmdgmdg,Reynoldstown Road,52.504993,-1.824604,,,
43000478101,nwmdgmdm,Sundew Croft,52.505779,-1.816203,,,
43000478102,nwmdgmdp,Sundew Croft,52.506077,-1.817204,,,
43000478202,nwmdgmdw,Sandown Road,52.505836,-1.811312,,,
43000478201,nwmdgmdt,Sandown Road,52.505745,-1.811238,,,
43000478301,nwmdgmga,Folkestone Croft,52.506638,-1.807846,,,
43000478302,nwmdgmgd,Folkestone Croft,52.506683,-1.808111,,,
43000478602,nwmtjwtd,Riddfield Road,52.505692,-1.805758,,,
43000478601,nwmgmwga,Riddfield Road,52.505779,-1.805698,,,
43000478801,nwmdgmja,Millington Road,52.503044,-1.80353,,,
43000478802,nwmdpagp,Millington Road,52.502819,-1.803738,,,
43000478902,nwmtdwtj,Kempson Road,52.505062,-1.805215,,,
43000480102,nwmgmwgj,Wheelwright Road,52.508923,-1.833385,,,
43000480101,nwmgmwgd,Wheelwright Road,52.508949,-1.833149,,,
43000480201,nwmdgmjd,Bromford Lane,52.510139,-1.834485,,,
43000480203,nwmdgmjg,Bromford Lane,52.511784,-1.833359,,,
43000480301,nwmdgmjm,Quilter Road,52.512955,-1.829347,,,
43000480302,nwmtmwjg,Quilter Road,52.512962,-1.828654,,,
43000480401,nwmdgmjp,Inland Road,52.514343,-1.82495,,,
43000480402,nwmdgmjt,Inland Road,52.513321,-1.827282,,,
43000480502,nwmdgmpa,Bracken Road,52.515533,-1.821703,,,
43000480503,nwmtdtad,Bracken Road,52.515461,-1.82244,,,
43000480602,nwmwgajw,Spitfire Road,52.515038,-1.820069,,,
43000480601,nwmptgmg,Spitfire Road,52.515144,-1.819804,,,
43000480903,nwmdgmpd,Burcote Road,52.516712,-1.817734,,,
43000481002,nwmdgmpg,Tangmere Drive,52.512169,-1.797477,,,
43000481102,nwmgmwgp,Bromford Crescent,52.514359,-1.835987,,,
43000481101,nwmgmwgm,Bromford Crescent,52.514908,-1.835926,,,
43000482001,nwmtwgaw,Wood End Road,52.515789,-1.83775,,,
43000482102,nwmgmwgw,Erdington Academy,52.5154,-1.840581,,,
43000482101,nwmgmwgt,Erdington Academy,52.515488,-1.841067,,,
43000482201,nwmgmwja,Rookery Park,52.516365,-1.837763,,,
43000482202,nwmgmwjd,Rookery Park,52.516418,-1.837556,,,
43000482302,nwmgmwjm,Jaffray Crescent,52.518356,-1.841042,,,
43000482301,nwmgmwjg,Jaffray Crescent,52.517941,-1.840189,,,
43000482401,nwmgmwjp,Trafalgar Road,52.519131,-1.841466,,,
43000482402,nwmgmwjt,Trafalgar Road,52.519176,-1.841687,,,
43000482501,nwmgmwjw,Bromford Lane,52.515858,-1.83607,,,
43000482601,nwmgmwma,Spring Lane,52.517391,-1.831555,,,
43000482602,nwmgmwmd,Spring Lane,52.517132,-1.832617,,,
43000482702,nwmgmwmj,Tolworth Hall Road,52.517735,-1.826307,,,
43000482701,nwmgmwmg,Tolworth Hall Road,52.51759,-1.825438,,,
43000483201,nwmgmwmt,Woodacre Road,52.52092,-1.82171,,,
43000483202,nwmgmwmw,Woodacre Road,52.521564,-1.822342,,,
43000483301,nwmgmwpa,Lidl Erdington,52.51746,-1.818527,,,
43000483302,nwmgmwpd,Lidl Erdington,52.517109,-1.818425,,,
43000483403,nwmptgmj,Pype Hayes Road,52.51881,-1.814468,,,
43000483402,nwmgmwpg,Pype Hayes Road,52.519081,-1.814497,,,
43000483501,nwmwadgm,Caters Bridge,52.528694,-1.778489,,,
43000484001,nwmtwtmj,Marshbrook Road,52.524261,-1.808697,,,
43000484101,nwmgmwpj,Egerton Road,52.521099,-1.810391,,,
43000484102,nwmgmwpm,Egerton Road,52.520317,-1.811146,,,
43000484202,nwmgmwpw,Padstow Road,52.52219,-1.808116,,,
43000484201,nwmgmwpt,Padstow Road,52.522308,-1.808499,,,
43000484301,nwmgmwta,Gunter Road,52.523243,-1.807831,,,
43000484302,nwmgmwtd,Gunter Road,52.522594,-1.80611,,,
43000484402,nwmgmwtj,Elmfield Avenue,52.524719,-1.803108,,,
43000484401,nwmgmwtg,Elmfield Avenue,52.524738,-1.80355,,,
43000484501,nwmgmwtm,Hansons Bridge Road,52.526272,-1.801288,,,
43000484502,nwmgmwtp,Hansons Bridge Road,52.527035,-1.801049,,,
43000484601,nwmgmwtw,Opus Aspect,52.520844,-1.802949,,,
43000484602,nwmgpada,Opus Aspect,52.520683,-1.8032,,,
43000484702,nwmdgmpm,TrustFord,52.516808,-1.80895,,,
43000484701,nwmdgmpj,TrustFord,52.517067,-1.809126,,,
43000484802,nwmdgmpw,Ravenside Retail Park,52.517605,-1.806722,,,
43000484801,nwmdgmpt,Ravenside Retail Park,52.518929,-1.803193,,,
43000485001,nwmtwpmw,Allman Road,52.523331,-1.824928,,,
43000485002,nwmtwpta,Allman Road,52.523609,-1.824986,,,
43000485101,nwmdgmta,Jaguar Works,52.517647,-1.799942,,,
43000485102,nwmdgmtd,Jaguar Works,52.5159,-1.79855,,,
43000485201,nwmdgmtg,Tangmere Drive,52.514721,-1.798556,,,
43000485302,nwmgpadj,Avery Croft,52.513866,-1.797057,,,
43000485301,nwmgpadg,Avery Croft,52.514191,-1.796657,,,
43000485502,nwmtgmtp,Stornoway Road,52.524685,-1.77985,,,
43000485501,nwmtgmtm,Stornoway Road,52.524467,-1.779114,,,
43000485801,nwmtwdpt,Brooks Croft,52.514721,-1.793177,,,
43000485902,nwmtgmtj,Heyford Way,52.526592,-1.784439,,,
43000485901,nwmtgmtg,Heyford Way,52.526478,-1.785133,,,
43000486001,nwmgpadm,Renfrew Square,52.524212,-1.785733,,,
43000486002,nwmgpadp,Renfrew Square,52.523941,-1.78541,,,
43000486103,nwmgpadw,Drem Croft,52.516262,-1.793479,,,
43000486102,nwmgpadt,Drem Croft,52.516071,-1.792832,,,
43000486202,nwmgpagd,Round Moor Walk,52.518234,-1.792335,,,
43000486201,nwmgpaga,Round Moor Walk,52.517689,-1.793384,,,
43000486301,nwmgpagj,Watton Green,52.519096,-1.789929,,,
43000486302,nwmgpagm,Watton Green,52.519722,-1.788614,,,
43000486403,nwmgpagt,Merlin Way,52.521778,-1.786629,,,
43000486501,nwmgpagw,Rhoose Croft,52.517029,-1.785311,,,
43000486502,nwmgpaja,Rhoose Croft,52.516651,-1.786492,,,
43000486602,nwmgpajg,St Athan Croft,52.517773,-1.783716,,,
43000486601,nwmgpajd,St Athan Croft,52.518074,-1.782683,,,
43000486702,nwmgpajp,Rawlins Croft,52.519264,-1.779715,,,
43000486701,nwmgpajm,Rawlins Croft,52.519176,-1.780261,,,
43000486802,nwmgpajw,Davenport Drive,52.521923,-1.77839,,,
43000486801,nwmgpajt,Davenport Drive,52.522175,-1.778669,,,
43000486902,nwmgpamd,Squadron Close,52.523235,-1.778089,,,
43000486901,nwmgpama,Squadron Close,52.523399,-1.777985,,,
43000487001,nwmgpamg,Filton Croft,52.524658,-1.788561,,,
43000487002,nwmgpamj,Filton Croft,52.524448,-1.788031,,,
43000487101,nwmgpamp,Tyburn House Island,52.519768,-1.799151,,,
43000487102,nwmgpamt,Tyburn House Island,52.520134,-1.798693,,,
43000487202,nwmgpapa,Yatesbury Avenue,52.522339,-1.794924,,,
43000487201,nwmgpamw,Yatesbury Avenue,52.523102,-1.794213,,,
43000487301,nwmgpapd,Hansons Bridge Road,52.524052,-1.791762,,,
43000487302,nwmgpapg,Hansons Bridge Road,52.524921,-1.790785,,,
43000487401,nwmgpapj,Forge Lane,52.527027,-1.785572,,,
43000487402,nwmgpapm,Forge Lane,52.526711,-1.78494,,,
43000488101,nwmgpata,Pype Hayes Park,52.526314,-1.811031,,,
43000488102,nwmgpatd,Pype Hayes Park,52.526268,-1.810604,,,
43000488202,nwmgpatj,Little Pitts Close,52.527866,-1.8144,,,
43000488201,nwmgpatg,Little Pitts Close,52.528378,-1.815577,,,
43000488301,nwmgpatm,Pitts Farm Road,52.529114,-1.819274,,,
43000488302,nwmgpatp,Pitts Farm Road,52.529411,-1.819538,,,
43000488502,nwmgpawg,Poppy Lane,52.527355,-1.820947,,,
43000488501,nwmgpawd,Poppy Lane,52.527431,-1.819915,,,
43000488602,nwmwgagj,Springthorpe Road,52.525055,-1.816181,,,
43000488601,nwmptgmt,Springthorpe Road,52.525017,-1.816284,,,
43000489102,nwmgpawm,Holly Lane,52.526482,-1.827879,,,
43000489101,nwmgpawj,Holly Lane,52.526581,-1.827657,,,
43000489201,nwmgpawp,Moor End Lane,52.52607,-1.828264,,,
43000489202,nwmtwpmt,Moor End Lane,52.525394,-1.827677,,,
43000489301,nwmgpawt,Hart Road,52.527058,-1.83305,,,
43000500102,nwmdgmtm,Salford Circus,52.510162,-1.858223,,,
43000500101,nwmdgmtj,Salford Circus,52.509811,-1.857885,,,
43000500201,nwmdgmtp,Armada Close,52.51059,-1.85579,,,
43000500301,nwmdgmtw,Hillaries Road,52.513145,-1.851744,,,
43000500402,nwmdgmwd,Hunton Hill,52.515041,-1.850353,,,
43000500401,nwmdgmwa,Hunton Hill,52.514431,-1.850561,,,
43000500502,nwmdgmwj,St Mary & St John Church,52.516388,-1.849051,,,
43000500501,nwmdgmwg,St Mary & St John Church,52.517117,-1.84868,,,
43000500601,nwmgpdad,Wheelwright Road,52.51363,-1.848265,,,
43000500602,nwmgpdag,Wheelwright Road,52.514057,-1.847659,,,
43000500701,nwmgpdaj,Wood End Lane,52.515511,-1.844412,,,
43000500702,nwmgpdam,Wood End Lane,52.515476,-1.843955,,,
43000500801,nwmgpdap,Six Ways Erdington,52.521481,-1.84417,,,
43000501101,nwmdgmwm,Fentham Road,52.519711,-1.84646,,,
43000501102,nwmdgmwp,Fentham Road,52.519299,-1.846992,,,
43000501201,nwmdgmwt,Six Ways,52.522549,-1.84368,,,
43000501302,nwmdgpag,Barnabas Road,52.524288,-1.840578,,,
43000501301,nwmdgpad,Barnabas Road,52.524361,-1.840991,,,
43000501402,nwmdgpam,New Street,52.5256,-1.83848,,,
43000501401,nwmdgpaj,New Street,52.525394,-1.838864,,,
43000501503,nwmdgpaw,Wilton Road,52.526173,-1.837947,,,
43000501901,nwmgpdat,Highcroft Road,52.522892,-1.850503,,,
43000502101,nwmgpdgd,Erdington Fire Station,52.526379,-1.836045,,,
43000502102,nwmgpdgj,Erdington Fire Station,52.526367,-1.835839,,,
43000502202,nwmdgpdg,Orchard Road,52.529232,-1.834074,,,
43000502201,nwmdgpda,Orchard Road,52.528957,-1.834768,,,
43000502302,nwmdgpdm,Fairbourne Tower,52.531109,-1.831693,,,
43000502301,nwmdgpdj,Fairbourne Tower,52.530659,-1.831975,,,
43000502403,nwmgpdgp,Yenton Primary Sch,52.531315,-1.824292,,,
43000502402,nwmgpdgm,Yenton Primary Sch,52.531124,-1.824543,,,
43000502503,nwmgpdgt,The Yenton,52.533577,-1.829635,,,
43000502505,nwmgpdja,The Yenton,52.53318,-1.828191,,,
43000502605,nwmdgpdw,Harman Road,52.535221,-1.827505,,,
43000502601,nwmdgpdp,Harman Road,52.534332,-1.827863,,,
43000502801,nwmgpdjm,Berwood Gardens,52.530224,-1.821982,,,
43000502901,nwmdgpgd,Edwards Road,52.527519,-1.836174,,,
43000503101,nwmgpdjt,Salford Circus,52.510818,-1.85912,,,
43000503102,nwmgpdjw,Salford Circus,52.51133,-1.859044,,,
43000503202,nwmgpdmd,George Road,52.51424,-1.857134,,,
43000503201,nwmgpdma,George Road,52.513893,-1.857533,,,
43000503301,nwmgpdmg,St Thomas Road,52.516605,-1.855947,,,
43000503302,nwmgpdmj,St Thomas Road,52.517296,-1.856299,,,
43000503402,nwmgpdmt,Victoria Road,52.520111,-1.857144,,,
43000503401,nwmgpdmp,Victoria Road,52.518997,-1.856897,,,
43000503501,nwmgpdmw,Frances Road,52.521706,-1.858023,,,
43000503502,nwmgpdpa,Frances Road,52.522442,-1.85836,,,
43000503701,nwmdgpgj,Kentmere Tower,52.532761,-1.829667,,,
43000503702,nwmdgpgm,Kentmere Tower,52.532887,-1.829962,,,
43000503804,nwmdgpgt,The Mount,52.511845,-1.853414,,,
43000503803,nwmdgpgp,The Mount,52.511909,-1.852986,,,
43000503902,nwmgpdpd,Gravelly Hill,52.513,-1.850684,,,
43000504303,nwmgpdtd,Milverton Road,52.522572,-1.847851,,,
43000504302,nwmgpdta,Milverton Road,52.52261,-1.84956,,,
43000504402,nwmgpdtj,Northcroft Hospital,52.52375,-1.855187,,,
43000504401,nwmgpdtg,Northcroft Hospital,52.523941,-1.855658,,,
43000504502,nwmgpdtp,Reservoir Road,52.524097,-1.85918,,,
43000504501,nwmgpdtm,Reservoir Road,52.523891,-1.859387,,,
43000504601,nwmgpdtw,Marsh Hill,52.525402,-1.859338,,,
43000504702,nwmgpdwd,Blounts Road,52.526928,-1.858714,,,
43000504701,nwmgpdwa,Blounts Road,52.526993,-1.859112,,,
43000505102,nwmgpdwm,Goosemoor Lane,52.533123,-1.839425,,,
43000505101,nwmgpdwj,Goosemoor Lane,52.53326,-1.839543,,,
43000505202,nwmgpdwt,Somerset Road,52.531338,-1.84095,,,
43000505201,nwmgpdwp,Somerset Road,52.530979,-1.841217,,,
43000505301,nwmgpgad,Station Road,52.527573,-1.842011,,,
43000505302,nwmgpgag,Station Road,52.52874,-1.841417,,,
43000505402,nwmgpgam,Marsh Lane,52.528599,-1.843614,,,
43000505401,nwmgpgaj,Marsh Lane,52.528412,-1.8436,,,
43000506101,nwmgpgap,Madehurst Road,52.533306,-1.847695,,,
43000506102,nwmtmjwm,Madehurst Road,52.53355,-1.847901,,,
43000506202,nwmgpgaw,Jerry's Lane,52.535034,-1.848176,,,
43000506201,nwmgpgat,Jerry's Lane,52.53508,-1.848338,,,
43000506304,nwmtwjpa,Witton Lodge Road,52.537823,-1.849331,,,
43000506303,nwmgpgda,Witton Lodge Road,52.537956,-1.849212,,,
43000506401,nwmgpgdg,The Greyhound,52.541382,-1.849805,,,
43000506402,nwmwapgm,The Greyhound,52.540771,-1.849925,,,
43000506602,nwmtjgdp,Gravelly Lane,52.533188,-1.839941,,,
43000506601,nwmgpgdm,Gravelly Lane,52.533459,-1.840161,,,
43000506701,nwmgpgdp,Topcroft Road,52.535248,-1.840804,,,
43000506702,nwmtjgdt,Topcroft Road,52.5354,-1.8407,,,
43000506801,nwmgpgdt,Kirkwood Avenue,52.536709,-1.843437,,,
43000506802,nwmtjgdw,Kirkwood Avenue,52.536835,-1.843466,,,
43000506901,nwmwgajd,Bowling Green Close,52.537209,-1.847387,,,
43000506902,nwmwgajg,Bowling Green Close,52.537395,-1.847327,,,
43000507102,nwmgpgja,Hailsham Road,52.529186,-1.84681,,,
43000507101,nwmgpgdw,Hailsham Road,52.529186,-1.846324,,,
43000507202,nwmgpgjg,Anderson Road,52.530334,-1.85114,,,
43000507201,nwmgpgjd,Anderson Road,52.530163,-1.850256,,,
43000507301,nwmgpgjm,Court Farm Road,52.531204,-1.854911,,,
43000507302,nwmgpgjp,Court Farm Road,52.531013,-1.854499,,,
43000507402,nwmgpgjw,Edgware Road,52.529312,-1.858853,,,
43000507401,nwmgpgjt,Edgware Road,52.529102,-1.858486,,,
43000507502,nwmgpgma,Streetly Road,52.531475,-1.857505,,,
43000507504,nwmgpgmd,Streetly Road,52.531372,-1.859613,,,
43000507602,nwmgpgmg,Bleak Hill Road,52.531734,-1.862059,,,
43000507702,nwmgpgmp,The Briars,52.533993,-1.857674,,,
43000507701,nwmgpgmj,The Briars,52.533058,-1.857691,,,
43000507801,nwmgpgmt,Chipstead Road,52.535477,-1.857271,,,
43000507802,nwmgpgmw,Chipstead Road,52.535709,-1.857417,,,
43000508001,nwmwgmat,Old Beeches,52.540855,-1.860836,,,
43000508102,nwmwtwpt,Archers Close,52.542126,-1.861584,,,
43000508101,nwmwgmaw,Archers Close,52.542007,-1.861747,,,
43000510002,nwmtjtmj,Hurstwood Road,52.54282,-1.864369,,,
43000510001,nwmgpgpa,Hurstwood Road,52.54274,-1.864325,,,
43000510101,nwmgpgpd,Chester Road,52.545994,-1.857236,,,
43000510102,nwmgpgpg,Chester Road,52.545876,-1.857001,,,
43000510201,nwmgpgpj,Twickenham Road,52.543476,-1.864912,,,
43000510202,nwmgpgpm,Twickenham Road,52.543575,-1.865369,,,
43000510302,nwmgpgpw,Epsom Grove,52.542366,-1.86813,,,
43000510301,nwmgpgpt,Epsom Grove,52.54216,-1.868042,,,
43000510401,nwmgpgta,Brackenbury Road,52.540722,-1.869521,,,
43000510402,nwmgpgtd,Brackenbury Road,52.540131,-1.870349,,,
43000510502,nwmgpgtj,Weycroft Road,52.538074,-1.87205,,,
43000510501,nwmgpgtg,Weycroft Road,52.538155,-1.872345,,,
43000510602,nwmtjtmp,Witton Lodge Road,52.538513,-1.861949,,,
43000510601,nwmgpgtm,Witton Lodge Road,52.538288,-1.861581,,,
43000510702,nwmtpjaj,Maxted Road,52.539383,-1.861652,,,
43000510701,nwmgpgtp,Maxted Road,52.539318,-1.861504,,,
43000511001,nwmtjdpd,Witton Lodge Road,52.537624,-1.857544,,,
43000511101,nwmgpgwd,Flackwell Road,52.537941,-1.85166,,,
43000511102,nwmgpgwg,Flackwell Road,52.537861,-1.851926,,,
43000511201,nwmgpgwj,Abbeyfield Road,52.538136,-1.855522,,,
43000511202,nwmgpgwm,Abbeyfield Road,52.538017,-1.854756,,,
43000511301,nwmgpgwp,Sheddington Road,52.538048,-1.856717,,,
43000511302,nwmgpgwt,Sheddington Road,52.538139,-1.858058,,,
43000511402,nwmgpjag,Turfpits Lane,52.538025,-1.860078,,,
43000511401,nwmgpjad,Turfpits Lane,52.537952,-1.859622,,,
43000511502,nwmgpjam,Capilano Road,52.537426,-1.863928,,,
43000511501,nwmgpjaj,Capilano Road,52.537334,-1.863781,,,
43000511602,nwmgpjat,The Circle,52.537384,-1.866745,,,
43000511601,nwmgpjap,The Circle,52.536324,-1.867205,,,
43000511702,nwmgpjda,Hastings Road,52.53632,-1.869844,,,
43000511701,nwmgpjaw,Hastings Road,52.536255,-1.870876,,,
43000511802,nwmtpjdt,Chipstead Road,52.535229,-1.852244,,,
43000511901,nwmgpjdj,Hales Gardens,52.539246,-1.865574,,,
43000512101,nwmgpjdm,Dovedale Road,52.532581,-1.864681,,,
43000512102,nwmgpjdp,Dovedale Road,52.533058,-1.865785,,,
43000512201,nwmgpjdt,Buxton Road,52.53389,-1.869394,,,
43000512202,nwmgpjdw,Buxton Road,52.534206,-1.870145,,,
43000512302,nwmtpwpt,Langholm Drive,52.544228,-1.860973,,,
43000512301,nwmtpwpm,Langholm Drive,52.544453,-1.861223,,,
43000512401,nwmtwdpw,Chaceley Grove,52.536747,-1.853286,,,
43000512402,nwmtwdta,Chaceley Grove,52.53727,-1.853387,,,
43000512601,nwmtwtdj,Little Owl Close,52.540066,-1.868786,,,
43000512802,nwmtwtga,Maxted Road,52.540943,-1.864286,,,
43000512902,nwmdpjwd,Plumstead Road,52.541363,-1.871805,,,
43000512901,nwmdpjwa,Plumstead Road,52.541317,-1.8721,,,
43000513102,nwmgpjgd,Bleak Hill Road,52.524673,-1.86158,,,
43000513101,nwmgpjga,Bleak Hill Road,52.524757,-1.863865,,,
43000513201,nwmgpjgj,Woolmore Road,52.524826,-1.868036,,,
43000513202,nwmgpjgm,Woolmore Road,52.524529,-1.867668,,,
43000515101,nwmgpjgt,Gipsy Lane,52.523357,-1.871489,,,
43000515102,nwmgpjgw,Gipsy Lane,52.523888,-1.871606,,,
43000515201,nwmgpjma,North Park Road,52.522038,-1.875266,,,
43000515204,nwmgpjmg,North Park Road,52.522224,-1.873526,,,
43000515202,nwmgpjmd,North Park Road,52.522083,-1.875104,,,
43000515301,nwmgpjmj,Farley Road,52.524998,-1.876245,,,
43000515302,nwmgpjmp,Farley Road,52.525429,-1.876789,,,
43000515402,nwmgpjmw,Gipsy Lane,52.528309,-1.878742,,,
43000515401,nwmgpjmt,Gipsy Lane,52.528065,-1.878462,,,
43000515502,nwmgpjpd,Ercall Close,52.530666,-1.879575,,,
43000515501,nwmgpjpa,Ercall Close,52.531223,-1.879972,,,
43000516103,nwmgpjpj,Hawthorn Road,52.535145,-1.875774,,,
43000516105,nwmgpjpm,Hawthorn Road,52.536098,-1.874621,,,
43000516202,nwmtjdjw,Lyndham Close,52.534008,-1.878814,,,
43000516201,nwmgpjpw,Lyndham Close,52.534374,-1.878253,,,
43000516301,nwmgpjta,The Ridgeway,52.533508,-1.881631,,,
43000516302,nwmgpjtd,The Ridgeway,52.533344,-1.88147,,,
43000516402,nwmgpjtj,Warren Road,52.539009,-1.881484,,,
43000516401,nwmgpjtg,Warren Road,52.538353,-1.880188,,,
43000516501,nwmgpjtm,Hawthorn Road,52.535423,-1.874535,,,
43000516601,nwmgpjtp,Crossways,52.535812,-1.875831,,,
43000520101,nwmtmajt,Moor Lane,52.532234,-1.886485,,,
43000520102,nwmgpjwa,Moor Lane,52.53204,-1.886485,,,
43000520201,nwmdgpgw,Elmbridge Road,52.531441,-1.890423,,,
43000520202,nwmdgpja,Elmbridge Road,52.531376,-1.890865,,,
43000520302,nwmdgpjg,Crossway Lane,52.534622,-1.889221,,,
43000520301,nwmdgpjd,Crossway Lane,52.534557,-1.889663,,,
43000520401,nwmdgpjm,Greenholm Road,52.537075,-1.888271,,,
43000520402,nwmdgpjp,Greenholm Road,52.536274,-1.888966,,,
43000520503,nwmgpjwd,Kingstanding Road,52.530846,-1.889673,,,
43000520504,nwmgpjwg,Kingstanding Road,52.530979,-1.889879,,,
43000520904,nwmdgpjw,Westward Close,52.540668,-1.885578,,,
43000521002,nwmgpjwm,Chingford Road,52.541592,-1.884175,,,
43000521001,nwmgpjwj,Chingford Road,52.541672,-1.884337,,,
43000521101,nwmdgpmd,Melverley Grove,52.539734,-1.886731,,,
43000521102,nwmdgpmg,Melverley Grove,52.538853,-1.886984,,,
43000521201,nwmdgpmj,Dyas Road,52.542259,-1.885515,,,
43000521301,nwmgpjwp,Hawthorn Road Shops,52.540974,-1.884545,,,
43000521302,nwmgpjwt,Hawthorn Road Shops,52.540962,-1.88425,,,
43000521401,nwmdgpmt,Hotspur Road,52.544228,-1.885584,,,
43000521402,nwmdgpmw,Hotspur Road,52.543526,-1.885069,,,
43000521502,nwmdgptd,Rushden Croft,52.546814,-1.884633,,,
43000521501,nwmdgpta,Rushden Croft,52.547527,-1.884793,,,
43000521602,nwmgpmag,Atlantic Road,52.541782,-1.886136,,,
43000521601,nwmgpmad,Atlantic Road,52.542007,-1.887683,,,
43000521701,nwmgpmaj,Birdbrook Road,52.543377,-1.89054,,,
43000521702,nwmgpmam,Birdbrook Road,52.543766,-1.891424,,,
43000522101,nwmgpmaw,Danesbury Crescent,52.542309,-1.881003,,,
43000522102,nwmgpmda,Danesbury Crescent,52.542278,-1.87829,,,
43000522201,nwmgpmdg,RC Primary School,52.543114,-1.876297,,,
43000522301,nwmgpmdj,Brackenbury Road,52.543758,-1.874039,,,
43000522302,nwmgpmdm,Brackenbury Road,52.543919,-1.874142,,,
43000522401,nwmgpmdp,Ensdon Grove,52.545826,-1.873546,,,
43000522402,nwmgpmdt,Ensdon Grove,52.546021,-1.873561,,,
43000522502,nwmgpmga,Finchley Road,52.546867,-1.872275,,,
43000522501,nwmgpmdw,Finchley Road,52.546982,-1.872275,,,
43000522601,nwmgpmgd,Sidcup Road,52.548656,-1.873184,,,
43000522602,nwmtgjpa,Sidcup Road,52.547874,-1.872523,,,
43000522903,nwmgpmgj,Hornsey Road,52.550545,-1.873975,,,
43000522904,nwmgpmgm,Hornsey Road,52.550632,-1.874122,,,
43000523002,nwmgpmgt,Kingstanding Circle Eastside,52.552837,-1.883083,,,
43000523001,nwmgpmgp,Kingstanding Circle Eastside,52.55246,-1.881978,,,
43000523102,nwmdgptg,Queslett Road,52.556194,-1.897691,,,
43000523203,nwmgpmgw,Kingstanding Road,52.557297,-1.884001,,,
43000523204,nwmgpmja,Kingstanding Road,52.557442,-1.884634,,,
43000523302,nwmgpmjg,Tottenham Crescent,52.549721,-1.867739,,,
43000523301,nwmgpmjd,Tottenham Crescent,52.549816,-1.867296,,,
43000523507,nwmgpmjm,Kingstanding Police Station,52.553684,-1.884364,,,
43000523508,nwmgpmjp,Kingstanding Police Station,52.553757,-1.883862,,,
43000523607,nwmtgjpd,Kingstanding Circle Westside,52.553379,-1.88581,,,
43000523606,nwmgpmjt,Kingstanding Circle Westside,52.553127,-1.885486,,,
43000523701,nwmtwtgp,Kings Road,52.552723,-1.884086,,,
43000523801,nwmgpmjw,Deers Leap,52.560776,-1.892296,,,
43000523802,nwmgpmpa,Deers Leap,52.560738,-1.891913,,,
43000523901,nwmtwaga,Winterton Road,52.554478,-1.878344,,,
43000523902,nwmtwagd,Winterton Road,52.554451,-1.87802,,,
43000524001,nwmtwmwa,Lindens Drive,52.563091,-1.88996,,,
43000524002,nwmwamtp,Lindens Drive,52.563396,-1.890077,,,
43000524101,nwmgpmpd,Finchley Road,52.550724,-1.873016,,,
43000524102,nwmgpmpg,Finchley Road,52.550995,-1.873384,,,
43000524201,nwmgpmpj,Carshalton Road,52.551826,-1.878809,,,
43000524202,nwmgpmpm,Carshalton Road,52.552269,-1.880105,,,
43000524302,nwmdgptm,Harringay Road,52.549717,-1.883917,,,
43000524301,nwmdgptj,Harringay Road,52.550034,-1.884536,,,
43000524405,nwmdgpwa,Kingstanding Library,52.55204,-1.884899,,,
43000524501,nwmgpmpt,Beacon Road,52.558167,-1.882272,,,
43000524502,nwmgpmpw,Beacon Road,52.557331,-1.882938,,,
43000524602,nwmdgpwg,Kingstanding Post Office,52.554008,-1.885248,,,
43000524601,nwmdgpwd,Kingstanding Post Office,52.55373,-1.885131,,,
43000524701,nwmdgpwj,Norbury Road,52.555439,-1.886675,,,
43000524702,nwmdgpwm,Norbury Road,52.555943,-1.886954,,,
43000524801,nwmdgpwp,Bandywood Crescent,52.557014,-1.890167,,,
43000524902,nwmgpmtd,Milnes Walker Court,52.547382,-1.894453,,,
43000524901,nwmgpmta,Milnes Walker Court,52.547497,-1.894173,,,
43000525104,nwmwajwj,Bandywood Road,52.557888,-1.892421,,,
43000525102,nwmdgpwt,Bandywood Road,52.558868,-1.892611,,,
43000525202,nwmdgtaj,Copthorne Road,52.556686,-1.895965,,,
43000525201,nwmdgtag,Copthorne Road,52.556984,-1.8953,,,
43000525301,nwmgpmtj,Shady Lane,52.554554,-1.892238,,,
43000525302,nwmgpmtm,Shady Lane,52.554501,-1.891161,,,
43000525401,nwmdgtam,Queslett Road,52.556187,-1.899211,,,
43000525501,nwmgpmtp,Penge Grove,52.555637,-1.896896,,,
43000525502,nwmgpmtw,Penge Grove,52.555374,-1.896558,,,
43000525601,nwmgpmwa,The Deers Leap,52.560463,-1.893138,,,
43000525602,nwmgpmwd,The Deers Leap,52.560219,-1.892888,,,
43000525701,nwmgpmwg,Etta Grove,52.559666,-1.889747,,,
43000525702,nwmgpmwj,Etta Grove,52.559494,-1.889099,,,
43000525801,nwmgpmwm,Keston Road,52.558315,-1.886638,,,
43000525802,nwmgpmwp,Keston Road,52.558449,-1.886682,,,
43000526001,nwmtwapj,Brompton Road,52.557556,-1.893012,,,
43000526101,nwmgptad,Cranleigh Place,52.52951,-1.895749,,,
43000526102,nwmgptag,Cranleigh Place,52.529503,-1.895926,,,
43000526201,nwmgptaj,Perry Locks,52.531696,-1.896496,,,
43000526202,nwmgptam,Perry Locks,52.531734,-1.896702,,,
43000526301,nwmgptap,Thornbridge Avenue,52.53503,-1.896916,,,
43000526302,nwmgptat,Thornbridge Avenue,52.53603,-1.897695,,,
43000526402,nwmgptda,Burnham Road,52.537945,-1.89626,,,
43000526401,nwmgptaw,Burnham Road,52.537674,-1.896806,,,
43000527002,nwmgptdj,Felstone Road,52.548641,-1.89619,,,
43000527001,nwmgptdg,Felstone Road,52.548767,-1.896736,,,
43000527102,nwmgptdp,Drakes Drum,52.54007,-1.898732,,,
43000527101,nwmgptdm,Drakes Drum,52.53978,-1.897406,,,
43000527202,nwmgptdw,Scarsdale Road,52.541786,-1.901441,,,
43000527201,nwmgptdt,Scarsdale Road,52.541553,-1.901427,,,
43000527301,nwmgptga,Malthouse Lane,52.543076,-1.902411,,,
43000527401,nwmgptgj,Great Barr School,52.54623,-1.903746,,,
43000527402,nwmgptgm,Great Barr School,52.545986,-1.903702,,,
43000527602,nwmgptjd,Darleydale Avenue,52.544426,-1.895404,,,
43000527601,nwmgptja,Darleydale Avenue,52.544361,-1.895596,,,
43000527702,nwmgptjm,Glenmead Road,52.543854,-1.901038,,,
43000527701,nwmgptjg,Glenmead Road,52.543865,-1.900611,,,
43000527802,nwmgptjp,Oaks Medical Centre,52.55064,-1.898073,,,
43000527803,nwmgptjt,Oaks Medical Centre,52.550396,-1.897749,,,
43000527902,nwmtgjpg,Randwick Grove,52.550426,-1.90179,,,
43000527901,nwmgptjw,Randwick Grove,52.550282,-1.901997,,,
43000528002,nwmgptmd,The Kingfisher,52.545567,-1.894708,,,
43000528001,nwmgptma,The Kingfisher,52.546341,-1.894633,,,
43000529102,nwmgptmw,Brackenfield Road,52.552589,-1.908334,,,
43000529101,nwmgptmt,Brackenfield Road,52.552185,-1.907656,,,
43000530101,nwmdgtap,Cliveden Avenue,52.520409,-1.90037,,,
43000530102,nwmdgtat,Cliveden Avenue,52.521263,-1.901031,,,
43000530202,nwmdgtda,Glendower Road,52.52351,-1.901792,,,
43000530201,nwmdgtaw,Glendower Road,52.52317,-1.90194,,,
43000530302,nwmdgtdj,The Tennis Court,52.525482,-1.904809,,,
43000530301,nwmdgtdg,The Tennis Court,52.525105,-1.903837,,,
43000530401,nwmdgtdm,Perry Avenue,52.527409,-1.907856,,,
43000530402,nwmdgtdp,Perry Avenue,52.527832,-1.907929,,,
43000530502,nwmdgtdw,Rocky Lane,52.529461,-1.910992,,,
43000530501,nwmdgtdt,Rocky Lane,52.529263,-1.910137,,,
43000530602,nwmdgtgd,Perry Park Crescent,52.530613,-1.912714,,,
43000530601,nwmdgtga,Perry Park Crescent,52.530296,-1.911624,,,
43000530702,nwmdgtgm,Gainsborough Road,52.533009,-1.916321,,,
43000530701,nwmdgtgj,Gainsborough Road,52.532978,-1.915879,,,
43000530802,nwmdgtgt,Tower Hill,52.534924,-1.919192,,,
43000530801,nwmdgtgp,Tower Hill,52.534492,-1.918073,,,
43000530901,nwmdpmaw,Foden Road,52.535919,-1.915873,,,
43000530902,nwmdpdjd,Foden Road,52.535892,-1.91608,,,
43000531102,nwmgptpj,Thornbridge Avenue,52.538242,-1.910944,,,
43000531201,nwmgptpm,Longstone Road,52.536236,-1.90713,,,
43000531202,nwmtgjpj,Longstone Road,52.536263,-1.906525,,,
43000531301,nwmgptpt,Grindleford Road,52.537987,-1.90403,,,
43000531302,nwmtpamd,Grindleford Road,52.53804,-1.904207,,,
43000531501,nwmgptwd,Monsal Road,52.53791,-1.910503,,,
43000531601,nwmgptwg,Great Barr Baths,52.538273,-1.912463,,,
43000532101,nwmdgtgw,Booths Farm Road,52.538044,-1.923093,,,
43000532102,nwmdgtja,Booths Farm Road,52.538513,-1.923977,,,
43000532201,nwmdgtjd,Stanford Avenue,52.539909,-1.92514,,,
43000532202,nwmdgtjg,Stanford Avenue,52.540215,-1.925847,,,
43000532302,nwmdgtjp,Old Walsall Road,52.542786,-1.928497,,,
43000532301,nwmdgtjm,Old Walsall Road,52.542122,-1.92838,,,
43000532401,nwmgptwj,Foden Road,52.539322,-1.921278,,,
43000532902,nwmwagdp,University Campus,52.516228,-1.93685,,,
43000532901,nwmwadtp,University Campus,52.515659,-1.936262,,,
43000533101,nwmgptwm,Fowlmere Road,52.540703,-1.918651,,,
43000533201,nwmgptwp,Booths Farm Road,52.541664,-1.91657,,,
43000533301,nwmgptwt,Turnberry Woods,52.539883,-1.914553,,,
43000534002,nwmdpmdm,Everest Road,52.521183,-1.92467,,,
43000534001,nwmdpmdj,Everest Road,52.520939,-1.924656,,,
43000534102,nwmdgtjw,Selborne Road,52.515877,-1.924252,,,
43000534101,nwmdgtjt,Selborne Road,52.515366,-1.923575,,,
43000534202,nwmdgtmd,Devonshire Road,52.517254,-1.92615,,,
43000534201,nwmdgtma,Devonshire Road,52.517372,-1.926106,,,
43000534302,nwmdgtmj,Somerset Road,52.518459,-1.929228,,,
43000534301,nwmdgtmg,Somerset Road,52.518848,-1.929758,,,
43000534401,nwmdgtmp,Englestede Close,52.520267,-1.931672,,,
43000534502,nwmtwtwt,Tame Grove,52.522301,-1.931153,,,
43000534501,nwmdgtmt,Tame Grove,52.522121,-1.93136,,,
43000534602,nwmdpmdt,Grestone School,52.522881,-1.938374,,,
43000534601,nwmdpmdp,Grestone School,52.522869,-1.938241,,,
43000534701,nwmdpmdw,Ashcombe Avenue,52.518349,-1.938734,,,
43000534702,nwmdpmga,Ashcombe Avenue,52.518356,-1.938734,,,
43000534901,nwmdpmgd,Romilly Avenue,52.516285,-1.917119,,,
43000534902,nwmdpmgj,Romilly Avenue,52.516212,-1.917163,,,
43000535001,nwmdpmgm,Vernon Avenue,52.52483,-1.935866,,,
43000535002,nwmdpmgp,Vernon Avenue,52.524273,-1.935542,,,
43000535101,nwmdgtmw,Vernon Avenue,52.524315,-1.930236,,,
43000535201,nwmdgtpd,Beauchamp Avenue,52.527054,-1.928817,,,
43000535202,nwmdgtpg,Beauchamp Avenue,52.5261,-1.929364,,,
43000535302,nwmdgtpm,Austin Way,52.529003,-1.928003,,,
43000535301,nwmdgtpj,Austin Way,52.529743,-1.928592,,,
43000535401,nwmgpwag,Parkside Road,52.529739,-1.940104,,,
43000535502,nwmdpmgw,Denewood Avenue,52.514858,-1.922073,,,
43000535501,nwmdpmgt,Denewood Avenue,52.514599,-1.922442,,,
43000539101,nwmgpwdj,Sandwell Road,52.514423,-1.947403,,,
43000539102,nwmgpwdm,Sandwell Road,52.514378,-1.946888,,,
43000539201,nwmgpwdp,The Leverretts,52.51619,-1.952795,,,
43000540001,nwmwatjt,Birmingham Road,52.546024,-1.932193,,,
43000540101,nwmgpwdt,Langdale Road,52.534767,-1.930146,,,
43000540102,nwmgpwdw,Langdale Road,52.535019,-1.930278,,,
43000540203,nwmdgtwg,Middlemist Grove,52.533401,-1.931092,,,
43000540201,nwmdgtwa,Middlemist Grove,52.533287,-1.93118,,,
43000540301,nwmgpwga,Spouthouse Lane,52.534386,-1.935439,,,
43000540302,nwmgpwgd,Spouthouse Lane,52.534855,-1.936559,,,
43000540401,nwmgpwgj,James Road,52.535862,-1.941216,,,
43000540402,nwmgpwgm,James Road,52.53616,-1.941466,,,
43000540501,nwmgpwgp,Lingfield Court,52.537331,-1.945932,,,
43000540502,nwmgpwgt,Lingfield Court,52.537331,-1.94549,,,
43000540601,nwmgpwgw,Green Lane,52.538853,-1.949454,,,
43000540603,nwmtgtpw,Green Lane,52.538059,-1.947804,,,
43000540602,nwmgpwja,Green Lane,52.538445,-1.948245,,,
43000540803,nwmtgjpt,Scott Arms,52.545254,-1.932739,,,
43000540802,nwmtgjpw,Scott Arms,52.544388,-1.930868,,,
43000540804,nwmtwpdm,Scott Arms,52.545315,-1.932238,,,
43000540901,nwmdpmjt,Ingram Drive,52.542656,-1.952177,,,
43000540902,nwmdpmjw,Ingram Drive,52.542763,-1.952163,,,
43000541001,nwmdpmpa,Winster Road,52.541019,-1.95066,,,
43000541002,nwmdpmpd,Winster Road,52.541088,-1.950439,,,
43000541101,nwmgpwjd,Dyas Avenue,52.536919,-1.930187,,,
43000541102,nwmgpwjg,Dyas Avenue,52.537197,-1.929995,,,
43000541202,nwmgpwjp,Spouthouse Lane,52.539444,-1.929829,,,
43000541201,nwmgpwjm,Spouthouse Lane,52.539722,-1.929947,,,
43000541302,nwmgpwjw,Walsall Road,52.54213,-1.929368,,,
43000541301,nwmgpwjt,Walsall Road,52.541969,-1.929589,,,
43000542102,nwmgpwmd,Whitecrest,52.546211,-1.926279,,,
43000542101,nwmgpwma,Whitecrest,52.545952,-1.927046,,,
43000542201,nwmgpwmg,Bromford Walk,52.54575,-1.935113,,,
43000542202,nwmgpwmj,Bromford Walk,52.545624,-1.934464,,,
43000542302,nwmgpwmt,Pages Lane,52.5452,-1.938785,,,
43000542301,nwmgpwmp,Pages Lane,52.545479,-1.9379,,,
43000542402,nwmgpwpa,Red House Park,52.54488,-1.941484,,,
43000542401,nwmgpwmw,Red House Park,52.545105,-1.941558,,,
43000542501,nwmdgtwp,Cross Lane,52.547916,-1.935286,,,
43000542502,nwmdgtwt,Cross Lane,52.54797,-1.934918,,,
43000542601,nwmdgwad,Scott Road,52.549316,-1.935904,,,
43000542602,nwmdgwag,Scott Road,52.549721,-1.935652,,,
43000542701,nwmdgwaj,Lochranza Croft,52.551754,-1.935487,,,
43000543101,nwmdgwam,Arran Close,52.554691,-1.934937,,,
43000543202,nwmdgwaw,Chapel Lane,52.557167,-1.936733,,,
43000543201,nwmdgwat,Chapel Lane,52.557598,-1.936703,,,
43000543301,nwmdgwda,Merrions Close,52.559498,-1.940269,,,
43000543302,nwmdgwdg,Merrions Close,52.559425,-1.939252,,,
43000544102,nwmgpwpg,High Beeches,52.544456,-1.944154,,,
43000544101,nwmgpwpd,High Beeches,52.544613,-1.944611,,,
43000544201,nwmgpwpj,Arlen Drive,52.544003,-1.946794,,,
43000545102,nwmgpwpt,Brackendale Drive,52.557533,-1.954742,,,
43000545101,nwmgpwpm,Brackendale Drive,52.55748,-1.956276,,,
43000545202,nwmgpwta,Brindle Road,52.559204,-1.953398,,,
43000545201,nwmgpwpw,Brindle Road,52.559528,-1.953486,,,
43000546201,nwmgpwtp,Bowstoke Road,52.542721,-1.956144,,,
43000546202,nwmgpwtw,Bowstoke Road,52.542961,-1.955908,,,
43000546301,nwmgtada,Ray Hall Lane,52.542324,-1.959373,,,
43000546302,nwmgtadg,Ray Hall Lane,52.541813,-1.960096,,,
43000546402,nwmgtadm,Wigmore Lane,52.538891,-1.964861,,,
43000546401,nwmgtadj,Wigmore Lane,52.539055,-1.965112,,,
43000546501,nwmgtadp,M5 Motorway,52.536736,-1.96759,,,
43000546502,nwmgtadt,M5 Motorway,52.536602,-1.968328,,,
43000550002,nwmtwadj,Kings Oak Development,52.530262,-1.756709,,,
43000550001,nwmgtagm,Kings Oak Development,52.530144,-1.756504,,,
43000550102,nwmgtagt,Severn Trent Water Works,52.523056,-1.773742,,,
43000550101,nwmgtagp,Severn Trent Water Works,52.523315,-1.772856,,,
43000550202,nwmgtaja,Water Orton Lane,52.524567,-1.769018,,,
43000550201,nwmgtagw,Water Orton Lane,52.524773,-1.768457,,,
43000550301,nwmgtajd,Minworth Hall Farm,52.526272,-1.767756,,,
43000550302,nwmgtajg,Minworth Hall Farm,52.52594,-1.767581,,,
43000550402,nwmgtajp,Wiggins Hill Road,52.531101,-1.753874,,,
43000550401,nwmgtajm,Wiggins Hill Road,52.531494,-1.753739,,,
43000550502,nwmgtajw,Sutton Square,52.529503,-1.75978,,,
43000550501,nwmgtajt,Sutton Square,52.529682,-1.759425,,,
43000550601,nwmgtama,Water Orton Lane,52.529121,-1.767137,,,
43000550602,nwmgtamd,Water Orton Lane,52.528976,-1.767226,,,
43000550802,nwmgtamj,Minworth Island,52.530384,-1.774338,,,
43000550801,nwmgtamg,Minworth Island,52.529972,-1.774134,,,
43000550901,nwmdptad,Arbury Walk,52.529648,-1.770112,,,
43000551001,nwmgtamp,Thornley Grove,52.531178,-1.774482,,,
43000551302,nwmgtamw,Forge Croft,52.531666,-1.781761,,,
43000551301,nwmgtamt,Forge Croft,52.532108,-1.78257,,,
43000551401,nwmgtapa,Walmley Ash Lane,52.533558,-1.784007,,,
43000551402,nwmgtapd,Walmley Ash Lane,52.533333,-1.783935,,,
43000551502,nwmdptam,Oak Farm Close,52.539009,-1.791411,,,
43000551501,nwmdptaj,Oak Farm Close,52.538929,-1.791574,,,
43000551601,nwmdptap,Walmley Ash Road,52.535046,-1.785725,,,
43000551602,nwmdpdjg,Walmley Ash Road,52.535107,-1.785857,,,
43000551903,nwmgtapj,Reddicap Shops,52.559788,-1.801861,,,
43000552002,nwmgtapt,Walmley Junior School,52.535824,-1.79004,,,
43000552001,nwmgtapm,Walmley Junior School,52.535355,-1.788775,,,
43000552101,nwmgtapw,Bonner Drive,52.528885,-1.799802,,,
43000552102,nwmgtata,Bonner Drive,52.52866,-1.800201,,,
43000552202,nwmgtatg,Westlands Road,52.531311,-1.799894,,,
43000552201,nwmgtatd,Westlands Road,52.531258,-1.800189,,,
43000552301,nwmgtatj,Orton Avenue,52.534935,-1.800364,,,
43000552302,nwmgtatm,Orton Avenue,52.534943,-1.800055,,,
43000552402,nwmgtatw,Penns Lake Road,52.536659,-1.804396,,,
43000552401,nwmgtatp,Penns Lake Road,52.536919,-1.804041,,,
43000552501,nwmgtawa,Ashurst Road,52.537029,-1.795548,,,
43000552502,nwmgtawd,Ashurst Road,52.536606,-1.793737,,,
43000552602,nwmgtawj,Ashfern Drive,52.537682,-1.797477,,,
43000552601,nwmgtawg,Ashfern Drive,52.538124,-1.798463,,,
43000552701,nwmgtawm,Penns Lane,52.538002,-1.800114,,,
43000552703,nwmgtawp,Penns Lane,52.538898,-1.80042,,,
43000552802,nwmgtawt,Wylde Green Road,52.541039,-1.800115,,,
43000552804,nwmagwmj,Wylde Green Road,52.542091,-1.800096,,,
43000552902,nwmgtdag,Allendale Road,52.542706,-1.802511,,,
43000552901,nwmgtdad,Allendale Road,52.542759,-1.802437,,,
43000553002,nwmgtdam,Stanley Avenue,52.560452,-1.801356,,,
43000553001,nwmgtdaj,Stanley Avenue,52.560413,-1.800899,,,
43000553102,nwmgtdat,Shottery Grove,52.545254,-1.798946,,,
43000553101,nwmgtdap,Shottery Grove,52.544868,-1.798978,,,
43000553201,nwmgtdaw,Cater Drive,52.547321,-1.798097,,,
43000553202,nwmgtdga,Cater Drive,52.547642,-1.79808,,,
43000553301,nwmgtdgd,Willoughby Court,52.550518,-1.796667,,,
43000553302,nwmgtdgj,Willoughby Court,52.550652,-1.796681,,,
43000553401,nwmgtdgm,Signal Hayes Road,52.550671,-1.797403,,,
43000553402,nwmgtdgp,Signal Hayes Road,52.55077,-1.797329,,,
43000553502,nwmgtdgw,Berryfields Road,52.554249,-1.792417,,,
43000553501,nwmgtdgt,Berryfields Road,52.553738,-1.793186,,,
43000553701,nwmgtdja,New Hall Drive,52.553795,-1.798982,,,
43000553702,nwmtpwgw,New Hall Drive,52.553841,-1.798849,,,
43000554001,nwmtpwpw,Asda Superstore,52.531841,-1.779608,,,
43000554002,nwmtpwta,Asda Superstore,52.531769,-1.778636,,,
43000554102,nwmgtdjg,Wimbourne Road,52.557068,-1.789188,,,
43000554101,nwmgtdjd,Wimbourne Road,52.556908,-1.789587,,,
43000554202,nwmgtdjp,Reddicap Heath Road,52.558987,-1.787011,,,
43000554201,nwmgtdjm,Reddicap Heath Road,52.559284,-1.786847,,,
43000554501,nwmtwpja,Walmley Infant School,52.535973,-1.79116,,,
43000554701,nwmtwtpa,Walmley Road,52.558834,-1.801762,,,
43000554802,nwmwajgm,Machin Road,52.525379,-1.84308,,,
43000554801,nwmwajgj,Machin Road,52.525372,-1.842859,,,
43000555102,nwmgtdmd,Fowler Road,52.560726,-1.785011,,,
43000555101,nwmgtdma,Fowler Road,52.561176,-1.784655,,,
43000555201,nwmgtdmg,Holbeche Road,52.563263,-1.784733,,,
43000555202,nwmgtdmj,Holbeche Road,52.563107,-1.783775,,,
43000555301,nwmgtdmp,Churchill Parade,52.563686,-1.790189,,,
43000555401,nwmgtdmt,Ogley Drive,52.563602,-1.794792,,,
43000555402,nwmgtdmw,Ogley Drive,52.563503,-1.794498,,,
43000555602,nwmtgpwp,Repington Way,52.565365,-1.78456,,,
43000555601,nwmgtdpa,Repington Way,52.565575,-1.784559,,,
43000555701,nwmgtdpd,Leigh Road,52.566494,-1.786193,,,
43000555702,nwmtgpjm,Leigh Road,52.566486,-1.78665,,,
43000555802,nwmtgpjg,Horsfall Road,52.56596,-1.79397,,,
43000555803,nwmwgmwt,Horsfall Road,52.565701,-1.794753,,,
43000555901,nwmgtdpj,Glover Road,52.564388,-1.795866,,,
43000555902,nwmtgpjd,Glover Road,52.564308,-1.795777,,,
43000556002,nwmtwjma,Carhampton Road,52.56678,-1.791045,,,
43000556001,nwmtwjgw,Carhampton Road,52.567032,-1.790218,,,
43000556102,nwmgtdpt,Falcon Lodge Crescent,52.566891,-1.792136,,,
43000556101,nwmgtdpm,Falcon Lodge Crescent,52.567135,-1.792504,,,
43000556202,nwmgtdta,St Georges Close,52.567181,-1.794156,,,
43000556201,nwmgtdpw,St Georges Close,52.566967,-1.794806,,,
43000556302,nwmgtdtg,Blakemore Drive,52.566441,-1.798217,,,
43000556301,nwmgtdtd,Blakemore Drive,52.566586,-1.799175,,,
43000556401,nwmgtdtj,West View Road,52.566605,-1.804796,,,
43000557101,nwmgtdtm,Barnard Road,52.570862,-1.802623,,,
43000557102,nwmgtdtp,Barnard Road,52.571743,-1.802678,,,
43000557202,nwmgtdwa,Ludford Close,52.574963,-1.803357,,,
43000557201,nwmgtdtw,Ludford Close,52.574398,-1.80302,,,
43000557301,nwmgtdwd,Ashfurlong Clinic,52.577293,-1.803833,,,
43000557302,nwmgtdwg,Ashfurlong Clinic,52.57793,-1.804258,,,
43000557402,nwmtmpwp,Ashfurlong Hall,52.579803,-1.800679,,,
43000557401,nwmgtdwj,Ashfurlong Hall,52.579868,-1.800782,,,
43000557501,nwmgtdwm,Fox Hill Road,52.587433,-1.788423,,,
43000557502,nwmtjwdp,Fox Hill Road,52.587589,-1.788614,,,
43000557602,nwmgtdwt,Aulton Road,52.587524,-1.804924,,,
43000557601,nwmgtdwp,Aulton Road,52.587624,-1.805116,,,
43000557702,nwmtjmwj,Heath Croft Road,52.583969,-1.807095,,,
43000557701,nwmgtgad,Heath Croft Road,52.584957,-1.807032,,,
43000558002,nwmtamam,Retford Drive Hail+Ride,52.557415,-1.8096,,,
43000558001,nwmtamaj,Retford Drive Hail+Ride,52.557247,-1.809631,,,
43000558102,nwmgtgaj,Sir Alfreds Way,52.556557,-1.8004,,,
43000558101,nwmgtgag,Sir Alfreds Way,52.555721,-1.800109,,,
43000558202,nwmgtgap,Fairfax School,52.561234,-1.796367,,,
43000558201,nwmgtgam,Fairfax School,52.562088,-1.796437,,,
43000558304,nwmgtgat,Owen Court,52.561047,-1.802667,,,
43000558402,nwmgtgda,Reddicap Inn,52.56007,-1.80391,,,
43000558501,nwmgtgdg,Mount View Flats,52.560181,-1.806875,,,
43000558502,nwmgtgdj,Mount View Flats,52.560108,-1.807096,,,
43000558602,nwmgtgdp,Reddicap Trading Estate,52.560829,-1.813097,,,
43000558601,nwmgtgdm,Reddicap Trading Estate,52.560856,-1.812802,,,
43000558702,nwmgtgdw,Norris Way,52.561893,-1.815689,,,
43000558701,nwmgtgdt,Norris Way,52.562145,-1.816056,,,
43000558802,nwmgtgjd,St Chads Church,52.563717,-1.803569,,,
43000558801,nwmgtgja,St Chads Church,52.563267,-1.803527,,,
43000558902,nwmdptgw,John Willmott School,52.560841,-1.797342,,,
43000558901,nwmdptgt,John Willmott School,52.560982,-1.796899,,,
43000559002,nwmtmjgp,Good Hope Hospital,52.568157,-1.809156,,,
43000559001,nwmtmjgm,Good Hope Hospital,52.568077,-1.808861,,,
43000559102,nwmgtgjm,Rehabilitation Centre,52.566784,-1.809354,,,
43000559101,nwmgtgjg,Rehabilitation Centre,52.566517,-1.81117,,,
43000559202,nwmgtgjt,Good Hope Hospital,52.566261,-1.813369,,,
43000559201,nwmgtgjp,Good Hope Hospital,52.566349,-1.813781,,,
43000559302,nwmgtgjw,Riland Road,52.565399,-1.815925,,,
43000559401,nwmgtgma,Coleshill Road,52.56282,-1.816068,,,
43000559402,nwmgtgmd,Coleshill Road,52.563038,-1.816215,,,
43000559702,nwmtamat,Barnard Road,52.572021,-1.807826,,,
43000559701,nwmtamap,Barnard Road,52.571815,-1.808048,,,
43000560001,nwmgtgmg,Penns Hall Hotel,52.535553,-1.80934,,,
43000560002,nwmgtgmj,Penns Hall Hotel,52.535336,-1.809842,,,
43000560102,nwmdgwdm,Little Green Lanes,52.538456,-1.826416,,,
43000560101,nwmdgwdj,Little Green Lanes,52.537907,-1.82661,,,
43000560202,nwmdgwdt,Greenhill Road,52.540398,-1.826231,,,
43000560201,nwmdgwdp,Greenhill Road,52.539577,-1.826176,,,
43000560302,nwmdgwga,Oakhurst Road,52.543076,-1.825085,,,
43000560301,nwmdgwdw,Oakhurst Road,52.542671,-1.825323,,,
43000560402,nwmdgwgj,Green Lanes,52.54649,-1.824541,,,
43000560401,nwmdgwgd,Green Lanes,52.545662,-1.824824,,,
43000560501,nwmgtgmp,The Chase,52.53516,-1.812511,,,
43000560502,nwmgtgmt,The Chase,52.534946,-1.813485,,,
43000560602,nwmgtgpa,Berwood Road,52.534958,-1.815446,,,
43000560601,nwmgtgmw,Berwood Road,52.534988,-1.816449,,,
43000560702,nwmgtgpg,Salisbury Grove,52.535992,-1.820632,,,
43000560701,nwmgtgpd,Salisbury Grove,52.535614,-1.819498,,,
43000560801,nwmgtgpj,Beech Hill Road,52.536331,-1.824036,,,
43000560802,nwmgtgpm,Beech Hill Road,52.536156,-1.821958,,,
43000560901,nwmgtgpt,Webster Close,52.536308,-1.826189,,,
43000561003,nwmgtgpw,Sutton Girls School,52.553875,-1.82873,,,
43000561004,nwmgtgta,Sutton Girls School,52.553879,-1.829157,,,
43000561102,nwmdgwgp,Vesey Road,52.548775,-1.824369,,,
43000561101,nwmdgwgm,Vesey Road,52.547935,-1.82455,,,
43000561201,nwmdgwgt,Monkseaton Road,52.550663,-1.825453,,,
43000561202,nwmdgwgw,Monkseaton Road,52.551914,-1.826421,,,
43000561301,nwmdgwja,Horse and Jockey,52.553299,-1.827567,,,
43000561302,nwmdgwjd,Horse and Jockey,52.552807,-1.827465,,,
43000561604,nwmgtgtd,College Road,52.533157,-1.880763,,,
43000561605,nwmgtgtg,College Road,52.533085,-1.880586,,,
43000561801,nwmtwptm,Fourlands Avenue,52.535332,-1.817376,,,
43000562102,nwmgtgtm,The Green,52.547039,-1.812328,,,
43000562101,nwmgtgtj,The Green,52.54702,-1.812417,,,
43000562202,nwmgtgtw,Recreation Ground,52.549213,-1.813484,,,
43000562201,nwmgtgtp,Recreation Ground,52.549198,-1.813617,,,
43000562301,nwmgtgwa,Rowan Road,52.554234,-1.815985,,,
43000562302,nwmgtgwd,Rowan Road,52.553864,-1.815072,,,
43000562402,nwmgtgwj,Douglas Road,52.555283,-1.818385,,,
43000562401,nwmgtgwg,Douglas Road,52.555553,-1.818738,,,
43000562501,nwmgtgwm,Shirley Drive,52.557453,-1.822477,,,
43000562502,nwmgtgwp,Shirley Drive,52.55761,-1.822948,,,
43000562901,nwmgtjad,Shooters Hill,52.552273,-1.814695,,,
43000562902,nwmtmpgd,Shooters Hill,52.55228,-1.814592,,,
43000563206,nwmgtjap,Boldmere Road,52.537186,-1.837007,,,
43000563205,nwmgtjam,Boldmere Road,52.536922,-1.836831,,,
43000563302,nwmgtjaw,Boldmere Drive,52.539467,-1.836881,,,
43000563301,nwmgtjat,Boldmere Drive,52.539875,-1.837218,,,
43000563402,nwmgtjdg,Boldmere Gardens,52.541088,-1.837627,,,
43000563401,nwmgtjda,Boldmere Gardens,52.541824,-1.838184,,,
43000563501,nwmgtjdj,Station Road,52.543976,-1.839813,,,
43000563502,nwmgtjdm,Station Road,52.54369,-1.839475,,,
43000563602,nwmgtjdt,Cofield Road,52.54538,-1.84025,,,
43000563601,nwmgtjdp,Cofield Road,52.545864,-1.840528,,,
43000563702,nwmgtjga,Highfield Drive,52.538746,-1.840363,,,
43000563701,nwmgtjdw,Highfield Drive,52.538925,-1.840436,,,
43000563801,nwmtamdj,Bishop Walsh School,52.54697,-1.810116,,,
43000563802,nwmtamdm,Bishop Walsh School,52.54681,-1.810471,,,
43000564103,nwmgtjgd,Buckingham Mews,52.552471,-1.832437,,,
43000564104,nwmgtjgj,Buckingham Mews,52.552399,-1.832909,,,
43000564201,nwmgtjgm,Frederick Road,52.551163,-1.836468,,,
43000564202,nwmgtjgp,Frederick Road,52.550976,-1.837044,,,
43000564302,nwmgtjgw,Highbridge Road,52.546997,-1.840687,,,
43000564301,nwmgtjgt,Highbridge Road,52.547554,-1.841068,,,
43000564401,nwmgtjma,Boldmere Road,52.550594,-1.840909,,,
43000564402,nwmgtjmd,Boldmere Road,52.550274,-1.842267,,,
43000564502,nwmgtjmj,Oakwood Road,52.549366,-1.849556,,,
43000564501,nwmgtjmg,Oakwood Road,52.54958,-1.848744,,,
43000565302,nwmgtjpg,Ashdene Close,52.555069,-1.832899,,,
43000565301,nwmgtjpd,Ashdene Close,52.555367,-1.832795,,,
43000566102,nwmgtjpt,Church Road,52.53989,-1.842497,,,
43000566101,nwmgtjpm,Church Road,52.54026,-1.842923,,,
43000566201,nwmgtjpw,Lakehouse Road,52.541683,-1.846206,,,
43000566202,nwmgtjta,Lakehouse Road,52.541504,-1.845514,,,
43000566501,nwmwgptm,Fernwood Road,52.54245,-1.847884,,,
43000567102,nwmgtjtw,Plants Close,52.548771,-1.855295,,,
43000567101,nwmgtjtp,Plants Close,52.548752,-1.854882,,,
43000567201,nwmgtjwa,College Road,52.547119,-1.857218,,,
43000567301,nwmgtjwd,Tesco,52.549126,-1.860175,,,
43000567302,nwmgtjwg,Tesco,52.549171,-1.860514,,,
43000567402,nwmgtjwp,Parkwood Drive,52.551052,-1.862529,,,
43000567401,nwmgtjwm,Parkwood Drive,52.551594,-1.863456,,,
43000567502,nwmgtmad,Greenway Drive,52.553242,-1.865472,,,
43000567501,nwmgtjwt,Greenway Drive,52.553566,-1.865633,,,
43000567601,nwmgtmag,Elizabeth Road,52.549076,-1.86345,,,
43000567602,nwmgtmaj,Elizabeth Road,52.548988,-1.863612,,,
43000567701,nwmgtmam,The Beggars Bush,52.548439,-1.858054,,,
43000567702,nwmgtmap,The Beggars Bush,52.548512,-1.858068,,,
43000568104,nwmgtmaw,Monmouth Drive,52.556202,-1.868324,,,
43000568401,nwmgtmdp,Bakers Lane,52.564602,-1.879998,,,
43000568402,nwmgtmdt,Bakers Lane,52.56472,-1.879821,,,
43000568702,nwmgtmgj,Sutton Park Surgery,52.566254,-1.879462,,,
43000568701,nwmgtmgd,Sutton Park Surgery,52.566849,-1.879505,,,
43000569102,nwmgtmgt,Hollyhurst Road,52.555462,-1.873902,,,
43000569101,nwmgtmgp,Hollyhurst Road,52.555408,-1.874462,,,
43000569202,nwmgtmja,Longmoor Road,52.555435,-1.875746,,,
43000569201,nwmgtmgw,Longmoor Road,52.555653,-1.875789,,,
43000569301,nwmgtmjd,Sutton Park Primary School,52.558056,-1.878718,,,
43000569302,nwmgtmjg,Sutton Park Primary School,52.557991,-1.878777,,,
43000569402,nwmgtmjp,Westwood Road,52.559361,-1.880986,,,
43000569401,nwmgtmjm,Westwood Road,52.55938,-1.881207,,,
43000569501,nwmgtmjt,King George V Field,52.561008,-1.881335,,,
43000569502,nwmgtmjw,King George V Field,52.560711,-1.881321,,,
43000569601,nwmgtmpa,Sutton Oak Corner,52.564053,-1.880944,,,
43000569602,nwmgtmpd,Sutton Oak Corner,52.563999,-1.881047,,,
43000569702,nwmwdwdj,Fawdry Close,52.564083,-1.829252,,,
43000569701,nwmwdwdg,Fawdry Close,52.56411,-1.829399,,,
43000570102,nwmdgwjm,Maney Hill Road,52.555168,-1.827294,,,
43000570101,nwmdgwjg,Maney Hill Road,52.55534,-1.827338,,,
43000570202,nwmdgwjt,Duke Street,52.558109,-1.826944,,,
43000570201,nwmdgwjp,Duke Street,52.557892,-1.826738,,,
43000570302,nwmdgwma,Manor Hill,52.559708,-1.825876,,,
43000570301,nwmdgwjw,Manor Hill,52.559555,-1.826171,,,
43000570502,nwmgtmpm,Wyndley Lane,52.560371,-1.832231,,,
43000570501,nwmgtmpj,Wyndley Lane,52.56039,-1.832526,,,
43000571106,nwmdgwmw,Gracechurch Centre,52.562798,-1.823533,,,
43000571108,nwmdgwpd,Gracechurch Centre,52.563175,-1.823221,,,
43000571109,nwmdgwpg,Gracechurch Centre,52.562786,-1.823341,,,
43000571102,nwmdgwmg,Gracechurch Centre,52.562698,-1.8234,,,
43000571101,nwmdgwmd,Gracechurch Centre,52.562534,-1.823593,,,
43000571103,nwmdgwmj,Gracechurch Centre,52.562931,-1.823208,,,
43000571104,nwmdgwmp,Gracechurch Centre,52.562977,-1.823399,,,
43000571107,nwmdgwpa,Gracechurch Centre,52.563084,-1.823296,,,
43000571301,nwmdgwpj,Trinity Church,52.564754,-1.822389,,,
43000571401,nwmgtmpw,Trinity Hill,52.563313,-1.820743,,,
43000571501,nwmgtmta,Coleshill Street,52.561584,-1.819687,,,
43000571701,nwmdgwpm,Sutton Library,52.562115,-1.823477,,,
43000572002,nwmtamgw,Halton Road,52.551613,-1.849961,,,
43000572001,nwmtamgt,Halton Road,52.551632,-1.849755,,,
43000572102,nwmdgwta,Bishop Vesey's School,52.568333,-1.822802,,,
43000572101,nwmdgwpw,Bishop Vesey's School,52.567993,-1.822745,,,
43000572201,nwmdgwtd,Tamworth Road,52.570454,-1.822691,,,
43000572202,nwmdgwtg,Tamworth Road,52.571392,-1.823469,,,
43000572301,nwmdgwtj,Little Sutton La,52.572922,-1.824186,,,
43000572401,nwmtamja,Bromwich Drive,52.571999,-1.820028,,,
43000572402,nwmtamjd,Bromwich Drive,52.572025,-1.82056,,,
43000572501,nwmtamjg,Knights Wood Close,52.573528,-1.81564,,,
43000572502,nwmtamjm,Knights Wood Close,52.573376,-1.816216,,,
43000572601,nwmtamjp,St Andrews Road,52.575729,-1.810717,,,
43000572602,nwmtamjt,St Andrews Road,52.575569,-1.811514,,,
43000572701,nwmtamjw,Bedford Road,52.57679,-1.808218,,,
43000572702,nwmtampa,Bedford Road,52.576653,-1.80875,,,
43000572801,nwmgtmtd,Clarence Gardens,52.589367,-1.839693,,,
43000572802,nwmgtmtg,Clarence Gardens,52.588951,-1.839118,,,
43000573101,nwmdgwtm,Blackroot Road,52.574795,-1.826303,,,
43000573102,nwmdgwtp,Blackroot Road,52.575062,-1.826789,,,
43000573301,nwmdjadg,Jordan Road,52.581413,-1.828299,,,
43000573302,nwmdjadj,Jordan Road,52.581665,-1.828416,,,
43000573402,nwmtampg,Trinity Road,52.58334,-1.823878,,,
43000573401,nwmtampd,Trinity Road,52.583328,-1.823878,,,
43000573502,nwmtampm,Hayward Road,52.574371,-1.822011,,,
43000573501,nwmtampj,Hayward Road,52.574318,-1.82235,,,
43000573602,nwmtampw,Cremorne Road,52.586174,-1.820827,,,
43000573601,nwmtampt,Cremorne Road,52.586201,-1.820738,,,
43000573902,nwmgtmtw,The Courtyard,52.587486,-1.831316,,,
43000574102,nwmdjadp,Cremorne Road,52.584019,-1.828628,,,
43000574101,nwmdjadm,Cremorne Road,52.583435,-1.828601,,,
43000574202,nwmdjadw,Mere Green Shops,52.586918,-1.829871,,,
43000574201,nwmdjadt,Mere Green Shops,52.587322,-1.830224,,,
43000574501,nwmgtmwt,Holly Lane,52.590225,-1.830641,,,
43000574502,nwmgtpad,Holly Lane,52.590012,-1.830243,,,
43000574601,nwmgtpag,Hill Village Road,52.591305,-1.830622,,,
43000574602,nwmgtpaj,Hill Village Road,52.591225,-1.830947,,,
43000574702,nwmgtpap,Clarence Road,52.586456,-1.835157,,,
43000574701,nwmgtpam,Clarence Road,52.586388,-1.836678,,,
43000574802,nwmgtpaw,Sainsburys,52.587498,-1.827434,,,
43000574801,nwmgtpat,Sainsburys,52.587589,-1.827551,,,
43000575101,nwmgtpdg,Sherifoot Lane,52.592155,-1.82805,,,
43000575102,nwmgtpdj,Sherifoot Lane,52.591995,-1.828435,,,
43000575202,nwmgtpdp,Bodington Road,52.590794,-1.824734,,,
43000575201,nwmgtpdm,Bodington Road,52.590485,-1.823643,,,
43000575301,nwmgtpdt,Tower Road,52.590076,-1.820471,,,
43000575402,nwmgtpga,Clarendon Road,52.588726,-1.818927,,,
43000575401,nwmgtpdw,Clarendon Road,52.588718,-1.819148,,,
43000575502,nwmgtpgj,Little Sutton Road,52.587482,-1.816231,,,
43000575501,nwmgtpgd,Little Sutton Road,52.587463,-1.816496,,,
43000575602,nwmgtpgp,Marlpit Lane,52.588066,-1.81214,,,
43000575601,nwmgtpgm,Marlpit Lane,52.587673,-1.812584,,,
43000575701,nwmgtpgt,Aulton Road,52.58968,-1.808251,,,
43000575702,nwmgtpgw,Aulton Road,52.589832,-1.80735,,,
43000575802,nwmgtpjd,Weeford Road,52.590958,-1.803211,,,
43000575801,nwmgtpja,Weeford Road,52.591084,-1.802945,,,
43000575902,nwmtamtd,Mere Green Road,52.585732,-1.818777,,,
43000576202,nwmgtpjt,Four Oaks Common Road,52.592525,-1.842471,,,
43000576201,nwmgtpjp,Four Oaks Common Road,52.59214,-1.842015,,,
43000576301,nwmgtpjw,White Farm Road,52.596252,-1.844672,,,
43000576302,nwmgtpma,White Farm Road,52.596745,-1.845497,,,
43000576401,nwmgtpmd,Harrison Road,52.598915,-1.847955,,,
43000576402,nwmgtpmg,Harrison Road,52.599483,-1.848455,,,
43000576502,nwmgtpmp,Blackberry Lane,52.601276,-1.850826,,,
43000576501,nwmgtpmj,Blackberry Lane,52.601311,-1.850737,,,
43000576602,nwmtjmja,Station Approach,52.602489,-1.845433,,,
43000576601,nwmgtpmt,Station Approach,52.60257,-1.8453,,,
43000576702,nwmgtpta,Hillmorton Road,52.594189,-1.843454,,,
43000576701,nwmgtpmw,Hillmorton Road,52.593876,-1.84347,,,
43000576801,nwmgtptd,Aylesford Drive,52.597637,-1.84638,,,
43000576802,nwmgtptg,Aylesford Drive,52.597816,-1.846793,,,
43000576901,nwmgtptj,Bradgate Drive,52.601967,-1.849702,,,
43000577101,nwmgtptm,Badgers Bank Road,52.599491,-1.840615,,,
43000577102,nwmgtptp,Badgers Bank Road,52.599407,-1.840188,,,
43000577201,nwmgtptw,Hill Village Road,52.599579,-1.839419,,,
43000577402,nwmgtpwd,Bishops Way,52.600643,-1.842634,,,
43000577401,nwmgtpwa,Bishops Way,52.600662,-1.842471,,,
43000577602,nwmgtpwm,Becket Close,52.603046,-1.838757,,,
43000577601,nwmgtpwj,Becket Close,52.601845,-1.839145,,,
43000577702,nwmgtpwt,Streetly Lane,52.586521,-1.841548,,,
43000577701,nwmgtpwp,Streetly Lane,52.586826,-1.841901,,,
43000577901,nwmtamtg,Roughley Farm,52.592232,-1.801744,,,
43000578104,nwmgtwag,Walsall Road,52.586185,-1.841638,,,
43000578103,nwmgtwad,Walsall Road,52.586277,-1.841637,,,
43000578202,nwmgtwam,Parkfield Lodge,52.587292,-1.846741,,,
43000578201,nwmgtwaj,Parkfield Lodge,52.587444,-1.846504,,,
43000578302,nwmgtwaw,Crown Lane,52.588295,-1.852996,,,
43000578301,nwmgtwap,Crown Lane,52.588287,-1.851815,,,
43000578401,nwmgtwda,Bennett Road,52.588612,-1.855297,,,
43000578402,nwmgtwdg,Bennett Road,52.588577,-1.855903,,,
43000578501,nwmgtwdj,Highbury Road,52.58865,-1.861703,,,
43000578502,nwmgtwdm,Highbury Road,52.588593,-1.86098,,,
43000578601,nwmgtwdp,Knighton Drive,52.587971,-1.844244,,,
43000578602,nwmgtwdt,Knighton Drive,52.587925,-1.843934,,,
43000578702,nwmgtwga,Russell Bank Road,52.590439,-1.849018,,,
43000578701,nwmgtwdw,Russell Bank Road,52.590717,-1.849253,,,
43000578801,nwmgtwgd,Russell Bank Road,52.593086,-1.853319,,,
43000578802,nwmgtwgj,Russell Bank Road,52.59325,-1.853437,,,
43000578902,nwmgtwgp,Edge Hill Road,52.594627,-1.855927,,,
43000578901,nwmgtwgm,Edge Hill Road,52.594368,-1.855264,,,
43000580401,nwmtwgag,Blackwood Drive,52.575695,-1.889707,,,
43000580501,nwmwagag,Mayfield Road,52.577347,-1.886471,,,
43000581002,nwmwamwm,The Streetly Academy,52.570831,-1.880689,,,
43000581001,nwmwamwj,The Streetly Academy,52.570553,-1.880734,,,
43000581101,nwmgtwgt,Boundary Road,52.573326,-1.882173,,,
43000581102,nwmgtwgw,Boundary Road,52.572975,-1.881775,,,
43000581202,nwmgtwjd,Kingscroft Road,52.575817,-1.883524,,,
43000581201,nwmgtwja,Kingscroft Road,52.574944,-1.882833,,,
43000581301,nwmgtwjg,Manor Road,52.578381,-1.884816,,,
43000581302,nwmgtwjm,Manor Road,52.57674,-1.883846,,,
43000581401,nwmgtwjp,The Milestone,52.5807,-1.885636,,,
43000581402,nwmgtwjt,The Milestone,52.580662,-1.885415,,,
43000581501,nwmgtwjw,Beacon Court,52.577347,-1.885054,,,
43000581602,nwmgtwmd,Bridlewood,52.576591,-1.887329,,,
43000581601,nwmgtwma,Bridlewood,52.575848,-1.889042,,,
43000581702,nwmgtwmg,Lowlands Avenue,52.579113,-1.890008,,,
43000581801,nwmgtwmj,Bankside Crescent,52.574394,-1.890448,,,
43000581802,nwmgtwmp,Bankside Crescent,52.57478,-1.890654,,,
43000581902,nwmgtwmw,Frankburn Road,52.578293,-1.888077,,,
43000581901,nwmgtwmt,Frankburn Road,52.578373,-1.888003,,,
43000582001,nwmgtwpa,Egerton Road,52.583389,-1.88957,,,
43000582002,nwmgtwpd,Egerton Road,52.583363,-1.88892,,,
43000582101,nwmgtwpg,Foley Church Close,52.583942,-1.882454,,,
43000582102,nwmgtwpj,Foley Church Close,52.584209,-1.880609,,,
43000582203,nwmgtwpm,Meadow Close,52.583775,-1.885303,,,
43000582204,nwmgtwpt,Meadow Close,52.583649,-1.885599,,,
43000582301,nwmgtwpw,Grange Drive,52.586246,-1.887481,,,
43000582302,nwmgtwta,Grange Drive,52.58704,-1.888291,,,
43000582402,nwmgtwtg,Clinic,52.580418,-1.892248,,,
43000582401,nwmgtwtd,Clinic,52.580048,-1.892072,,,
43000582501,nwmgtwtj,Foley Wood,52.583088,-1.892758,,,
43000582502,nwmgtwtm,Foley Wood,52.583042,-1.892257,,,
43000582601,nwmgtwtp,Schoolacre Rise,52.582813,-1.895357,,,
43000582602,nwmgtwtw,Schoolacre Rise,52.582649,-1.896065,,,
43000582702,nwmgwadg,Streetly Wood,52.584538,-1.876638,,,
43000582701,nwmgwada,Streetly Wood,52.584412,-1.87714,,,
43000583101,nwmgwadw,Foley Court,52.584072,-1.886926,,,
43000583102,nwmgwaga,Foley Court,52.58329,-1.886353,,,
43000583701,nwmtmpta,Barr Beacon School,52.562824,-1.91557,,,
43000583902,nwmgwagj,Moss Way,52.571819,-1.886146,,,
43000583901,nwmgwagd,Moss Way,52.571808,-1.885954,,,
43000584002,nwmgwagp,Brabham Crescent,52.569912,-1.885664,,,
43000584001,nwmgwagm,Brabham Crescent,52.569904,-1.8859,,,
43000584101,nwmgwagt,The Queslett,52.565769,-1.886575,,,
43000584102,nwmgwagw,The Queslett,52.566147,-1.887252,,,
43000584201,nwmgwaja,Hundred Acre Road,52.568146,-1.889652,,,
43000584202,nwmgwajd,Hundred Acre Road,52.568737,-1.890152,,,
43000584301,nwmgwajg,Farmer Johns,52.571503,-1.893524,,,
43000584302,nwmgwajm,Farmer Johns,52.571537,-1.89376,,,
43000584502,nwmgwajt,Old Lindens Close,52.573814,-1.896499,,,
43000584501,nwmgwajp,Old Lindens Close,52.573212,-1.895527,,,
43000584601,nwmgwajw,Barr Common Farm,52.575542,-1.89859,,,
43000584602,nwmgwama,Barr Common Farm,52.575562,-1.898458,,,
43000584702,nwmgwamg,Hillside Drive,52.573051,-1.888563,,,
43000584701,nwmgwamd,Hillside Drive,52.572945,-1.887943,,,
43000584801,nwmgwamj,Lindens Primary School,52.568279,-1.88884,,,
43000584802,nwmgwamp,Lindens Primary School,52.568836,-1.887983,,,
43000585101,nwmgwamt,Lowlands Avenue,52.577484,-1.900962,,,
43000585102,nwmgwamw,Lowlands Avenue,52.577396,-1.900682,,,
43000585202,nwmgwapd,Hazelwood Road,52.582439,-1.899165,,,
43000585201,nwmgwapa,Hazelwood Road,52.582302,-1.899667,,,
43000585302,nwmgwapg,Foley Arms,52.58168,-1.906575,,,
43000586101,nwmgwapm,Meadow View School,52.563091,-1.898103,,,
43000586102,nwmwawpj,Meadow View School,52.563145,-1.897882,,,
43000586204,nwmwawpg,Clausen Close,52.561119,-1.895334,,,
43000586203,nwmgwapt,Clausen Close,52.561138,-1.894449,,,
43000586301,nwmgwapw,Horsley Road,52.559258,-1.903467,,,
43000586302,nwmgwata,Horsley Road,52.559086,-1.903762,,,
43000586401,nwmgwatd,Stanfield Road,52.561401,-1.900438,,,
43000586402,nwmgwatg,Stanfield Road,52.561089,-1.901073,,,
43000587101,nwmgwatj,Nether Hall,52.547329,-1.91793,,,
43000587102,nwmgwatm,Nether Hall,52.54784,-1.917915,,,
43000587201,nwmgwatp,Holly Wood,52.549809,-1.914696,,,
43000587202,nwmgwatw,Holly Wood,52.550186,-1.914356,,,
43000587301,nwmgwawa,Old Horns Crescent,52.552608,-1.909602,,,
43000587302,nwmgwawd,Old Horns Crescent,52.552521,-1.910546,,,
43000587403,nwmgwawj,Moreton Avenue,52.554981,-1.910497,,,
43000587402,nwmgwawg,Moreton Avenue,52.554245,-1.910484,,,
43000587501,nwmgwawm,Morland Road,52.558254,-1.910475,,,
43000587502,nwmgwawp,Morland Road,52.558353,-1.910431,,,
43000587607,nwmdjagj,Collingwood Centre,52.556992,-1.904298,,,
43000587605,nwmdjaga,Collingwood Centre,52.557217,-1.904504,,,
43000587701,nwmdjagm,Eastlake Close,52.556549,-1.901821,,,
43000587702,nwmdjagp,Eastlake Close,52.556286,-1.90101,,,
43000588102,nwmgwdaj,Old Hall Lane,52.562752,-1.913608,,,
43000588101,nwmgwdag,Old Hall Lane,52.562401,-1.913771,,,
43000588201,nwmgwdam,Bridle Lane,52.56847,-1.912328,,,
43000588202,nwmgwdap,Bridle Lane,52.568558,-1.91252,,,
43000588302,nwmgwdaw,Bella Pais Close,52.574905,-1.913023,,,
43000588301,nwmgwdat,Bella Pais Close,52.574116,-1.912774,,,
43000588402,nwmgwdgd,Beacon Hill Farm,52.578842,-1.913149,,,
43000588401,nwmgwdga,Beacon Hill Farm,52.577908,-1.913298,,,
43000589102,nwmgwdgm,Rosemary Hill Road,52.596783,-1.859478,,,
43000589101,nwmgwdgj,Rosemary Hill Road,52.596161,-1.858255,,,
43000600201,nwmdpwpd,Saddlers Centre,52.583485,-1.983451,,,
43000600203,nwmdpwpj,Saddlers Centre,52.583443,-1.983776,,,
43000600905,nwmwgjdw,Newport Street,52.583344,-1.9832,,,
43000600903,nwmdtdmt,Newport Street,52.583046,-1.983451,,,
43000600904,nwmdtdmw,Newport Street,52.583164,-1.983333,,,
43000601111,nwmdtdgt,Walsall Bus Station,52.585697,-1.982196,0.0,430G06011,P
43000601101,nwmdtdgw,Walsall Bus Station,52.585266,-1.982594,0.0,430G06011,D
43000601107,nwmdtdjt,Walsall Bus Station,52.585564,-1.98224,0.0,430G06011,K
43000601112,nwmtwdwd,Walsall Bus Station,52.584869,-1.982048,0.0,430G06011,A
43000601105,nwmdtdjm,Walsall Bus Station,52.585426,-1.982609,0.0,430G06011,H
43000601103,nwmdtdjd,Walsall Bus Station,52.585411,-1.982225,0.0,430G06011,F
43000601113,nwmtwdwg,Walsall Bus Station,52.584969,-1.98224,0.0,430G06011,B
43000601106,nwmdtdjp,Walsall Bus Station,52.585499,-1.982402,0.0,430G06011,J
43000601109,nwmdtdmd,Walsall Bus Station,52.585552,-1.982579,0.0,430G06011,M
43000601102,nwmdtdja,Walsall Bus Station,52.585327,-1.982402,0.0,430G06011,E
43000601114,nwmtwdwj,Walsall Bus Station,52.584995,-1.982402,0.0,430G06011,C
43000601110,nwmdtdma,Walsall Bus Station,52.585625,-1.982388,0.0,430G06011,N
43000601108,nwmdtdjw,Walsall Bus Station,52.585609,-1.982107,0.0,430G06011,L
43000601104,nwmdtdjg,Walsall Bus Station,52.585464,-1.982063,0.0,430G06011,G
43000601303,nwmdjaja,Hatherton Street,52.58675,-1.981516,,,
43000601304,nwmwtpdj,Hatherton Street,52.586014,-1.98221,,,
43000601402,nwmdjajg,Council House,52.585499,-1.979185,,,
43000601602,nwmgwdjd,The Wharf,52.586128,-1.987229,,,
43000601601,nwmdtawm,The Wharf,52.586227,-1.987125,,,
43000601801,nwmdjajm,Leicester Street,52.584934,-1.979155,,,
43000602103,nwmtpmad,Walsall Town Hall,52.585526,-1.979155,,,
43000602102,nwmtpjwt,Walsall Town Hall,52.585632,-1.979022,,,
43000602101,nwmdjamt,Walsall Town Hall,52.586037,-1.978624,,,
43000602202,nwmgwdjm,Watmos Homes,52.587559,-1.977073,,,
43000602201,nwmgwdjg,Watmos Homes,52.58691,-1.977841,,,
43000602401,nwmtwjpj,Lower Rushall Street,52.586777,-1.975125,,,
43000602701,nwmtamtw,Walsingham Street,52.581093,-1.971173,,,
43000602801,nwmtamwa,Borneo Street,52.593273,-1.976007,,,
43000602902,nwmtmdmw,Bott Lane,52.583591,-1.973902,,,
43000603002,nwmtpdmj,Queen Street,52.583477,-1.989487,,,
43000603001,nwmtpdmg,Queen Street,52.583649,-1.989487,,,
43000603101,nwmdjamw,Upper Rushall Street,52.583736,-1.975673,,,
43000603202,nwmdjapd,Pool Street,52.581291,-1.974243,,,
43000603302,nwmtwjwg,Athlone Road,52.574921,-1.952806,,,
43000603301,nwmtwjwd,Athlone Road,52.574425,-1.952791,,,
43000603501,nwmtwjwj,Lake Close,52.572807,-1.955434,,,
43000603502,nwmtwjwm,Lake Close,52.572845,-1.955464,,,
43000603901,nwmwdamp,Eastbourne Street,52.592484,-1.973764,,,
43000604001,nwmwdamw,Cameron Road,52.590099,-1.961189,,,
43000604101,nwmgwdjw,Dudley Street,52.581329,-1.982419,,,
43000604201,nwmgwdmd,Vicarage Place,52.580063,-1.985592,,,
43000604202,nwmgwdmg,Vicarage Place,52.579918,-1.985518,,,
43000604301,nwmgwdmj,Walsall Almshouses,52.578903,-1.98633,,,
43000604401,nwmwdamt,Buchanan Road,52.590485,-1.968421,,,
43000604501,nwmwdapa,Buchanan Avenue,52.59045,-1.965853,,,
43000604601,nwmwdapd,Burleigh Street,52.581936,-1.971807,,,
43000604701,nwmwdapg,Walsingham Street,52.582817,-1.96915,,,
43000606101,nwmgwdmw,Walsall Magistrates Court,52.588783,-1.985043,,,
43000606202,nwmgwdpd,Ryecroft Street,52.591396,-1.985751,,,
43000606203,nwmgwdpg,Ryecroft Street,52.591103,-1.985574,,,
43000606301,nwmgwdpj,Long Acre Street,52.59005,-1.988807,,,
43000606302,nwmgwdpm,Long Acre Street,52.590527,-1.989028,,,
43000606401,nwmgwdpt,Blue Lane West,52.586563,-1.990417,,,
43000606402,nwmtdwtm,Blue Lane West,52.58638,-1.990254,,,
43000606502,nwmajajm,Council Car Park,52.587154,-1.986239,,,
43000606501,nwmtwtap,Council Car Park,52.587101,-1.986062,,,
43000607201,nwmwdamd,Butts Road,52.590675,-1.978046,,,
43000608102,nwmgwdta,Marlow Street,52.593868,-1.985351,,,
43000608101,nwmgwdpw,Marlow Street,52.5937,-1.985617,,,
43000608202,nwmgwdtg,Wiltshire Close,52.594624,-1.986326,,,
43000608201,nwmgwdtd,Wiltshire Close,52.594833,-1.986562,,,
43000608302,nwmgwdtm,Northcote Street,52.595741,-1.986768,,,
43000608301,nwmgwdtj,Northcote Street,52.596146,-1.987107,,,
43000608402,nwmgwdtw,Cannon Street,52.594524,-1.983373,,,
43000608401,nwmgwdtp,Cannon Street,52.594543,-1.983654,,,
43000609102,nwmgwdwd,Hospital Street,52.592548,-1.991168,,,
43000609101,nwmgwdwa,Hospital Street,52.592037,-1.990356,,,
43000609202,nwmgwdwj,Rayboulds Bridge Road,52.595814,-1.994784,,,
43000609201,nwmgwdwg,Rayboulds Bridge Road,52.595543,-1.994327,,,
43000609401,nwmgwdwt,Birchills Junction,52.598301,-1.99781,,,
43000609402,nwmgwgad,Birchills Junction,52.598339,-1.998224,,,
43000609501,nwmtwpwm,Reedswood Way,52.598816,-2.00193,,,
43000609502,nwmtwpwp,Reedswood Way,52.598698,-2.001605,,,
43000611101,nwmgwgda,Lister Road,52.60009,-2.002712,,,
43000611102,nwmgwgdg,Lister Road,52.600315,-2.003022,,,
43000611201,nwmgwgdj,Darwin Road,52.601944,-2.006123,,,
43000611202,nwmgwgdm,Darwin Road,52.601799,-2.007186,,,
43000612102,nwmgwgdt,Neighbourhood Office,52.601055,-2.008544,,,
43000612101,nwmgwgdp,Neighbourhood Office,52.601448,-2.008736,,,
43000612202,nwmgwgja,Ambulance Station,52.598381,-2.014804,,,
43000612201,nwmgwgdw,Ambulance Station,52.598473,-2.014612,,,
43000612302,nwmtamwg,Davy Road,52.599182,-2.009947,,,
43000612301,nwmtamwd,Davy Road,52.599247,-2.010094,,,
43000612402,nwmgwgjg,Bloxwich Lane,52.598591,-2.012087,,,
43000612401,nwmgwgjd,Bloxwich Lane,52.598537,-2.012353,,,
43000612502,nwmgwgjp,Napier Road,52.600674,-2.014479,,,
43000612501,nwmgwgjm,Napier Road,52.601196,-2.014716,,,
43000613101,nwmtamwj,Kelvin Road,52.602222,-2.010036,,,
43000613201,nwmdpdjm,Fleming Road,52.603436,-2.012295,,,
43000613302,nwmgwgjw,Fleming Road,52.602615,-2.014642,,,
43000613301,nwmgwgjt,Fleming Road,52.60305,-2.014835,,,
43000613401,nwmgwgma,Bloxwich Lane,52.606339,-2.013846,,,
43000613402,nwmgwgmd,Bloxwich Lane,52.60667,-2.014024,,,
43000613502,nwmgwgmj,Industrial Estate,52.608047,-2.015161,,,
43000613501,nwmgwgmg,Industrial Estate,52.608173,-2.015013,,,
43000613601,nwmgwgmp,Willenhall Lane,52.610088,-2.01593,,,
43000613801,nwmtapag,Bloxwich Lane,52.604866,-2.013846,,,
43000614901,nwmtjtwj,Comwall Close,52.607391,-1.99403,,,
43000615102,nwmgwgpm,Derby Street,52.597252,-1.987329,,,
43000615101,nwmgwgpj,Derby Street,52.597843,-1.987653,,,
43000615201,nwmgwgpt,Forest Lane,52.599659,-1.988435,,,
43000615202,nwmgwgpw,Forest Lane,52.598759,-1.98783,,,
43000615302,nwmgwgtd,Kent Street,52.599659,-1.987594,,,
43000615301,nwmgwgta,Kent Street,52.599739,-1.98749,,,
43000615501,nwmgwgtj,Lavender Grove,52.599812,-1.982618,,,
43000615502,nwmgwgtm,Lavender Grove,52.599739,-1.982707,,,
43000615702,nwmgwgwa,Jubilee Close,52.603184,-1.981155,,,
43000615701,nwmgwgtw,Jubilee Close,52.603661,-1.980475,,,
43000615802,nwmgwgwg,St Thomas RC School,52.604343,-1.978142,,,
43000615801,nwmgwgwd,St Thomas RC School,52.604603,-1.977699,,,
43000616001,nwmgwgwp,Dartmouth Close,52.602238,-1.983355,,,
43000616002,nwmtpdjt,Dartmouth Close,52.602364,-1.98275,,,
43000616101,nwmgwgwt,Carl Street,52.601402,-1.98966,,,
43000616102,nwmgwjad,Carl Street,52.601051,-1.989084,,,
43000616202,nwmgwjaj,Bloxwich Industrial Estate,52.603058,-1.990575,,,
43000616201,nwmgwjag,Bloxwich Industrial Estate,52.603336,-1.990944,,,
43000616301,nwmgwjam,May Street,52.60561,-1.992155,,,
43000616302,nwmgwjap,May Street,52.605503,-1.992214,,,
43000616401,nwmgwjat,Leamore Lane,52.608524,-1.995314,,,
43000616402,nwmgwjaw,Leamore Lane,52.608585,-1.995211,,,
43000616501,nwmgwjda,Leamore Park,52.611156,-1.998784,,,
43000616502,nwmgwjdg,Leamore Park,52.610538,-1.997839,,,
43000617102,nwmgwjgp,Holden Crescent,52.597374,-1.978411,,,
43000617101,nwmgwjgm,Holden Crescent,52.597214,-1.979105,,,
43000617201,nwmgwjgt,Ryecroft Cemetery,52.598354,-1.976506,,,
43000617202,nwmgwjgw,Ryecroft Cemetery,52.598824,-1.976491,,,
43000617302,nwmgwjmd,Roberts Road,52.60107,-1.975516,,,
43000617301,nwmgwjma,Roberts Road,52.600483,-1.976195,,,
43000617402,nwmgwjmg,Whateley Road,52.604424,-1.974347,,,
43000617501,nwmgwjmj,Ryecroft Place,52.60532,-1.975587,,,
43000617502,nwmgwjmp,Ryecroft Place,52.605644,-1.974982,,,
43000617602,nwmgwjmw,Edgar Stammers School,52.606869,-1.974213,,,
43000617601,nwmgwjmt,Edgar Stammers School,52.607063,-1.974301,,,
43000617702,nwmgwjpa,Coalpool Lane,52.607414,-1.973681,,,
43000617801,nwmgwjpd,Goscote Lodge Crescent,52.609203,-1.973399,,,
43000617802,nwmgwjpg,Goscote Lodge Crescent,52.609177,-1.972986,,,
43000617901,nwmgwjpj,Goscote Close,52.610527,-1.974816,,,
43000617902,nwmgwjpm,Goscote Close,52.610249,-1.974684,,,
43000618001,nwmgwjpt,Cartbridge Crescent,52.603584,-1.974141,,,
43000618101,nwmgwjpw,Shakespeare Crescent,52.607578,-1.978081,,,
43000618102,nwmgwjta,Shakespeare Crescent,52.607586,-1.97978,,,
43000618201,nwmgwjtd,Harden Road,52.609558,-1.984696,,,
43000618202,nwmtjmag,Harden Road,52.609726,-1.984918,,,
43000618301,nwmgwjtg,Avenue Lane,52.611526,-1.985921,,,
43000618302,nwmgwjtj,Avenue Lane,52.611752,-1.985759,,,
43000618402,nwmgwjtp,Barracks Lane,52.61364,-1.988328,,,
43000618401,nwmgwjtm,Barracks Lane,52.613647,-1.988106,,,
43000618501,nwmgwjtw,Blakenall Row,52.614132,-1.990809,,,
43000618701,nwmgwjwg,Guild Avenue,52.611221,-1.989702,,,
43000618702,nwmtpdjw,Guild Avenue,52.611168,-1.989717,,,
43000619002,nwmtapaw,Blakenall Lane,52.612263,-1.992582,,,
43000619001,nwmtapat,Blakenall Lane,52.612328,-1.992921,,,
43000619101,nwmgwmad,Goscote Hospital,52.613747,-1.979053,,,
43000619102,nwmgwmag,Goscote Hospital,52.613728,-1.978817,,,
43000619202,nwmgwmam,Slacky Lane,52.615173,-1.979865,,,
43000619501,nwmtwjmg,Hildicks Bridge,52.612404,-1.977355,,,
43000619502,nwmwdwpa,Hildicks Bridge,52.612648,-1.977429,,,
43000620102,nwmgwmat,Thames Road,52.618698,-1.982522,,,
43000620201,nwmgwmaw,Dee Road,52.616531,-1.985683,,,
43000620202,nwmgwmda,Dee Road,52.616676,-1.985698,,,
43000620301,nwmgwmdg,Trent Place,52.61496,-1.987294,,,
43000620302,nwmgwmdj,Trent Place,52.61496,-1.987456,,,
43000620401,nwmgwmdm,Mersey Road,52.618763,-1.987352,,,
43000620402,nwmgwmdp,Mersey Road,52.618465,-1.987499,,,
43000620503,nwmwgjam,Valley Road,52.62014,-1.989449,,,
43000620501,nwmgwmdt,Valley Road,52.620491,-1.990438,,,
43000620502,nwmgwmdw,Valley Road,52.6203,-1.98967,,,
43000620602,nwmgwmgd,Benton Crescent,52.622242,-1.990999,,,
43000620601,nwmgwmga,Benton Crescent,52.622421,-1.99094,,,
43000620701,nwmgwmgj,Lichfield Road,52.624104,-1.990822,,,
43000620702,nwmgwmgm,Lichfield Road,52.623997,-1.990585,,,
43000620802,nwmwgjat,Abotts Street,52.620201,-1.986229,,,
43000620801,nwmtapda,Abotts Street,52.620388,-1.986199,,,
43000620901,nwmtapdg,Cook Road,52.623249,-1.987882,,,
43000621102,nwmtpgmj,Ingram Place,52.616982,-1.990764,,,
43000621101,nwmgwmgp,Ingram Place,52.616928,-1.990882,,,
43000621202,nwmgwmgw,Ash Street,52.618618,-1.992802,,,
43000621201,nwmgwmgt,Ash Street,52.618717,-1.992713,,,
43000621301,nwmgwmja,Field Road,52.620049,-1.99453,,,
43000621302,nwmgwmjd,Field Road,52.620121,-1.995077,,,
43000621401,nwmgwmjg,Ryle Street,52.62109,-1.995283,,,
43000621402,nwmgwmjm,Ryle Street,52.621632,-1.995372,,,
43000621501,nwmgwmjp,Victoria Avenue,52.61816,-2.004264,,,
43000621502,nwmtgjtd,Victoria Avenue,52.617908,-2.004249,,,
43000621505,nwmtgwpa,Victoria Avenue,52.618439,-2.004367,,,
43000621604,nwmwamtw,Blakenall Church,52.615501,-1.990853,,,
43000621603,nwmgwmjt,Blakenall Church,52.615608,-1.990425,,,
43000621702,nwmtapdp,Woodall Street,52.613495,-1.999922,,,
43000621701,nwmtapdm,Woodall Street,52.613396,-1.999818,,,
43000621801,nwmtapdt,Harrison Street,52.615726,-1.998238,,,
43000621802,nwmtapdw,Harrison Street,52.615715,-1.998075,,,
43000621902,nwmtapgd,Cemetery Main Gates,52.619473,-1.995682,,,
43000622102,nwmgwmpg,Pinfold,52.612785,-2.001502,,,
43000622101,nwmgwmpd,Pinfold,52.612812,-2.001413,,,
43000622203,nwmgwmpj,Bloxwich Hospital,52.613811,-2.00416,,,
43000622204,nwmgwmpm,Bloxwich Hospital,52.614044,-2.004086,,,
43000622301,nwmgwmpt,Elmore Row,52.615376,-2.004293,,,
43000622302,nwmgwmpw,Elmore Row,52.615715,-2.004411,,,
43000622403,nwmdtgdp,Drake Road,52.618629,-2.003821,,,
43000622404,nwmtgwpd,Drake Road,52.618809,-2.003777,,,
43000622503,nwmgwmtd,High Street,52.620022,-2.003511,,,
43000622602,nwmgwmtj,Walsall Academy,52.622063,-1.998902,,,
43000622702,nwmgwmtp,Field Road,52.622673,-1.99614,,,
43000622701,nwmgwmtm,Field Road,52.62254,-1.99775,,,
43000622804,nwmtgwdt,Sandbank,52.61916,-2.007204,,,
43000622803,nwmgwmtw,Sandbank,52.619068,-2.006701,,,
43000622901,nwmgwmwa,Central Drive,52.617512,-2.010054,,,
43000623102,nwmgwmwg,Willenhall Lane,52.612175,-2.014217,,,
43000623101,nwmgwmwd,Willenhall Lane,52.612164,-2.014365,,,
43000623201,nwmgwmwj,Coalway Road,52.613754,-2.015591,,,
43000623202,nwmgwmwm,Coalway Road,52.613766,-2.015488,,,
43000623302,nwmgwmwt,Chase Road,52.615761,-2.014853,,,
43000623301,nwmgwmwp,Chase Road,52.61586,-2.014189,,,
43000623402,nwmgwpag,Central Close,52.61665,-2.012092,,,
43000623401,nwmgwpad,Central Close,52.616524,-2.012195,,,
43000623501,nwmgwpaj,Central Drive,52.617001,-2.014175,,,
43000623502,nwmgwpam,Central Drive,52.616867,-2.01509,,,
43000623602,nwmtpmdp,Lichfield Road,52.614201,-2.033329,,,
43000623601,nwmgwpap,Lichfield Road,52.614391,-2.033433,,,
43000623702,nwmtgwdw,Samuel Street,52.618484,-2.005357,,,
43000623902,nwmtapgt,Penderel Street,52.616608,-1.996598,,,
43000623901,nwmtapgp,Penderel Street,52.616417,-1.995476,,,
43000624002,nwmtapja,Hamilton Street,52.616199,-1.992167,,,
43000624001,nwmtapgw,Hamilton Street,52.61657,-1.992093,,,
43000624103,nwmgwpaw,Baytree Road,52.621552,-2.011798,,,
43000624104,nwmgwpda,Baytree Road,52.621647,-2.012049,,,
43000624201,nwmgwpdg,Sneyd Hall Road,52.619293,-2.0171,,,
43000624302,nwmgwpdj,Cresswell Crescent,52.618763,-2.019109,,,
43000624303,nwmgwpdm,Cresswell Crescent,52.618008,-2.020777,,,
43000624402,nwmgwpdt,Mossley Shops,52.620308,-2.021118,,,
43000624401,nwmgwpdp,Mossley Shops,52.619949,-2.02063,,,
43000624502,nwmgwpga,Chepstow Road,52.617069,-2.023554,,,
43000624501,nwmgwpdw,Chepstow Road,52.61771,-2.021737,,,
43000624601,nwmgwpgd,Kempthorne Gardens,52.620586,-2.012137,,,
43000624602,nwmgwpgj,Kempthorne Gardens,52.620586,-2.011768,,,
43000624802,nwmtgwpg,The Green,52.619995,-2.004087,,,
43000624902,nwmtpmjm,Hamilton House,52.617397,-1.99682,,,
43000625102,nwmgwpgt,Broad Lane Gardens,52.623787,-2.014472,,,
43000625101,nwmgwpgp,Broad Lane Gardens,52.623562,-2.014354,,,
43000625301,nwmgwpja,Abbey Square,52.622528,-2.022316,,,
43000625302,nwmgwpjd,Abbey Square,52.622295,-2.022375,,,
43000625401,nwmgwpjg,Glastonbury Crescent,52.624126,-2.022568,,,
43000625402,nwmgwpjm,Glastonbury Crescent,52.623947,-2.022789,,,
43000625501,nwmgwpjp,Tintern Crescent,52.626312,-2.020087,,,
43000625602,nwmtapjp,Woodbridge Close,52.625847,-2.016334,,,
43000625601,nwmtapjm,Woodbridge Close,52.625748,-2.016231,,,
43000625701,nwmtapjt,Gleneagles Road,52.627537,-2.014828,,,
43000625702,nwmtmdjg,Gleneagles Road,52.627663,-2.014902,,,
43000625802,nwmtapma,Saddleworth Road,52.631241,-2.012554,,,
43000625801,nwmtapjw,Saddleworth Road,52.631168,-2.012495,,,
43000625901,nwmtapmd,Ganton Road,52.631195,-2.011032,,,
43000625902,nwmtapmg,Ganton Road,52.631241,-2.010663,,,
43000626001,nwmtapmj,Ferndown Close,52.630215,-2.007811,,,
43000626002,nwmtapmp,Ferndown Close,52.630253,-2.007619,,,
43000626101,nwmgwpjt,Westhall Gate,52.622395,-2.003629,,,
43000626102,nwmgwpjw,Westhall Gate,52.622566,-2.003718,,,
43000626202,nwmgwpmd,Lydford Road,52.624886,-2.003615,,,
43000626201,nwmgwpma,Lydford Road,52.625198,-2.003807,,,
43000626501,nwmtapmt,Sunningdale Way,52.629425,-2.013913,,,
43000626502,nwmtapmw,Sunningdale Way,52.629261,-2.014045,,,
43000626602,nwmtpwga,Health Centre,52.608749,-1.987547,,,
43000626601,nwmtpwdw,Health Centre,52.608849,-1.987547,,,
43000626702,nwmtpwgd,Chantry Avenue,52.610016,-1.987576,,,
43000626701,nwmtpwgj,Chantry Avenue,52.610088,-1.987709,,,
43000626801,nwmtpwgm,Harden Grove,52.608944,-1.984711,,,
43000626902,nwmwamdp,Goscote Lane,52.615768,-1.981844,,,
43000626901,nwmwamdm,Goscote Lane,52.61565,-1.981799,,,
43000627001,nwmwamdt,Well Place,52.612549,-1.984695,,,
43000627002,nwmwamdw,Well Place,52.612541,-1.984872,,,
43000627102,nwmgwpmw,Millfield Avenue,52.623878,-1.992476,,,
43000627101,nwmgwpmt,Millfield Avenue,52.623493,-1.993259,,,
43000627201,nwmgwpta,Stoney Lane,52.625614,-1.988133,,,
43000627202,nwmgwptd,Stoney Lane,52.625423,-1.98865,,,
43000628102,nwmgwptj,Stoney Lane,52.62706,-1.994219,,,
43000628101,nwmgwptg,Stoney Lane,52.626961,-1.994278,,,
43000628201,nwmtapta,Belper Road,52.627888,-1.996789,,,
43000628202,nwmtaptd,Belper Road,52.627941,-1.997144,,,
43000628301,nwmgwptm,Lower Farm,52.627769,-1.99967,,,
43000628302,nwmgwptp,Lower Farm,52.628052,-1.999626,,,
43000630101,nwmgwptw,Hatherton Lake,52.590576,-1.973721,,,
43000630201,nwmgwpwd,Moss Close,52.592709,-1.970236,,,
43000630302,nwmgwpwj,Cartbridge Lane South,52.595612,-1.969953,,,
43000630301,nwmgwpwg,Cartbridge Lane South,52.596878,-1.969421,,,
43000630401,nwmgwpwm,Ladypool Close,52.601101,-1.966465,,,
43000630402,nwmgwpwp,Ladypool Close,52.600994,-1.966701,,,
43000630502,nwmgwtad,Cartbridge Lane,52.602974,-1.965179,,,
43000630501,nwmgwpwt,Cartbridge Lane,52.604195,-1.964395,,,
43000630602,nwmgwtag,Station Road,52.606434,-1.962149,,,
43000630603,nwmgwtaj,Station Road,52.606377,-1.962046,,,
43000630703,nwmgwtam,Westbourne Road,52.593174,-1.971505,,,
43000630803,nwmgwtap,Victoria Terrace,52.592033,-1.97214,,,
43000630804,nwmtjmam,Victoria Terrace,52.591942,-1.972524,,,
43000630901,nwmgwtat,Four Crosses Road,52.618027,-1.950618,,,
43000631001,nwmgwtaw,King George Crescent,52.60664,-1.960598,,,
43000631101,nwmgwtda,Leigh Road,52.592438,-1.967195,,,
43000631102,nwmgwtdg,Leigh Road,52.592464,-1.965984,,,
43000631203,nwmgwtdm,Rushall Manor Road,52.592194,-1.96132,,,
43000631201,nwmgwtdj,Rushall Manor Road,52.592201,-1.962855,,,
43000631302,nwmgwtdp,Mellish Drive,52.592003,-1.958382,,,
43000631303,nwmgwtdt,Mellish Drive,52.591751,-1.957984,,,
43000631401,nwmgwtdw,Calderfields,52.590263,-1.95214,,,
43000631402,nwmgwtga,Calderfields,52.590401,-1.952036,,,
43000631501,nwmgwtgd,Longwood Bridge,52.590809,-1.943843,,,
43000631502,nwmgwtgj,Longwood Bridge,52.590656,-1.943799,,,
43000631603,nwmtgjtg,The Royal Oak,52.601933,-1.951064,,,
43000631602,nwmgwtgm,The Royal Oak,52.601997,-1.951035,,,
43000631701,nwmtaptg,Argyle Road,52.590855,-1.964628,,,
43000631801,nwmwdpgm,Fernleigh Road,52.59116,-1.962649,,,
43000632104,nwmgwtjg,Westminster Road,52.608543,-1.960863,,,
43000632103,nwmgwtjd,Westminster Road,52.607788,-1.961055,,,
43000632204,nwmgwtjp,Rosedene Close,52.609146,-1.958588,,,
43000632203,nwmgwtjm,Rosedene Close,52.609344,-1.958543,,,
43000632301,nwmgwtjt,Kings Road,52.611221,-1.951807,,,
43000632302,nwmgwtjw,Kings Road,52.6115,-1.951216,,,
43000632402,nwmgwtmd,Linley Road,52.61095,-1.947672,,,
43000632401,nwmgwtma,Linley Road,52.610733,-1.94723,,,
43000632502,nwmgwtmj,Edinburgh Drive,52.60976,-1.943864,,,
43000632501,nwmgwtmg,Edinburgh Drive,52.609642,-1.943864,,,
43000632602,nwmgwtmt,Floyds Lane,52.603535,-1.955404,,,
43000632601,nwmgwtmp,Floyds Lane,52.603615,-1.955271,,,
43000632702,nwmgwtpa,Burton Avenue,52.611198,-1.962204,,,
43000632701,nwmgwtmw,Burton Avenue,52.610973,-1.96185,,,
43000632801,nwmgwtpd,The Bungalow,52.613319,-1.964329,,,
43000632802,nwmgwtpg,The Bungalow,52.613956,-1.964875,,,
43000632901,nwmgwtpj,Heathbridge Close,52.615845,-1.965449,,,
43000632902,nwmgwtpm,Heathbridge Close,52.615871,-1.965612,,,
43000633001,nwmgwtpt,Rushall Medical Centre,52.608166,-1.960198,,,
43000633002,nwmgwtpw,Rushall Medical Centre,52.608276,-1.959755,,,
43000633102,nwmgwtwd,Millers Walk,52.626369,-1.982696,,,
43000633101,nwmgwtwa,Millers Walk,52.626736,-1.9824,,,
43000633202,nwmgwtwj,Clockmill Road,52.627743,-1.980612,,,
43000633201,nwmgwtwg,Clockmill Road,52.62796,-1.980346,,,
43000633303,nwmgwtwp,Shortlands Lane,52.62973,-1.977036,,,
43000633302,nwmgwtwm,Shortlands Lane,52.630322,-1.976578,,,
43000633402,nwmjadad,School Lane,52.632145,-1.972558,,,
43000633401,nwmgwtwt,School Lane,52.632191,-1.972218,,,
43000633501,nwmjadag,Pelsall,52.630924,-1.976474,,,
43000633601,nwmtaptj,Foundry Lane,52.62545,-1.979151,,,
43000633602,nwmtaptm,Foundry Lane,52.625317,-1.979505,,,
43000633701,nwmjadaj,Trevor Road,52.633919,-1.972512,,,
43000633801,nwmjadam,Huddocks View,52.633621,-1.97501,,,
43000633802,nwmwdtwj,Huddocks View,52.633648,-1.975113,,,
43000633901,nwmjadap,Oak Road,52.632893,-1.976975,,,
43000633902,nwmwdtwm,Oak Road,52.632812,-1.9773,,,
43000634101,nwmjadat,Finger Post,52.633774,-1.970015,,,
43000634102,nwmjadaw,Finger Post,52.633774,-1.970222,,,
43000634201,nwmjadga,Finger Post,52.633827,-1.9674,,,
43000634202,nwmjadgd,Finger Post,52.634258,-1.967562,,,
43000634301,nwmjadgj,Smithy Drive,52.631966,-1.966988,,,
43000634302,nwmjadgm,Smithy Drive,52.632298,-1.967239,,,
43000634401,nwmjadgp,Highcroft,52.637547,-1.962743,,,
43000634402,nwmjadgt,Highcroft,52.637619,-1.962802,,,
43000634502,nwmjadja,Highbridge,52.639309,-1.959859,,,
43000634501,nwmjadgw,Highbridge,52.639225,-1.960155,,,
43000634802,nwmtapwd,Ryders Hayes,52.637115,-1.960763,,,
43000635101,nwmjadjt,Pelsall Cenotaph,52.628082,-1.966961,,,
43000635102,nwmjadjw,Pelsall Cenotaph,52.628407,-1.96705,,,
43000635201,nwmjadma,Vicarage Road,52.623821,-1.967408,,,
43000635301,nwmjadmd,Bush Grove,52.62096,-1.967557,,,
43000635302,nwmjadmg,Bush Grove,52.62117,-1.967779,,,
43000635401,nwmjadmj,Brewers Drive,52.617626,-1.966777,,,
43000635402,nwmjadmp,Brewers Drive,52.618122,-1.967161,,,
43000635502,nwmtapwm,St Andrews Avenue,52.633663,-1.965967,,,
43000635501,nwmdpdjp,St Andrews Avenue,52.633656,-1.966203,,,
43000635602,nwmtapwt,Paradise Grove,52.627167,-1.976609,,,
43000635601,nwmtapwp,Paradise Grove,52.627148,-1.976461,,,
43000635702,nwmtpdma,Allens Lane,52.619678,-1.96973,,,
43000635701,nwmjadmt,Allens Lane,52.619831,-1.968991,,,
43000635801,nwmjadmw,Vicarage Road,52.624817,-1.967555,,,
43000635901,nwmtatad,Gilpin Crescent,52.632896,-1.96186,,,
43000635902,nwmtatag,Gilpin Crescent,52.632835,-1.962185,,,
43000636101,nwmjadpg,Rufford Way,52.608086,-1.941267,,,
43000636102,nwmjadpj,Rufford Way,52.607861,-1.940839,,,
43000636201,nwmjadpm,Tintagel Way,52.605827,-1.938538,,,
43000636202,nwmjadpt,Tintagel Way,52.60564,-1.938494,,,
43000636302,nwmjadta,Wharf Approach,52.605892,-1.935334,,,
43000636301,nwmjadpw,Wharf Approach,52.605602,-1.935748,,,
43000636502,nwmtjdwt,Larkspur Way,52.641891,-1.944148,,,
43000636501,nwmtjdwp,Larkspur Way,52.641972,-1.943911,,,
43000636601,nwmwajpj,Pelsall Common,52.628944,-1.967404,,,
43000637101,nwmjadtg,Barns Lane,52.613731,-1.939635,,,
43000637102,nwmjadtj,Barns Lane,52.613697,-1.939074,,,
43000637201,nwmjadtm,Wharf Approach,52.610561,-1.932048,,,
43000637202,nwmjadtp,Wharf Approach,52.610653,-1.931635,,,
43000637401,nwmtmpdt,Lockside,52.608295,-1.930014,,,
43000637402,nwmtmpdw,Lockside,52.608288,-1.930236,,,
43000637502,nwmtwjgm,Dumblederry Lane,52.606834,-1.933324,,,
43000637501,nwmtwjgj,Dumblederry Lane,52.606716,-1.933368,,,
43000637701,nwmwgamp,Spring Lane,52.62122,-1.954691,,,
43000637801,nwmwgamg,Spring Lane,52.62228,-1.95599,,,
43000637901,nwmwgamj,Field Lane,52.622108,-1.958221,,,
43000638101,nwmjadtw,Coalheath Lane,52.613533,-1.955438,,,
43000638102,nwmjadwa,Coalheath Lane,52.613136,-1.955867,,,
43000638201,nwmjadwd,Somerfield Close,52.615231,-1.954003,,,
43000638202,nwmjadwg,Somerfield Close,52.616371,-1.952614,,,
43000638302,nwmjadwm,New Street,52.617313,-1.946912,,,
43000638301,nwmjadwj,New Street,52.617359,-1.946793,,,
43000638401,nwmjadwp,The Drive,52.617397,-1.950766,,,
43000638403,nwmjadwt,The Drive,52.617054,-1.951092,,,
43000638502,nwmjagag,Hayling Court,52.61932,-1.947397,,,
43000638501,nwmjagad,Hayling Court,52.618744,-1.94821,,,
43000638602,nwmjagam,Jockey Fields,52.619991,-1.94391,,,
43000638601,nwmjagaj,Jockey Fields,52.620026,-1.944235,,,
43000638702,nwmjagat,Defford Avenue,52.619312,-1.952581,,,
43000638701,nwmjagap,Defford Avenue,52.619366,-1.952744,,,
43000638801,nwmwdapj,Coronation Road,52.623142,-1.958412,,,
43000638802,nwmwdapm,Coronation Road,52.623268,-1.958545,,,
43000638901,nwmjagaw,Church Way,52.621956,-1.95537,,,
43000639001,nwmjagda,Harrison Road,52.621593,-1.952712,,,
43000639002,nwmjagdg,Harrison Road,52.621075,-1.952225,,,
43000639101,nwmjagdj,St Francis School,52.618233,-1.952937,,,
43000639301,nwmjagdw,Millfield Avenue,52.619034,-1.959435,,,
43000639302,nwmjagja,Millfield Avenue,52.618828,-1.959834,,,
43000639401,nwmjagjd,Daisy Bank Close,52.620285,-1.961679,,,
43000639402,nwmjagjg,Daisy Bank Close,52.620979,-1.961767,,,
43000639501,nwmjagjm,Vicarage Road,52.62291,-1.961352,,,
43000639502,nwmjagjp,Vicarage Road,52.622524,-1.9615,,,
43000639602,nwmjagjw,Field Lane,52.62352,-1.958855,,,
43000639601,nwmjagjt,Field Lane,52.623493,-1.95918,,,
43000639702,nwmjagmd,Spring Lane,52.623375,-1.956063,,,
43000639701,nwmjagma,Spring Lane,52.623276,-1.956107,,,
43000639802,nwmjagmj,Coronation Road,52.623779,-1.95296,,,
43000639801,nwmjagmg,Coronation Road,52.623978,-1.952945,,,
43000639902,nwmjagmt,Broad Lane,52.622833,-1.951986,,,
43000639901,nwmjagmp,Broad Lane,52.62289,-1.952237,,,
43000640002,nwmtpwjg,Clifton Avenue,52.644039,-1.946598,,,
43000640001,nwmtjdwm,Clifton Avenue,52.643787,-1.946185,,,
43000640101,nwmjagmw,Canal Bridge,52.641769,-1.954138,,,
43000640102,nwmjagpa,Canal Bridge,52.641922,-1.954241,,,
43000640201,nwmjagpd,Apex Road,52.642467,-1.952009,,,
43000640202,nwmjagpg,Apex Road,52.642982,-1.950974,,,
43000640301,nwmjagpj,Clayhanger Lane,52.644283,-1.947411,,,
43000640302,nwmjagpm,Clayhanger Lane,52.644608,-1.946657,,,
43000640401,nwmjagpt,The Swan,52.645916,-1.94265,,,
43000640402,nwmjagpw,The Swan,52.646149,-1.942398,,,
43000640502,nwmjagtd,Wallace Road,52.647461,-1.938598,,,
43000640501,nwmjagta,Wallace Road,52.647442,-1.939056,,,
43000640602,nwmjagtg,Ogley Road,52.650642,-1.924137,,,
43000640902,nwmtatam,Millfield School,52.643379,-1.923381,,,
43000641202,nwmjagtw,Hanbury Road,52.659477,-1.935698,,,
43000641303,nwmjagwa,Watling St Primary School,52.655434,-1.937685,,,
43000641304,nwmjagwd,Watling St Primary School,52.654884,-1.937715,,,
43000641401,nwmjagwg,Howdle's Lane,52.656338,-1.929863,,,
43000641402,nwmjagwj,Howdle's Lane,52.656033,-1.932776,,,
43000641502,nwmtwjaj,The Park View Centre,52.64933,-1.936349,,,
43000641501,nwmjagwm,The Park View Centre,52.64941,-1.936082,,,
43000641702,nwmjagwt,Chapel Street,52.656971,-1.938037,,,
43000641901,nwmwgjda,Anglesey Road,52.659279,-1.931529,,,
43000642301,nwmjajam,Rising Sun Island,52.656212,-1.949363,,,
43000642402,nwmjajat,Hednesford Road,52.656319,-1.945193,,,
43000642401,nwmjajap,Hednesford Road,52.656025,-1.947411,,,
43000642502,nwmjajda,Streets Corner,52.63031,-1.924749,,,
43000642501,nwmjajaw,Streets Corner,52.630424,-1.924571,,,
43000642602,nwmtjmdm,Medway Road,52.656967,-1.951032,,,
43000642601,nwmjajdg,Medway Road,52.657104,-1.951446,,,
43000642702,nwmtjmdp,Shannon Drive,52.658913,-1.955436,,,
43000642701,nwmjajdj,Shannon Drive,52.659,-1.954785,,,
43000642801,nwmjajdm,Severn Road,52.657787,-1.954535,,,
43000642802,nwmtjmdw,Severn Road,52.657654,-1.954387,,,
43000643001,nwmtdwjt,High Street,52.639935,-1.937471,,,
43000643002,nwmtdwjw,High Street,52.640026,-1.937367,,,
43000643101,nwmtatda,Clayhanger Village,52.640137,-1.94112,,,
43000643102,nwmtatdg,Clayhanger Village,52.640217,-1.941091,,,
43000644101,nwmjajdt,Boatmans Lane,52.623512,-1.936519,,,
43000644102,nwmjajdw,Boatmans Lane,52.623188,-1.937317,,,
43000644201,nwmjajga,St John's Close,52.625847,-1.932852,,,
43000644202,nwmjajgd,St John's Close,52.625336,-1.933813,,,
43000644302,nwmjajgj,St John's Church,52.626816,-1.931166,,,
43000644402,nwmtatdm,The Royal Exchange,52.629269,-1.927543,,,
43000645101,nwmjajgt,Occupation Road,52.633404,-1.928171,,,
43000645102,nwmjajgw,Occupation Road,52.633621,-1.928201,,,
43000645302,nwmtatdt,Peake Crescent,52.635159,-1.928198,,,
43000645301,nwmtatdp,Peake Crescent,52.635033,-1.928065,,,
43000645401,nwmtatdw,Simmonds Way,52.63689,-1.924457,,,
43000645402,nwmtatga,Simmonds Way,52.636978,-1.924604,,,
43000645502,nwmjajmj,Brownhills Business Park,52.635986,-1.92929,,,
43000645501,nwmjajmg,Brownhills Business Park,52.635914,-1.929142,,,
43000645601,nwmjajmp,Robson Close,52.638222,-1.928223,,,
43000645602,nwmjajmt,Robson Close,52.638706,-1.928236,,,
43000645702,nwmtpjwp,Hillside,52.638496,-1.922104,,,
43000645701,nwmtpjwm,Hillside,52.638767,-1.921483,,,
43000646101,nwmjajmw,Brownhills Memorial Hall,52.649658,-1.928824,,,
43000646102,nwmjajpa,Brownhills Memorial Hall,52.649776,-1.928957,,,
43000646202,nwmjajpg,Great Charles Street,52.648689,-1.934103,,,
43000646201,nwmjajpd,Great Charles Street,52.648556,-1.933896,,,
43000646301,nwmjajpj,Raven's Court,52.647919,-1.934178,,,
43000646302,nwmjajpm,Raven's Court,52.647026,-1.933056,,,
43000646402,nwmjajpw,Brickiln Street,52.646362,-1.931845,,,
43000646401,nwmjajpt,Brickiln Street,52.646198,-1.931845,,,
43000646502,nwmjajtd,Warren Place,52.643284,-1.927328,,,
43000646501,nwmjajta,Warren Place,52.644569,-1.92938,,,
43000646601,nwmjajtg,Valley View,52.644299,-1.924828,,,
43000646602,nwmjajtj,Valley View,52.644539,-1.924798,,,
43000646701,nwmjajtm,Anchor Bridge,52.64143,-1.92436,,,
43000646702,nwmjajtp,Anchor Bridge,52.641457,-1.924641,,,
43000646901,nwmwgwga,Short Street,52.647278,-1.931474,,,
43000647101,nwmjajtw,Newtown Bridge,52.654015,-1.923052,,,
43000647102,nwmjajwa,Newtown Bridge,52.655003,-1.922592,,,
43000647202,nwmjajwg,Freeth Road,52.65308,-1.923069,,,
43000647201,nwmjajwd,Freeth Road,52.653061,-1.923202,,,
43000647301,nwmjajwj,Lichfield Road,52.650463,-1.923398,,,
43000647402,nwmjajwp,Furst Street,52.647137,-1.923995,,,
43000647401,nwmjajwm,Furst Street,52.64687,-1.923878,,,
43000647503,nwmdpaja,Fourth Avenue,52.651085,-1.923516,,,
43000648102,nwmjamad,Friezland Lane,52.639397,-1.921127,,,
43000648101,nwmjajwt,Friezland Lane,52.639259,-1.920625,,,
43000648202,nwmjamaj,Adams Road,52.637165,-1.91825,,,
43000648201,nwmjamag,Adams Road,52.637054,-1.91794,,,
43000648402,nwmjamap,Sandhills Home Farm,52.640835,-1.90843,,,
43000648401,nwmjamam,Sandhills Home Farm,52.640717,-1.90911,,,
43000648502,nwmjamaw,Shire Oak House,52.638103,-1.912973,,,
43000648501,nwmjamat,Shire Oak House,52.637905,-1.913047,,,
43000648602,nwmjamdg,Shire Oak Close,52.635349,-1.917322,,,
43000648601,nwmjamda,Shire Oak Close,52.635563,-1.917189,,,
43000648701,nwmjamdj,Shire Oak Hill,52.633419,-1.921168,,,
43000648702,nwmjamdm,Shire Oak Hill,52.633274,-1.921198,,,
43000648803,nwmjamdp,Oak Park,52.630508,-1.925546,,,
43000648804,nwmjamdt,Oak Park,52.630039,-1.92667,,,
43000649002,nwmtjgjw,Porchester Close,52.624779,-1.920917,,,
43000649001,nwmtmamw,Porchester Close,52.624554,-1.921198,,,
43000649101,nwmjamdw,Blakemore Road,52.626133,-1.919364,,,
43000649203,nwmjamgd,Brookland Road,52.62397,-1.924582,,,
43000649301,nwmjamgj,Laburnum Road,52.626911,-1.924208,,,
43000649302,nwmjamgm,Laburnum Road,52.62746,-1.924118,,,
43000649401,nwmjamgp,Sunnyside,52.623623,-1.924982,,,
43000650101,nwmjamjd,Longleat Road,52.619106,-1.923453,,,
43000650602,nwmjampg,Herbert Road,52.618397,-1.923218,,,
43000650703,nwmjampj,Walsall Road,52.598736,-1.924433,,,
43000651001,nwmtatgm,Greenway,52.622608,-1.916032,,,
43000651002,nwmtatgp,Greenway,52.622509,-1.91615,,,
43000651101,nwmjamta,Kingshayes Road,52.621399,-1.92048,,,
43000651102,nwmjamtd,Kingshayes Road,52.62112,-1.920835,,,
43000651202,nwmjamtj,St Thomas' Close,52.619526,-1.916746,,,
43000651201,nwmjamtg,St Thomas' Close,52.619598,-1.917308,,,
43000651302,nwmjamtm,Coppy Hall Grove,52.616341,-1.912277,,,
43000651501,nwmtatgt,Greenwood Park,52.620266,-1.910142,,,
43000651502,nwmtatgw,Greenwood Park,52.620213,-1.910187,,,
43000651701,nwmtatjg,Elmdale Drive,52.614502,-1.907008,,,
43000651702,nwmtatjm,Elmdale Drive,52.614437,-1.906757,,,
43000651801,nwmjamwa,Walton Road,52.619392,-1.920041,,,
43000651902,nwmjamwd,Norfolk Crescent,52.61483,-1.915308,,,
43000652001,nwmjamwg,Beacon Hill,52.582355,-1.9065,,,
43000652102,nwmjamwj,Jessie Road,52.619339,-1.92106,,,
43000652103,nwmjamwm,Jessie Road,52.619385,-1.921163,,,
43000652201,nwmjamwt,Glendower Road,52.618042,-1.917576,,,
43000652202,nwmjapad,Glendower Road,52.618107,-1.917886,,,
43000652303,nwmjapag,Lazy Hill Road,52.61554,-1.914657,,,
43000652304,nwmjapaj,Lazy Hill Road,52.616009,-1.914833,,,
43000652401,nwmjapam,Wellfield Road,52.613834,-1.918367,,,
43000652402,nwmjapap,Wellfield Road,52.613781,-1.91819,,,
43000652502,nwmjapaw,Leighswood School,52.610058,-1.917577,,,
43000652501,nwmjapat,Leighswood School,52.610069,-1.91768,,,
43000652601,nwmjapda,The Glades,52.610065,-1.914402,,,
43000652602,nwmjapdg,The Glades,52.609833,-1.914712,,,
43000652703,nwmjapdm,The Foley Arms,52.581383,-1.905425,,,
43000652804,nwmjapdp,Aldridge Road,52.582047,-1.904228,,,
43000652901,nwmjapdt,Branchal Road,52.616898,-1.912675,,,
43000653002,nwmwgpjd,Stonnall Gate,52.611649,-1.912375,,,
43000653001,nwmwdapt,Stonnall Gate,52.611603,-1.912744,,,
43000653302,nwmjapgj,Green Lane,52.602734,-1.894394,,,
43000653301,nwmjapgd,Green Lane,52.602642,-1.893951,,,
43000653401,nwmjapgm,Fairlawns,52.602459,-1.898986,,,
43000653402,nwmjapgp,Fairlawns,52.602379,-1.899725,,,
43000653502,nwmjapgw,Branton Hill Lane,52.602772,-1.907417,,,
43000653501,nwmjapgt,Branton Hill Lane,52.602608,-1.907151,,,
43000653601,nwmjapja,Hallcroft Way,52.601974,-1.912675,,,
43000653602,nwmjapjd,Hallcroft Way,52.6021,-1.912822,,,
43000653701,nwmwdapw,Lazy Hill Road,52.615799,-1.911998,,,
43000653702,nwmwgpgt,Lazy Hill Road,52.615952,-1.912086,,,
43000653801,nwmjapjg,Little Aston Crossroads,52.601482,-1.891503,,,
43000654001,nwmtpgmd,Anchor Road,52.605331,-1.918988,,,
43000654201,nwmjapjt,Burnfields Close,52.608086,-1.925097,,,
43000654202,nwmtjmgw,Burnfields Close,52.60817,-1.925082,,,
43000654301,nwmjapjw,Middlemore Lane,52.605961,-1.921143,,,
43000654302,nwmjapma,Middlemore Lane,52.606297,-1.921497,,,
43000654401,nwmjapmd,Greenfields,52.60881,-1.919838,,,
43000654402,nwmjapmg,Greenfields,52.609047,-1.919882,,,
43000654501,nwmjapmj,Aldridge Post Office,52.6063,-1.917982,,,
43000654602,nwmjapmw,Parish Church,52.604034,-1.913527,,,
43000654601,nwmjapmt,Parish Church,52.603882,-1.913203,,,
43000654703,nwmjaptg,Aldridge Shopping Centre,52.604649,-1.918074,,,
43000654704,nwmtjpmd,Aldridge Shopping Centre,52.604702,-1.918295,,,
43000654701,nwmjapta,Aldridge Shopping Centre,52.604504,-1.918207,,,
43000654802,nwmjaptm,The Avion,52.603535,-1.919006,,,
43000654801,nwmjaptj,The Avion,52.603363,-1.919331,,,
43000654901,nwmjaptp,Rookery Lane,52.602806,-1.916793,,,
43000654902,nwmjaptw,Rookery Lane,52.602707,-1.916955,,,
43000655101,nwmjapwd,St Francis College,52.599052,-1.913138,,,
43000655102,nwmjapwg,St Francis College,52.599377,-1.913285,,,
43000655202,nwmjapwm,Knights Hill,52.594135,-1.913414,,,
43000655201,nwmjapwj,Knights Hill,52.594048,-1.913222,,,
43000655304,nwmjapwt,Valley Nurseries,52.58786,-1.909972,,,
43000655303,nwmjapwp,Valley Nurseries,52.587589,-1.909987,,,
43000655401,nwmjatad,Little Hardwick Road,52.586571,-1.909222,,,
43000655402,nwmjatag,Little Hardwick Road,52.586166,-1.909105,,,
43000655502,nwmjatam,Bronstone Stables,52.583855,-1.907368,,,
43000655501,nwmjataj,Bronstone Stables,52.584045,-1.907707,,,
43000657002,nwmjatga,Paddock Lane,52.600788,-1.928062,,,
43000657001,nwmjatdw,Paddock Lane,52.600761,-1.927855,,,
43000657201,nwmjatgm,Stapleton Road,52.600151,-1.931459,,,
43000657202,nwmjatgp,Stapleton Road,52.599918,-1.931976,,,
43000657302,nwmtptaj,Gretton Crescent,52.599174,-1.93428,,,
43000657301,nwmjatgt,Gretton Crescent,52.599319,-1.933926,,,
43000657402,nwmtgjtm,Berry Drive,52.598431,-1.938873,,,
43000657401,nwmjatgw,Berry Drive,52.59845,-1.939036,,,
43000657502,nwmtgjtp,Linley Wood Road,52.599369,-1.942091,,,
43000657501,nwmjatja,Linley Wood Road,52.599449,-1.942016,,,
43000658101,nwmjatjd,Moss Close,52.601524,-1.924045,,,
43000658102,nwmjatjg,Moss Close,52.601551,-1.923484,,,
43000658202,nwmjatjp,New Road,52.600208,-1.921891,,,
43000658201,nwmjatjm,New Road,52.599751,-1.923236,,,
43000658302,nwmjatjw,Parkhouse Grove,52.598782,-1.925925,,,
43000658301,nwmjatjt,Parkhouse Grove,52.598541,-1.926353,,,
43000658401,nwmjatma,Dilke Road,52.597778,-1.929868,,,
43000658402,nwmjatmd,Dilke Road,52.597778,-1.929366,,,
43000658501,nwmjatmg,Westbrook Avenue,52.596775,-1.934904,,,
43000658502,nwmjatmj,Westbrook Avenue,52.596516,-1.934949,,,
43000658602,nwmjatmt,Bosty Lane,52.595959,-1.936072,,,
43000658601,nwmjatmp,Bosty Lane,52.595768,-1.936795,,,
43000658702,nwmjatpa,Airfield Drive,52.593189,-1.939057,,,
43000658701,nwmjatmw,Airfield Drive,52.593056,-1.939427,,,
43000658802,nwmwgpja,Druids Lodge,52.61338,-1.908414,,,
43000658801,nwmwdpdw,Druids Lodge,52.6133,-1.908857,,,
43000658901,nwmwdpgj,Kinver Crescent,52.615932,-1.909073,,,
43000658902,nwmwgpgw,Kinver Crescent,52.615952,-1.90928,,,
43000659101,nwmjatpd,Walsall Garden Centre,52.581512,-1.926278,,,
43000659102,nwmjatpg,Walsall Garden Centre,52.581379,-1.926382,,,
43000659202,nwmjatpm,Barr Beacon Crossroads,52.58057,-1.913824,,,
43000659201,nwmjatpj,Barr Beacon Crossroads,52.580696,-1.913986,,,
43000659301,nwmjatpt,Lodge Grove,52.598869,-1.921628,,,
43000659302,nwmjatpw,Lodge Grove,52.59861,-1.921806,,,
43000659402,nwmjatwd,Gaydon Road,52.593952,-1.920633,,,
43000659401,nwmjatwa,Gaydon Road,52.59486,-1.921251,,,
43000659502,nwmjatwj,Beacon Rise,52.592205,-1.917787,,,
43000659501,nwmjatwg,Beacon Rise,52.592384,-1.917846,,,
43000659601,nwmjatwm,Barr Common Road,52.589436,-1.9167,,,
43000659602,nwmjatwp,Barr Common Road,52.589561,-1.916596,,,
43000659701,nwmjatwt,Longwood House,52.586056,-1.914684,,,
43000659702,nwmjawad,Longwood House,52.586136,-1.914595,,,
43000659802,nwmjawaj,No. 145,52.584137,-1.913182,,,
43000659801,nwmjawag,No. 145,52.584148,-1.913463,,,
43000659901,nwmwadjt,Bescot Stadium,52.564266,-1.990657,,,
43000660001,nwmwapgd,The Crescent,52.5784,-1.958557,,,
43000660002,nwmwapgj,The Crescent,52.578465,-1.959044,,,
43000660102,nwmjawap,Skip Lane,52.581039,-1.931548,,,
43000660101,nwmjawam,Skip Lane,52.580933,-1.931976,,,
43000660201,nwmjawat,Longwood Lane,52.581261,-1.939118,,,
43000660202,nwmjawaw,Longwood Lane,52.581062,-1.940535,,,
43000660302,nwmjawdg,Wood End Farm,52.579536,-1.943622,,,
43000660301,nwmjawda,Wood End Farm,52.579105,-1.944168,,,
43000660402,nwmjawdm,Wood End Road,52.57843,-1.946205,,,
43000660401,nwmjawdj,Wood End Road,52.578197,-1.946885,,,
43000660502,nwmjawdt,Greaves Avenue,52.578819,-1.950603,,,
43000660501,nwmjawdp,Greaves Avenue,52.578831,-1.952167,,,
43000660603,nwmjawdw,The Crescent,52.578861,-1.960446,,,
43000660604,nwmjawga,The Crescent,52.578903,-1.960623,,,
43000660702,nwmtmdpa,Athlone Road,52.575531,-1.956686,,,
43000660701,nwmtmdpd,Athlone Road,52.575657,-1.956627,,,
43000660802,nwmtpwat,Furze Way,52.577835,-1.941602,,,
43000660801,nwmjawgd,Furze Way,52.577908,-1.941617,,,
43000660902,nwmjawgj,Elmstead Close,52.580864,-1.93813,,,
43000660903,nwmwawtd,Elmstead Close,52.581036,-1.938203,,,
43000661001,nwmjawgm,Corn Hill,52.579975,-1.938338,,,
43000661101,nwmjawgp,Chuckery Pocket Park,52.586075,-1.97145,,,
43000661102,nwmjawgt,Chuckery Pocket Park,52.585693,-1.970137,,,
43000661202,nwmjawja,Chuckery School,52.584526,-1.968544,,,
43000661201,nwmjawgw,Chuckery School,52.584618,-1.96847,,,
43000661401,nwmjawjm,Willows Road,52.583202,-1.96391,,,
43000661402,nwmjawjp,Willows Road,52.583176,-1.964324,,,
43000661501,nwmjawjt,Willows Road,52.581028,-1.963469,,,
43000661502,nwmtjmtg,Willows Road,52.581108,-1.963528,,,
43000662001,nwmjawmt,Fulbrook Hotel,52.568016,-1.981391,,,
43000662102,nwmdjapm,Six Ways Walsall,52.580059,-1.973948,,,
43000662202,nwmdjapw,Edward Court,52.577084,-1.969434,,,
43000662201,nwmdjapt,Edward Court,52.576939,-1.968992,,,
43000662302,nwmdjatd,Jesson Road,52.575474,-1.966735,,,
43000662301,nwmdjata,Jesson Road,52.574986,-1.965688,,,
43000662401,nwmjawmw,Bernard Street,52.579628,-1.972502,,,
43000662402,nwmtmpmp,Bernard Street,52.579403,-1.971764,,,
43000662501,nwmjawpa,Lumley Road,52.579922,-1.967174,,,
43000662502,nwmjawpd,Lumley Road,52.579807,-1.967455,,,
43000662602,nwmjawpj,Beaconsfield Court,52.580067,-1.964946,,,
43000662601,nwmjawpg,Beaconsfield Court,52.580002,-1.963647,,,
43000662702,nwmjawpt,Brookhouse Road,52.575607,-1.961939,,,
43000662701,nwmjawpm,Brookhouse Road,52.576244,-1.961909,,,
43000662801,nwmjawpw,Queen Mary's Grammar School,52.578491,-1.96505,,,
43000662802,nwmtjpaw,Queen Mary's Grammar School,52.578457,-1.965803,,,
43000662901,nwmtdpgw,Hawes Road,52.569065,-1.977407,,,
43000662902,nwmtajwp,Hawes Road,52.56921,-1.977112,,,
43000663003,nwmjawta,Hawthorn Road,52.564632,-1.977468,,,
43000663004,nwmtptdg,Hawthorn Road,52.564617,-1.976849,,,
43000663101,nwmjawtd,Birmingham Road,52.574078,-1.962885,,,
43000663202,nwmdjatj,Ravensdale Gardens,52.571838,-1.959331,,,
43000663301,nwmdjatm,Queens Road,52.57029,-1.955466,,,
43000663302,nwmdjatp,Queens Road,52.570721,-1.955805,,,
43000663402,nwmdjawa,Charlemont Road,52.568356,-1.95265,,,
43000663401,nwmdjatw,Charlemont Road,52.567123,-1.950645,,,
43000663501,nwmdjawd,Bell Road,52.566441,-1.949879,,,
43000663502,nwmdjawg,Bell Road,52.565693,-1.948596,,,
43000663601,nwmdjawj,Skip Lane,52.56303,-1.945207,,,
43000663602,nwmdjawm,Skip Lane,52.562744,-1.944307,,,
43000663702,nwmjawtj,Walstead Close,52.565723,-1.949452,,,
43000663701,nwmjawtg,Walstead Close,52.565372,-1.950618,,,
43000663904,nwmjawtm,Delves Court,52.564182,-1.977454,,,
43000664102,nwmtmdpg,Birmingham Road,52.565746,-1.947121,,,
43000664101,nwmjawtp,Birmingham Road,52.565746,-1.948139,,,
43000664202,nwmtmdpj,Skip Lane,52.565243,-1.941442,,,
43000664302,nwmtmdpm,Woodside Road,52.568649,-1.939622,,,
43000664402,nwmjdadj,Calthorpe Road,52.570168,-1.941863,,,
43000664401,nwmjdadg,Calthorpe Road,52.569954,-1.941509,,,
43000664501,nwmjdadm,Falmouth Road,52.570683,-1.943766,,,
43000664502,nwmtmdpt,Falmouth Road,52.570824,-1.943928,,,
43000664601,nwmjdadp,Gillity Village,52.571976,-1.946036,,,
43000664701,nwmjdadt,Redruth Road,52.574108,-1.945916,,,
43000664702,nwmtwjwp,Redruth Road,52.57399,-1.945989,,,
43000665101,nwmjdadw,Hart Street,52.578773,-1.981446,,,
43000665201,nwmjdagd,Caldmore Green,52.576233,-1.982849,,,
43000665302,nwmjdagp,Little London,52.575016,-1.980591,,,
43000665301,nwmjdagm,Little London,52.574989,-1.980193,,,
43000665501,nwmjdaja,Corporation Street,52.577572,-1.987541,,,
43000665502,nwmjdajd,Corporation Street,52.577354,-1.988102,,,
43000665602,nwmjdajm,Wednesbury Road,52.575844,-1.989032,,,
43000665601,nwmjdajg,Wednesbury Road,52.575844,-1.98971,,,
43000665701,nwmjdajp,Bescot Crescent,52.575413,-1.991009,,,
43000665702,nwmjdajt,Bescot Crescent,52.575199,-1.991614,,,
43000665801,nwmjdajw,Redhouse Street,52.573391,-1.979102,,,
43000665802,nwmjdama,Redhouse Street,52.573299,-1.979294,,,
43000665902,nwmtjdpa,West Bromwich Street,52.576572,-1.982716,,,
43000666001,nwmtpwjw,Orwell Road,52.580082,-1.962791,,,
43000666101,nwmtatmd,Highgate Drive,52.571239,-1.975134,,,
43000666102,nwmtatmg,Highgate Drive,52.571293,-1.974898,,,
43000666201,nwmtatmj,Walsall Rugby Club,52.569828,-1.973408,,,
43000666202,nwmtatmp,Walsall Rugby Club,52.569973,-1.973275,,,
43000667001,nwmtjmjt,Gloucester Road,52.577465,-1.959813,,,
43000667002,nwmtjmjw,Gloucester Road,52.57761,-1.959842,,,
43000667102,nwmjdapg,St Gabriels Church,52.56485,-1.973087,,,
43000667101,nwmjdapd,St Gabriels Church,52.564766,-1.973072,,,
43000667202,nwmjdapt,Delves Green Road,52.564507,-1.967687,,,
43000667201,nwmjdapm,Delves Green Road,52.56448,-1.968676,,,
43000667301,nwmjdapw,Bell Lane,52.563946,-1.965268,,,
43000667302,nwmjdata,Bell Lane,52.563732,-1.963823,,,
43000667401,nwmjdatd,Maple Drive,52.562794,-1.961419,,,
43000667402,nwmjdatg,Maple Drive,52.562641,-1.960785,,,
43000667502,nwmjdatm,Laurel Road,52.562389,-1.957968,,,
43000667501,nwmjdatj,Laurel Road,52.562263,-1.958292,,,
43000667601,nwmjdatp,Canal Bridge,52.564034,-1.952965,,,
43000667602,nwmjdatw,Canal Bridge,52.564346,-1.952876,,,
43000667902,nwmtjmpj,Cornwall Road,52.572296,-1.959212,,,
43000667901,nwmtjmpg,Cornwall Road,52.572315,-1.959448,,,
43000668002,nwmjdawd,Weston Close,52.571098,-1.980416,,,
43000668001,nwmjdawa,Weston Close,52.570953,-1.980254,,,
43000668201,nwmjdawp,Broadway,52.569202,-1.980579,,,
43000668202,nwmjdawt,Broadway,52.569019,-1.980815,,,
43000668303,nwmtpgtj,Palfrey Park,52.568707,-1.98713,,,
43000668302,nwmjdgad,Palfrey Park,52.568535,-1.986348,,,
43000668401,nwmjdgag,Broadway,52.567242,-1.980152,,,
43000668502,nwmjdgap,Brockhurst Crescent,52.564426,-1.985302,,,
43000668501,nwmjdgam,Brockhurst Crescent,52.56432,-1.985199,,,
43000668601,nwmtatmt,Joseph Leckie School,52.56469,-1.979947,,,
43000668602,nwmtatmw,Joseph Leckie School,52.564625,-1.980581,,,
43000668701,nwmjdgat,Middleton Close,52.565037,-1.978855,,,
43000668802,nwmjdgdg,Fullbrook Road,52.562798,-1.976142,,,
43000668801,nwmjdgda,Fullbrook Road,52.563175,-1.976761,,,
43000668901,nwmjdgdj,Bell Lane,52.560921,-1.974918,,,
43000668902,nwmjdgdm,Bell Lane,52.56118,-1.975272,,,
43000669102,nwmjdgdt,Bradford Arms,52.573608,-1.98825,,,
43000669101,nwmjdgdp,Bradford Arms,52.574085,-1.988191,,,
43000669201,nwmjdgdw,Whitmore Street,52.57288,-1.988826,,,
43000669202,nwmjdgja,Whitmore Street,52.572205,-1.98921,,,
43000669502,nwmjdgjm,Bescot Crescent,52.569328,-1.991025,,,
43000669501,nwmjdgjg,Bescot Crescent,52.569195,-1.991232,,,
43000669601,nwmjdgjp,Wallows Lane,52.568691,-1.993164,,,
43000669602,nwmjdgjt,Wallows Lane,52.568832,-1.993282,,,
43000669701,nwmjdgjw,Sadlers Club,52.564995,-1.992663,,,
43000669702,nwmjdgma,Sadlers Club,52.565212,-1.992796,,,
43000670002,nwmtpgad,Milton Place,52.57019,-1.991689,,,
43000670001,nwmtpdwt,Milton Place,52.570309,-1.991674,,,
43000670102,nwmjdgmt,Ida Road,52.580269,-1.997856,,,
43000670201,nwmjdgmw,Benford Ltd,52.57909,-1.999022,,,
43000670302,nwmjdgpg,Vicarage Terrace,52.576656,-2.001132,,,
43000670301,nwmjdgpd,Vicarage Terrace,52.577328,-2.000704,,,
43000670403,nwmjdgpm,Alumwell School,52.579918,-1.999863,,,
43000670502,nwmjdgpw,Scarborough Close,52.578129,-2.001427,,,
43000670602,nwmjdgtd,Flaxhall Street,52.578388,-2.003965,,,
43000670801,nwmtwmpa,Kerry Court,52.578899,-1.967337,,,
43000670802,nwmtwmpd,Kerry Court,52.578915,-1.967087,,,
43000670901,nwmwawap,Lord Street,52.571735,-1.989829,,,
43000671101,nwmjdgtg,Oxford Street,52.573582,-1.996617,,,
43000671102,nwmjdgtj,Oxford Street,52.573933,-1.99613,,,
43000671202,nwmjdgtp,Wellington Street,52.574604,-2.000586,,,
43000671201,nwmjdgtm,Wellington Street,52.574562,-2.000837,,,
43000671301,nwmjdgtw,Pleck Road,52.573555,-1.999597,,,
43000671302,nwmjdgwa,Pleck Road,52.573345,-1.998904,,,
43000671501,nwmjdgwd,Slaters Lane,52.571487,-2.000851,,,
43000671502,nwmjdgwg,Slaters Lane,52.572033,-2.00091,,,
43000671601,nwmjdgwj,Morrisons Superstore,52.570435,-1.998033,,,
43000671602,nwmjdgwm,Morrisons Superstore,52.570244,-1.998004,,,
43000672102,nwmjdgwt,Wallows Lane,52.568375,-2.001648,,,
43000672101,nwmjdgwp,Wallows Lane,52.570454,-2.001751,,,
43000672201,nwmjdjad,Pleck Motorway Island,52.567646,-2.002415,,,
43000673102,nwmjdjaj,Gower Street,52.575272,-2.005883,,,
43000673101,nwmjdjag,Gower Street,52.574974,-2.005101,,,
43000673202,nwmjdjap,Hough Road,52.575413,-2.011741,,,
43000673201,nwmjdjam,Hough Road,52.575558,-2.010502,,,
43000673301,nwmtatpg,Hough Road,52.573582,-2.006783,,,
43000673302,nwmtatpj,Hough Road,52.573086,-2.006798,,,
43000673602,nwmwgjad,Main entrance,52.583191,-1.99635,,,
43000673601,nwmwgapm,Main entrance,52.583351,-1.996822,,,
43000673701,nwmjdjat,Flaxhall Street,52.580898,-1.999656,,,
43000673802,nwmtjpjw,Manor Hospital,52.583,-1.995642,,,
43000674101,nwmjdjda,Bassett Street,52.583992,-2.003434,,,
43000674201,nwmjdjdj,Water Works,52.582653,-2.004246,,,
43000674301,nwmjdjdp,Alumwell Close,52.581158,-2.002755,,,
43000674401,nwmjdjdt,Reservoir Street,52.580143,-2.004039,,,
43000674701,nwmjdjgd,Durham Place,52.580944,-2.005235,,,
43000674802,nwmjdjgm,Jerome Road,52.58231,-2.008452,,,
43000674901,nwmjdjgw,Ripon Road,52.58445,-2.007183,,,
43000675101,nwmjdjmj,Wolverhampton Street,52.585716,-1.99362,,,
43000675302,nwmjdjpd,Wilbraham Road,52.584755,-1.999184,,,
43000675301,nwmjdjpa,Wilbraham Road,52.584801,-1.999095,,,
43000675401,nwmjdjpg,Bassett Street,52.585052,-2.001383,,,
43000675402,nwmjdjpj,Bassett Street,52.585007,-2.001663,,,
43000675501,nwmjdjpm,Hollyhedge Lane,52.586411,-1.995494,,,
43000675502,nwmjdjpt,Hollyhedge Lane,52.586201,-1.995922,,,
43000675602,nwmjdjta,Pargeter Street,52.586697,-1.99942,,,
43000675601,nwmjdjpw,Pargeter Street,52.586571,-2.000468,,,
43000675701,nwmjdjtd,Alumwell Road,52.587021,-2.003435,,,
43000675702,nwmjdjtg,Alumwell Road,52.586796,-2.003228,,,
43000675802,nwmjdjtj,Primley Avenue,52.587254,-2.0059,,,
43000675803,nwmjdjtm,Primley Avenue,52.587109,-2.007553,,,
43000675901,nwmjdjtp,Bloxwich Lane,52.586967,-2.010047,,,
43000676004,nwmjdjwa,Hollyhedge Close,52.58765,-1.994785,,,
43000676003,nwmjdjtw,Hollyhedge Close,52.587193,-1.994653,,,
43000676101,nwmjdjwd,Birchills Street,52.588737,-1.995066,,,
43000676102,nwmjdjwg,Birchills Street,52.588505,-1.995287,,,
43000676202,nwmtwjdt,Bentley Lane,52.589863,-1.995922,,,
43000676201,nwmjdjwj,Bentley Lane,52.590328,-1.996187,,,
43000676302,nwmjdjwp,Bentley Drive,52.59119,-2.000808,,,
43000676301,nwmjdjwm,Bentley Drive,52.591217,-2.000453,,,
43000676402,nwmjdmad,Reedswood Park,52.591526,-2.00466,,,
43000676401,nwmjdjwt,Reedswood Park,52.591408,-2.004335,,,
43000676501,nwmjdmag,Pouk Hill Close,52.592575,-2.010831,,,
43000676502,nwmjdmaj,Pouk Hill Close,52.592972,-2.010949,,,
43000676601,nwmjdmam,Birchover Road,52.594372,-2.012012,,,
43000676602,nwmjdmap,Birchover Road,52.594276,-2.01182,,,
43000676701,nwmjdmat,Roundabout,52.593906,-2.014374,,,
43000676702,nwmjdmaw,Roundabout,52.594147,-2.014625,,,
43000677002,nwmtmjpg,Naunton Road,52.591713,-2.007952,,,
43000677001,nwmtmjpd,Naunton Road,52.59166,-2.008543,,,
43000680101,nwmjdmda,James Bridge,52.575405,-2.016065,,,
43000680102,nwmjdmdg,James Bridge,52.575405,-2.016552,,,
43000680201,nwmtatwg,Railway Bridge,52.57465,-2.018308,,,
43000680402,nwmjdmdt,Salisbury Street,52.570152,-2.022452,,,
43000680401,nwmjdmdp,Salisbury Street,52.569828,-2.023042,,,
43000680501,nwmjdmdw,All Saints Church,52.568966,-2.026228,,,
43000680502,nwmjdmga,All Saints Church,52.569191,-2.025786,,,
43000680602,nwmjdmgj,Station Street,52.572781,-2.01962,,,
43000680601,nwmjdmgd,Station Street,52.572975,-2.019709,,,
43000680802,nwmtatwp,Ashtree Grove,52.55685,-2.050469,,,
43000681001,nwmtawag,Edinburgh Road,52.556538,-2.06252,,,
43000681002,nwmtawaj,Edinburgh Road,52.556385,-2.063404,,,
43000681401,nwmjdmjm,Gordon Street,52.567192,-2.031804,,,
43000681402,nwmjdmjp,Gordon Street,52.568073,-2.030344,,,
43000681503,nwmdptdm,Darlaston Asda,52.567345,-2.036363,,,
43000681502,nwmjdmjw,Darlaston Asda,52.567284,-2.036451,,,
43000681501,nwmjdmjt,Darlaston Asda,52.567131,-2.036525,,,
43000681504,nwmdptdg,Darlaston Asda,52.567265,-2.036215,,,
43000681602,nwmjdmpd,New Street,52.569313,-2.037279,,,
43000681601,nwmjdmpa,New Street,52.569458,-2.037515,,,
43000681702,nwmtawap,Lees Terrace,52.55394,-2.063165,,,
43000681701,nwmtawam,Lees Terrace,52.553802,-2.062914,,,
43000682801,nwmtawdj,Lichfield Road,52.651318,-1.920884,,,
43000682901,nwmtawdp,Dangerfield Lane,52.557907,-2.036724,,,
43000682902,nwmtawdt,Dangerfield Lane,52.558426,-2.035323,,,
43000683102,nwmjdmtm,Banfield Road,52.559101,-2.03758,,,
43000683101,nwmjdmtj,Banfield Road,52.558784,-2.037418,,,
43000683201,nwmjdmtp,Margaret Road,52.560505,-2.037758,,,
43000683202,nwmjdmtw,Margaret Road,52.561409,-2.038806,,,
43000683301,nwmjdmwa,Victory Avenue,52.563641,-2.039797,,,
43000683302,nwmjdmwd,Victory Avenue,52.563999,-2.040195,,,
43000683401,nwmjdmwg,Moxley Road,52.565231,-2.039253,,,
43000683501,nwmjdmwj,Woods Bank Terrace,52.562786,-2.043396,,,
43000683502,nwmjdmwm,Woods Bank Terrace,52.562634,-2.043897,,,
43000683602,nwmjdmwt,Sandwell Avenue,52.561382,-2.046566,,,
43000683601,nwmjdmwp,Sandwell Avenue,52.561794,-2.045475,,,
43000683801,nwmtptat,St Josephs School,52.572174,-2.036558,,,
43000683802,nwmtptaw,St Josephs School,52.571644,-2.036883,,,
43000684001,nwmtjtaw,County Bridge,52.58733,-2.032556,,,
43000684002,nwmtjtda,County Bridge,52.587132,-2.032615,,,
43000684101,nwmjdpaj,Arnwood Close,52.584843,-2.018991,,,
43000684102,nwmjdpam,Arnwood Close,52.585068,-2.01843,,,
43000684202,nwmjdpat,Bentley Road North,52.585434,-2.024009,,,
43000684201,nwmjdpap,Bentley Road North,52.585121,-2.022149,,,
43000684302,nwmjdpda,Bentley Cemetery,52.586586,-2.02798,,,
43000684301,nwmjdpaw,Bentley Cemetery,52.586746,-2.028984,,,
43000684401,nwmjdpdg,Warwick Avenue,52.586952,-2.034637,,,
43000684402,nwmjdpdj,Warwick Avenue,52.586414,-2.036275,,,
43000684502,nwmjdpdp,County Bridge,52.583691,-2.023492,,,
43000684501,nwmjdpdm,County Bridge,52.584339,-2.023551,,,
43000684602,nwmjdpdw,Wrexham Avenue,52.581955,-2.024037,,,
43000684601,nwmjdpdt,Wrexham Avenue,52.582172,-2.024066,,,
43000684702,nwmtawga,Coronation Road,52.584328,-2.030119,,,
43000684802,nwmtjmat,Dorothy Purcell School,52.555744,-2.050778,,,
43000684902,nwmtjtag,Pitchwood Close,52.570023,-2.04088,,,
43000684901,nwmtjpma,Pitchwood Close,52.569897,-2.040171,,,
43000685102,nwmjdpgd,War Memorial,52.560524,-2.052185,,,
43000685101,nwmjdpga,War Memorial,52.560425,-2.052052,,,
43000685201,nwmjdpgj,Castle View Road,52.560459,-2.054309,,,
43000686302,nwmjdpjd,Forge Road,52.568924,-2.044449,,,
43000686301,nwmjdpja,Forge Road,52.568905,-2.044597,,,
43000686702,nwmwadtj,St Andrews Church,52.587593,-2.031213,,,
43000686701,nwmwadtg,St Andrews Church,52.58778,-2.031332,,,
43000687102,nwmjdpjt,Michael Road,52.571541,-2.046857,,,
43000687101,nwmjdpjp,Michael Road,52.571568,-2.046635,,,
43000687201,nwmjdpjw,Rough Hay Road,52.573517,-2.044601,,,
43000687202,nwmjdpma,Rough Hay Road,52.573456,-2.044498,,,
43000687302,nwmjdpmg,Kennedy Crescent,52.575001,-2.042743,,,
43000687301,nwmjdpmd,Kennedy Crescent,52.574795,-2.042876,,,
43000687401,nwmjdpmj,Khyber Close,52.575912,-2.040929,,,
43000687402,nwmjdpmp,Khyber Close,52.575848,-2.040841,,,
43000687501,nwmtawgd,Yardley Street,52.574383,-2.04019,,,
43000687502,nwmtawgj,Yardley Street,52.574177,-2.040028,,,
43000687602,nwmjdpmw,Willenhall Street,52.572784,-2.039156,,,
43000687601,nwmjdpmt,Willenhall Street,52.572819,-2.039377,,,
43000687702,nwmtawgp,Whitehouse Avenue,52.571331,-2.048288,,,
43000687701,nwmtawgm,Whitehouse Avenue,52.571602,-2.048745,,,
43000687901,nwmwjamj,Airport Way,52.446281,-1.731027,,,
43000688102,nwmjdptg,Why Not,52.57346,-2.035438,,,
43000688101,nwmjdptd,Why Not,52.573532,-2.035232,,,
43000688402,nwmjdpwa,Nags Head,52.575966,-2.034009,,,
43000688401,nwmjdptw,Nags Head,52.575714,-2.033994,,,
43000688702,nwmjdpwm,Bentley Bridge,52.577263,-2.031634,,,
43000688701,nwmjdpwj,Bentley Bridge,52.577343,-2.031826,,,
43000688801,nwmjdpwp,Railway Bridge,52.57906,-2.029407,,,
43000688802,nwmjdpwt,Railway Bridge,52.578621,-2.030248,,,
43000689102,nwmdjawt,Coles Of Bilston,52.559517,-2.057125,,,
43000689101,nwmdjawp,Coles Of Bilston,52.559319,-2.05714,,,
43000689202,nwmdjdag,Bradley Lane,52.55761,-2.054674,,,
43000689201,nwmdjdad,Bradley Lane,52.556973,-2.054157,,,
43000689301,nwmjdtad,Hannah Road,52.556046,-2.0551,,,
43000689302,nwmtpgwj,Hannah Road,52.55645,-2.054274,,,
43000689401,nwmdjdaj,Bull Lane,52.555031,-2.052075,,,
43000689402,nwmdjdam,Bull Lane,52.554512,-2.051898,,,
43000699802,nwmjdtaj,Reedly Road,52.617073,-2.045029,,,
43000699801,nwmjdtag,Reedly Road,52.617245,-2.045014,,,
43000699901,nwmjdtam,Bloomfield Drive,52.617302,-2.038117,,,
43000699902,nwmjdtap,Bloomfield Drive,52.617203,-2.03788,,,
43000700115,nwmdtaga,Wolverhampton Bus Station,52.585823,-2.122292,0.0,430G07001,Q
43000700111,nwmdtadm,Wolverhampton Bus Station,52.585278,-2.122143,0.0,430G07001,L
43000700116,nwmdtagd,Wolverhampton Bus Station,52.585663,-2.122616,0.0,430G07001,R
43000700113,nwmdtadt,Wolverhampton Bus Station,52.585556,-2.122217,0.0,430G07001,N
43000700110,nwmdtadj,Wolverhampton Bus Station,52.585247,-2.121966,0.0,430G07001,K
43000700104,nwmdpwtg,Wolverhampton Bus Station,52.585754,-2.12176,0.0,430G07001,D
43000700103,nwmdpwtm,Wolverhampton Bus Station,52.585609,-2.121716,0.0,430G07001,C
43000700101,nwmdpwta,Wolverhampton Bus Station,52.585304,-2.121671,0.0,430G07001,A
43000700106,nwmdpwtp,Wolverhampton Bus Station,52.585762,-2.1221,0.0,430G07001,F
43000700102,nwmdpwtd,Wolverhampton Bus Station,52.585472,-2.121701,0.0,430G07001,B
43000700108,nwmdtada,Wolverhampton Bus Station,52.585472,-2.12204,0.0,430G07001,H
43000700109,nwmdtadg,Wolverhampton Bus Station,52.585358,-2.121995,0.0,430G07001,J
43000700107,nwmdpwtw,Wolverhampton Bus Station,52.585609,-2.122055,0.0,430G07001,G
43000700117,nwmdtagj,Wolverhampton Bus Station,52.585526,-2.122572,0.0,430G07001,S
43000700118,nwmdtagm,Wolverhampton Bus Station,52.585373,-2.122542,0.0,430G07001,T
43000700119,nwmdtagp,Wolverhampton Bus Station,52.585232,-2.122482,0.0,430G07001,U
43000700114,nwmdtadw,Wolverhampton Bus Station,52.585682,-2.122262,0.0,430G07001,P
43000700112,nwmdtadp,Wolverhampton Bus Station,52.5854,-2.122188,0.0,430G07001,M
43000700401,nwmjdtda,Thornley Street,52.587414,-2.125012,,,
43000700504,nwmtgjtw,University of Wolverhampton,52.587833,-2.126357,,,
43000700501,nwmjdtdm,University of Wolverhampton,52.587601,-2.126031,,,
43000700503,nwmjdtdt,University of Wolverhampton,52.587914,-2.126534,,,
43000701101,nwmjdtgj,Wulfrun Centre,52.583149,-2.127804,,,
43000701102,nwmjdtgm,Wulfrun Centre,52.583164,-2.128055,,,
43000701103,nwmwtpaw,Wulfrun Centre,52.583084,-2.127834,,,
43000701203,nwmagtpd,Tower Street,52.584885,-2.125654,,,
43000701202,nwmjdtgt,Tower Street,52.584805,-2.125639,,,
43000701304,nwmagpmp,Police Station,52.584213,-2.124487,,,
43000701305,nwmwtwmd,Police Station,52.584133,-2.12456,,,
43000701302,nwmjdtja,Police Station,52.584194,-2.124088,,,
43000701301,nwmjdtgw,Police Station,52.584202,-2.12428,,,
43000701303,nwmjdtjd,Police Station,52.584213,-2.124708,,,
43000701901,nwmtawjd,Asda,52.591904,-2.129454,,,
43000702206,nwmagpmj,Art Gallery,52.58643,-2.126854,,,
43000702204,nwmjdtmd,Art Gallery,52.586468,-2.126781,,,
43000702202,nwmjdtjw,Art Gallery,52.586529,-2.126501,,,
43000702203,nwmjdtma,Art Gallery,52.586483,-2.126678,,,
43000702301,nwmjdtmj,Red Lion Street,52.58551,-2.130424,,,
43000702303,nwmjdtmt,Red Lion Street,52.585445,-2.130807,,,
43000702302,nwmjdtmp,Red Lion Street,52.585464,-2.130674,,,
43000703001,nwmwtpap,Skinner Street,52.584923,-2.13175,,,
43000703201,nwmjdtpm,Salop Street,52.584053,-2.131807,,,
43000703202,nwmjdtpt,Salop Street,52.583843,-2.131895,,,
43000703302,nwmjdtwa,Ring Road,52.583538,-2.132853,,,
43000703301,nwmjdtpw,Ring Road,52.583744,-2.132927,,,
43000704101,nwmjdtwd,Fold St Car Park,52.585182,-2.133463,,,
43000704102,nwmjdtwg,Fold St Car Park,52.585228,-2.132843,,,
43000704201,nwmjdtwj,Clarence Street,52.586002,-2.132078,,,
43000704202,nwmjdtwm,Clarence Street,52.586182,-2.132315,,,
43000704203,nwmjdtwp,Clarence Street,52.585644,-2.132166,,,
43000705102,nwmjdwad,Park Avenue,52.589455,-2.133107,,,
43000705101,nwmjdtwt,Park Avenue,52.589272,-2.133107,,,
43000705202,nwmjdwaj,Dunkley Street,52.591095,-2.135637,,,
43000705201,nwmjdwag,Dunkley Street,52.590755,-2.134646,,,
43000705302,nwmjdwap,Molineux Stadium,52.590244,-2.132047,,,
43000705301,nwmjdwam,Molineux Stadium,52.589733,-2.13209,,,
43000706101,nwmjdwat,Church Street,52.581715,-2.131224,,,
43000706502,nwmtgjwd,School Street,52.582451,-2.133219,,,
43000706702,nwmjdwdw,Old Hall Street,52.583199,-2.123524,,,
43000706701,nwmjdwdt,Old Hall Street,52.583397,-2.12354,,,
43000706801,nwmtjtwt,London Place,52.58239,-2.132038,,,
43000707101,nwmjdwga,Temple Street,52.582512,-2.126076,,,
43000707102,nwmtgjwj,Temple Street,52.581863,-2.125779,,,
43000707302,nwmjdwgp,Grove Street,52.576633,-2.126413,,,
43000707301,nwmjdwgm,Grove Street,52.576416,-2.126206,,,
43000708301,nwmjdwgt,Hospital Street,52.581963,-2.118843,,,
43000708302,nwmjdwgw,Hospital Street,52.582207,-2.118445,,,
43000708402,nwmjdwjd,Sutherland Place,52.580345,-2.117761,,,
43000708401,nwmjdwja,Sutherland Place,52.580311,-2.117569,,,
43000708601,nwmjdwjg,Eagle Street,52.57999,-2.113067,,,
43000708602,nwmjdwjm,Eagle Street,52.580185,-2.11413,,,
43000709102,nwmjdwmg,Shakespeare Street,52.584923,-2.116666,,,
43000709101,nwmjdwmd,Shakespeare Street,52.584797,-2.116946,,,
43000709202,nwmdptdp,Ward Street,52.584839,-2.118703,,,
43000709201,nwmtawjt,Ward Street,52.58456,-2.119351,,,
43000710101,nwmjdwmj,Minerva Wharf,52.584682,-2.113168,,,
43000710102,nwmjdwmp,Minerva Wharf,52.584789,-2.113212,,,
43000710201,nwmjdwmt,Corser Street,52.584255,-2.109831,,,
43000710202,nwmjdwmw,Corser Street,52.584488,-2.110083,,,
43000710301,nwmjdwpa,Hickman Avenue,52.58345,-2.104767,,,
43000710302,nwmjdwpd,Hickman Avenue,52.583405,-2.105815,,,
43000710401,nwmjdwpg,Old Heath Crescent,52.583237,-2.101224,,,
43000710502,nwmjdwpm,Plascom Road,52.583382,-2.099749,,,
43000710501,nwmjdwpj,Plascom Road,52.583241,-2.097919,,,
43000710602,nwmjdwpw,Mayfield Medical Centre,52.583424,-2.094465,,,
43000710601,nwmjdwpt,Mayfield Medical Centre,52.583332,-2.094834,,,
43000710701,nwmjdwta,Hurstbourne Crescent,52.583534,-2.089138,,,
43000710702,nwmjdwtd,Hurstbourne Crescent,52.583595,-2.089463,,,
43000711101,nwmjdwtg,St Giles Crescent,52.584755,-2.103619,,,
43000711102,nwmwdwam,St Giles Crescent,52.584755,-2.10387,,,
43000711201,nwmjdwtj,St Giles Road,52.586826,-2.099594,,,
43000711202,nwmjdwtm,St Giles Road,52.587212,-2.098975,,,
43000711301,nwmjdwtp,Bowmans Rise,52.588509,-2.096129,,,
43000711302,nwmjdwtw,Bowmans Rise,52.588627,-2.095657,,,
43000711401,nwmjgada,Julian Road,52.586472,-2.091491,,,
43000711402,nwmjgadg,Julian Road,52.586285,-2.09087,,,
43000711601,nwmtwgwj,The Jane Lane School,52.591217,-2.016381,,,
43000711602,nwmtwgwm,The Jane Lane School,52.591209,-2.015805,,,
43000711701,nwmwajgw,Stirling Road,52.553551,-2.062766,,,
43000711702,nwmwajtp,Stirling Road,52.553211,-2.064417,,,
43000712101,nwmjgadj,Deansfield School,52.585423,-2.089304,,,
43000712102,nwmjgadm,Deansfield School,52.584892,-2.087975,,,
43000712202,nwmtawmd,Wentbridge Road,52.582069,-2.086995,,,
43000712201,nwmtawma,Wentbridge Road,52.581982,-2.086862,,,
43000712302,nwmjgadt,Deans Road,52.583508,-2.086496,,,
43000712301,nwmjgadp,Deans Road,52.583691,-2.086777,,,
43000712402,nwmjgadw,Cleveland Close,52.583836,-2.08173,,,
43000712403,nwmjgaga,Cleveland Close,52.583576,-2.080903,,,
43000712502,nwmjgagj,Noose Lane,52.584011,-2.074395,,,
43000712501,nwmjgagd,Noose Lane,52.583439,-2.073036,,,
43000712602,nwmjgagp,Portobello Island,52.583092,-2.068401,,,
43000712601,nwmjgagm,Portobello Island,52.582901,-2.068814,,,
43000712701,nwmjgagt,Uplands Road,52.581886,-2.079527,,,
43000712802,nwmjgaja,Hill Road,52.581577,-2.07355,,,
43000712801,nwmjgagw,Hill Road,52.581539,-2.073786,,,
43000712902,nwmjgajg,Royal Oak,52.580906,-2.068811,,,
43000712901,nwmjgajd,Royal Oak,52.580879,-2.069151,,,
43000713001,nwmtawmg,Mount Road,52.579666,-2.068101,,,
43000713002,nwmwajtd,Mount Road,52.579613,-2.06785,,,
43000713102,nwmjgajp,Alcester Drive,52.580528,-2.078964,,,
43000713101,nwmjgajm,Alcester Drive,52.580799,-2.079053,,,
43000713202,nwmtawmp,Green Lanes,52.577068,-2.077998,,,
43000713201,nwmtawmj,Green Lanes,52.576916,-2.078338,,,
43000713301,nwmjgajt,Hill Road,52.578735,-2.075552,,,
43000713302,nwmjgajw,Hill Road,52.579014,-2.075965,,,
43000713401,nwmjgama,Bunkers Hill Lane,52.576786,-2.070723,,,
43000713402,nwmjgamd,Bunkers Hill Lane,52.57719,-2.071462,,,
43000713502,nwmjgamj,Newman Place,52.575325,-2.06622,,,
43000713501,nwmjgamg,Newman Place,52.575729,-2.067239,,,
43000713602,nwmtawpd,Moseley Road,52.579254,-2.077589,,,
43000713601,nwmtawpa,Moseley Road,52.579075,-2.077914,,,
43000713702,nwmtmwta,Beccles Drive,52.57811,-2.066254,,,
43000713801,nwmtawpg,Arnhem Road,52.578953,-2.071464,,,
43000713901,nwmjgamp,Hadley Road,52.572098,-2.089218,,,
43000714001,nwmtpjtj,Century Drive,52.575382,-2.056024,,,
43000714101,nwmjgamt,The Keyway,52.575615,-2.058459,,,
43000714102,nwmjgamw,The Keyway,52.575661,-2.058164,,,
43000714202,nwmjgapa,Bilston Road,52.57431,-2.062249,,,
43000714203,nwmtwjtj,Bilston Road,52.574104,-2.061895,,,
43000714301,nwmjgapd,St Chads Road,52.572674,-2.062926,,,
43000714302,nwmjgapg,St Chads Road,52.572304,-2.06325,,,
43000714402,nwmjgapm,Poplar Road,52.570633,-2.066257,,,
43000714401,nwmjgapj,Poplar Road,52.571091,-2.065432,,,
43000714501,nwmjgapt,Darlaston Lane,52.572945,-2.058913,,,
43000714502,nwmjgapw,Darlaston Lane,52.573196,-2.058633,,,
43000714601,nwmjgata,St Chads Road,52.569584,-2.061003,,,
43000714602,nwmjgatd,St Chads Road,52.569584,-2.060841,,,
43000714701,nwmjgatg,Bunkers Hill Lane,52.570461,-2.067039,,,
43000714801,nwmtawpj,Shale Street,52.565613,-2.084868,,,
43000714901,nwmtawpm,Merstone Close,52.567787,-2.086657,,,
43000715002,nwmtgwga,Cullwick Street,52.57605,-2.094523,,,
43000715101,nwmjgatj,Cable Street,52.575989,-2.105856,,,
43000715102,nwmjgatm,Cable Street,52.576946,-2.107172,,,
43000715302,nwmjgawa,Holloway Street,52.573448,-2.099313,,,
43000715301,nwmjgatw,Holloway Street,52.573387,-2.098723,,,
43000715401,nwmjgawd,Stow Heath Lane,52.572651,-2.096257,,,
43000715402,nwmjgawg,Stow Heath Lane,52.572777,-2.097423,,,
43000715502,nwmjgawm,Hall Park Street,52.571011,-2.091473,,,
43000715501,nwmjgawj,Hall Park Street,52.571144,-2.091385,,,
43000715601,nwmjgawp,Bilston Cemetery,52.569492,-2.086631,,,
43000715602,nwmjgawt,Bilston Cemetery,52.569942,-2.088122,,,
43000715701,nwmjgdad,Bilston College,52.568867,-2.083531,,,
43000715702,nwmjgdag,Bilston College,52.569218,-2.084668,,,
43000715802,nwmjgdam,Villiers Avenue,52.568329,-2.080388,,,
43000715801,nwmjgdaj,Villiers Avenue,52.568214,-2.080447,,,
43000715902,nwmtpwtw,Giffard Road,52.574757,-2.094771,,,
43000715901,nwmjgdap,Giffard Road,52.574738,-2.094904,,,
43000716101,nwmtawpw,Laburnum Road,52.577553,-2.092889,,,
43000716102,nwmdpdjw,Laburnum Road,52.577461,-2.093316,,,
43000716201,nwmjgdat,Thornton Road,52.578587,-2.091179,,,
43000716202,nwmjgdaw,Thornton Road,52.578796,-2.091135,,,
43000716301,nwmjgdga,Wassell Road,52.571793,-2.077694,,,
43000716302,nwmjgdgd,Wassell Road,52.571739,-2.077812,,,
43000716402,nwmjgdgm,Cumberland Road,52.573601,-2.077269,,,
43000716401,nwmjgdgj,Cumberland Road,52.574337,-2.077595,,,
43000716502,nwmjgdgt,Green Park Avenue,52.576015,-2.079856,,,
43000716501,nwmjgdgp,Green Park Avenue,52.576195,-2.079399,,,
43000716602,nwmjgdja,Middleway Green,52.575203,-2.083588,,,
43000716601,nwmjgdgw,Middleway Green,52.57515,-2.083337,,,
43000716701,nwmjgdjd,Park Meadow Avenue,52.576546,-2.083413,,,
43000716802,nwmjgdjp,Church Green,52.578362,-2.084523,,,
43000716801,nwmjgdjm,Church Green,52.578522,-2.084878,,,
43000716902,nwmwjmjp,Stowlawn School,52.575516,-2.089727,,,
43000717003,nwmjgdma,Loxdale Street,52.561913,-2.063928,,,
43000717001,nwmjgdjw,Loxdale Street,52.561462,-2.062202,,,
43000717102,nwmtmwgw,Ashley Street,52.568508,-2.071462,,,
43000717101,nwmjgdmd,Ashley Street,52.568947,-2.070755,,,
43000717201,nwmjgdmg,Mountford Lane,52.567616,-2.073585,,,
43000717202,nwmjgdmj,Mountford Lane,52.567524,-2.074161,,,
43000717303,nwmjgdmp,Prouds Lane,52.56757,-2.076964,,,
43000717304,nwmjgdmt,Prouds Lane,52.567684,-2.077259,,,
43000717402,nwmjgdpa,Bilston FC,52.566875,-2.065529,,,
43000717401,nwmjgdmw,Bilston FC,52.566929,-2.065603,,,
43000717601,nwmdjdap,Tame Street,52.563099,-2.067087,,,
43000717602,nwmdjdat,Tame Street,52.56377,-2.068135,,,
43000717702,nwmdjdaw,Oxford Street,52.561211,-2.063352,,,
43000717802,nwmdjdgd,Great Bridge Road,52.560684,-2.05959,,,
43000717801,nwmdjdga,Great Bridge Road,52.560558,-2.059073,,,
43000717906,nwmdjdja,Bilston Bus Station,52.56525,-2.075307,0.0,430G07179,F
43000717903,nwmdjdgp,Bilston Bus Station,52.565243,-2.074909,0.0,430G07179,C
43000717901,nwmdjdgj,Bilston Bus Station,52.56496,-2.07485,0.0,430G07179,A
43000717905,nwmdjdgw,Bilston Bus Station,52.565395,-2.075249,0.0,430G07179,E
43000717907,nwmdjdjd,Bilston Bus Station,52.565132,-2.075174,0.0,430G07179,G
43000717902,nwmdjdgm,Bilston Bus Station,52.565125,-2.074805,0.0,430G07179,B
43000717904,nwmdjdgt,Bilston Bus Station,52.565365,-2.075057,0.0,430G07179,D
43000718001,nwmjgdpd,Wellington Road,52.567902,-2.076109,,,
43000718002,nwmjgdpg,Wellington Road,52.567955,-2.076404,,,
43000718102,nwmjgdpm,Carder Crescent,52.559891,-2.075564,,,
43000718101,nwmjgdpj,Carder Crescent,52.55991,-2.075446,,,
43000718201,nwmjgdpt,Pickwick Place,52.558212,-2.073083,,,
43000718202,nwmjgdpw,Pickwick Place,52.558147,-2.073127,,,
43000718301,nwmjgdta,Ash Street,52.556702,-2.0737,,,
43000718302,nwmjgdtd,Ash Street,52.55682,-2.073715,,,
43000718402,nwmjgdtj,Lord Street West,52.553581,-2.074889,,,
43000718401,nwmjgdtg,Lord Street West,52.55402,-2.074787,,,
43000718501,nwmjgdtm,Greenway Road,52.558197,-2.06705,,,
43000718502,nwmjgdtp,Greenway Road,52.558296,-2.067802,,,
43000718601,nwmjgdtw,Pirbright Close,52.557793,-2.070722,,,
43000718602,nwmjgdwa,Pirbright Close,52.557358,-2.070397,,,
43000718701,nwmjgdwd,Lord Street,52.555725,-2.069686,,,
43000718702,nwmjgdwg,Lord Street,52.555614,-2.069745,,,
43000718801,nwmjgdwj,Cross Street,52.552616,-2.06713,,,
43000718802,nwmjgdwm,Cross Street,52.552616,-2.067337,,,
43000718901,nwmjgdwp,Wesley Street,52.550636,-2.06726,,,
43000718902,nwmjgdwt,Wesley Street,52.550674,-2.067599,,,
43000719102,nwmtpwtm,Wallace Road,52.554913,-2.058933,,,
43000719101,nwmjgjaj,Wallace Road,52.555,-2.058122,,,
43000719202,nwmtpmpa,Edinburgh Road,52.55431,-2.060717,,,
43000719201,nwmjgjam,Edinburgh Road,52.554535,-2.06029,,,
43000719302,nwmtpagt,Bradley Lane,52.553104,-2.063223,,,
43000719301,nwmjgjap,Bradley Lane,52.552979,-2.063222,,,
43000719402,nwmtpagw,Pace Crescent,52.551117,-2.061568,,,
43000719401,nwmjgjat,Pace Crescent,52.550831,-2.061435,,,
43000719501,nwmjgjaw,Meldon Drive,52.550137,-2.058735,,,
43000719601,nwmjgjda,Humphries Crescent,52.548737,-2.059043,,,
43000719701,nwmdjdjg,Railway Bridge,52.55267,-2.050907,,,
43000719901,nwmjgjdj,War Memorial,52.565945,-2.072358,,,
43000719902,nwmtgtpt,War Memorial,52.565655,-2.072004,,,
43000720202,nwmjgjgd,Rounds Road,52.551872,-2.075166,,,
43000720201,nwmjgjga,Rounds Road,52.552753,-2.075286,,,
43000720401,nwmjgjgj,Industrial Park,52.558395,-2.083688,,,
43000720402,nwmtwtmp,Industrial Park,52.560059,-2.08319,,,
43000720501,nwmjgjgm,Withy Road,52.556873,-2.085323,,,
43000720502,nwmjgjgp,Withy Road,52.557106,-2.085559,,,
43000720602,nwmjgjgw,Ladymoor Road,52.555023,-2.083859,,,
43000720601,nwmjgjgt,Ladymoor Road,52.554951,-2.084242,,,
43000721102,nwmjgjmd,Hickman Road,52.563793,-2.086118,,,
43000721101,nwmjgjma,Hickman Road,52.563465,-2.084524,,,
43000721202,nwmjgjmj,Tarmac Road,52.565037,-2.095149,,,
43000721201,nwmjgjmg,Tarmac Road,52.564232,-2.09143,,,
43000721301,nwmjgjmp,Rockwell Thompson Works,52.565475,-2.097732,,,
43000721302,nwmjgjmt,Rockwell Thompson Works,52.565762,-2.09819,,,
43000721501,nwmjgjmw,Ettingshall Road,52.566219,-2.100315,,,
43000721602,nwmtmtga,Chem Road,52.564278,-2.090412,,,
43000721601,nwmjgjpa,Chem Road,52.563953,-2.088597,,,
43000721802,nwmjgjpg,Green Park Avenue,52.5751,-2.090272,,,
43000721902,nwmjgjpm,Lambeth Road,52.573402,-2.089767,,,
43000722001,nwmjgjpt,Craven Street,52.566673,-2.105007,,,
43000722002,nwmjgjpw,Craven Street,52.566353,-2.103163,,,
43000722101,nwmjgjta,Windsor Nursery School,52.566708,-2.106837,,,
43000722202,nwmjgjtg,Bronte Road,52.567932,-2.104937,,,
43000722301,nwmjgjtj,Rough Hills Road,52.569443,-2.105353,,,
43000722302,nwmjgjtm,Rough Hills Road,52.569695,-2.105354,,,
43000722402,nwmjgjtw,Rough Hills Road,52.570179,-2.107229,,,
43000722401,nwmjgjtp,Rough Hills Road,52.569908,-2.107081,,,
43000722501,nwmjgjwa,Dixon Street,52.571892,-2.111335,,,
43000722502,nwmjgjwd,Dixon Street,52.571953,-2.11104,,,
43000722601,nwmjgjwg,Thorne Street,52.573025,-2.102012,,,
43000722602,nwmwjgat,Thorne Street,52.572746,-2.102661,,,
43000722701,nwmwajgp,Ivanhoe Road,52.567566,-2.104847,,,
43000722901,nwmwgmdt,Bankfield Road,52.562309,-2.076291,,,
43000722902,nwmwgmdw,Bankfield Road,52.561958,-2.077072,,,
43000723101,nwmjgjwj,Cable Street,52.576122,-2.114902,,,
43000723102,nwmjgjwm,Cable Street,52.576241,-2.114769,,,
43000723201,nwmjgjwp,All Saints Church,52.577766,-2.115172,,,
43000723202,nwmjgjwt,All Saints Church,52.578197,-2.115335,,,
43000723301,nwmjgmad,Pond Lane,52.573311,-2.114009,,,
43000723302,nwmjgmag,Pond Lane,52.573605,-2.113892,,,
43000723402,nwmjgmam,Whittaker Street,52.571087,-2.11418,,,
43000723401,nwmjgmaj,Whittaker Street,52.571217,-2.113546,,,
43000724101,nwmjgmap,Cartwright Street,52.576637,-2.121676,,,
43000724201,nwmjgmaw,Vicarage Road,52.576088,-2.122073,,,
43000724302,nwmjgmdj,Derry Street,52.574692,-2.123781,,,
43000724301,nwmjgmdg,Derry Street,52.575359,-2.123753,,,
43000724401,nwmjgmdm,Silver Birch Road,52.572906,-2.122153,,,
43000724402,nwmjgmdp,Silver Birch Road,52.572422,-2.120809,,,
43000724501,nwmjgmdt,Mason Street,52.573997,-2.126302,,,
43000724502,nwmjgmdw,Mason Street,52.574257,-2.126451,,,
43000724602,nwmjgmgd,Curzon Street,52.572353,-2.125707,,,
43000724601,nwmjgmga,Curzon Street,52.572075,-2.125234,,,
43000724802,nwmjgmgt,Lilleshall Crescent,52.573689,-2.120148,,,
43000724801,nwmjgmgp,Lilleshall Crescent,52.573906,-2.120385,,,
43000724901,nwmjgmgw,Pond Lane,52.572449,-2.118817,,,
43000725002,nwmtjtpt,Barton Road,52.560108,-2.109255,,,
43000725001,nwmtjtjp,Barton Road,52.560333,-2.109108,,,
43000725102,nwmjgmjg,Rowan Tree Drive,52.569618,-2.11819,,,
43000725101,nwmjgmjd,Rowan Tree Drive,52.57024,-2.118368,,,
43000725201,nwmjgmjm,Martin Street,52.566975,-2.109641,,,
43000725202,nwmtmwmt,Martin Street,52.566849,-2.109861,,,
43000725301,nwmjgmjp,Thompson Avenue,52.566837,-2.11442,,,
43000725302,nwmjgmjt,Thompson Avenue,52.56678,-2.116721,,,
43000725402,nwmjgmpa,Parkfield,52.563374,-2.114101,,,
43000725401,nwmjgmjw,Parkfield,52.563663,-2.11481,,,
43000725501,nwmtawta,Wolverhampton Road,52.567074,-2.119599,,,
43000726001,nwmjgmpd,Lanesfield Drive,52.559441,-2.101391,,,
43000726002,nwmjgmpg,Lanesfield Drive,52.559376,-2.101538,,,
43000726102,nwmjgmpm,Walton Crescent,52.561058,-2.111735,,,
43000726101,nwmjgmpj,Walton Crescent,52.561398,-2.112473,,,
43000726201,nwmjgmpt,Crabtree Close,52.559246,-2.109828,,,
43000726202,nwmjgmpw,Crabtree Close,52.559559,-2.110507,,,
43000726301,nwmjgmta,Laburnam Road,52.558228,-2.108822,,,
43000726302,nwmjgmtd,Laburnam Road,52.557961,-2.108055,,,
43000726402,nwmjgmtj,Ettingshall Park Farm,52.555458,-2.110851,,,
43000726401,nwmjgmtg,Ettingshall Park Farm,52.555271,-2.111234,,,
43000726501,nwmjgmtm,Hill Avenue,52.556522,-2.105588,,,
43000726502,nwmjgmtp,Hill Avenue,52.556374,-2.104835,,,
43000726601,nwmjgmtw,Railway Bridge,52.564125,-2.101284,,,
43000726602,nwmjgmwa,Railway Bridge,52.5639,-2.101121,,,
43000726801,nwmjgmwj,Bate Street,52.554279,-2.100597,,,
43000726802,nwmjgmwm,Bate Street,52.554245,-2.10073,,,
43000726901,nwmjgmwp,Woodcross Lane,52.552025,-2.099236,,,
43000727001,nwmtjpmg,Health Centre,52.551674,-2.099677,,,
43000727002,nwmtjpmj,Health Centre,52.551586,-2.099633,,,
43000727101,nwmjgmwt,Dovedale Road,52.554054,-2.11334,,,
43000727102,nwmtgajg,Dovedale Road,52.553822,-2.113531,,,
43000727202,nwmjgpag,Grosvenor Road,52.551422,-2.112478,,,
43000727201,nwmjgpad,Grosvenor Road,52.551743,-2.112759,,,
43000727301,nwmjgpaj,Camberley Crescent,52.549652,-2.111043,,,
43000727302,nwmtwtjw,Camberley Crescent,52.550056,-2.111206,,,
43000727402,nwmjgpap,Ruskin Avenue,52.550964,-2.109217,,,
43000727403,nwmjgpam,Ruskin Avenue,52.551216,-2.109174,,,
43000727501,nwmjgpat,Mount Road,52.552578,-2.106478,,,
43000727502,nwmjgpaw,Mount Road,52.552372,-2.106433,,,
43000727602,nwmjgpdg,Dawson Avenue,52.550888,-2.105043,,,
43000727601,nwmjgpda,Dawson Avenue,52.551075,-2.105486,,,
43000727702,nwmjgpdm,Bellevue Street,52.549591,-2.106515,,,
43000727701,nwmjgpdj,Bellevue Street,52.550098,-2.105336,,,
43000727802,nwmjgpdt,Wathan Avenue,52.548405,-2.108636,,,
43000727801,nwmjgpdp,Wathan Avenue,52.548782,-2.108135,,,
43000727901,nwmtawtd,Falcon Crescent,52.548664,-2.110082,,,
43000727902,nwmtawtg,Falcon Crescent,52.548565,-2.109683,,,
43000728001,nwmjgpdw,Childs Avenue,52.546146,-2.099768,,,
43000728002,nwmjgpga,Childs Avenue,52.546074,-2.09903,,,
43000728102,nwmtwmtw,Robert Wynd,52.547047,-2.107674,,,
43000728101,nwmjgpgd,Robert Wynd,52.547253,-2.108279,,,
43000728201,nwmtawtj,Hall Lane,52.545456,-2.105945,,,
43000728502,nwmjgpgt,Ettingshall Road,52.546345,-2.096362,,,
43000728501,nwmjgpgp,Ettingshall Road,52.546345,-2.096672,,,
43000728602,nwmjgpja,Meadow Lane,52.550735,-2.096416,,,
43000728601,nwmjgpgw,Meadow Lane,52.551552,-2.096462,,,
43000728705,nwmjgpjg,Meadow Lane,52.548946,-2.093197,,,
43000728801,nwmjgpjm,Darkhouse Lane,52.54948,-2.088612,,,
43000728802,nwmpmgdp,Darkhouse Lane,52.549698,-2.088612,,,
43000728901,nwmdtawp,Black Country Route,52.553963,-2.094107,,,
43000729101,nwmjgpjp,Knox Road,52.569542,-2.124327,,,
43000729102,nwmjgpjt,Knox Road,52.570465,-2.124772,,,
43000729201,nwmjgpjw,Parkfield Road,52.566612,-2.122209,,,
43000729301,nwmjgpma,Dudding Road,52.565769,-2.121381,,,
43000729302,nwmjgpmd,Dudding Road,52.564816,-2.120921,,,
43000729401,nwmjgpmg,Lawnswood Avenue,52.560898,-2.118933,,,
43000729402,nwmjgpmj,Lawnswood Avenue,52.561481,-2.119009,,,
43000729501,nwmjgpmp,Dovedale Road,52.559551,-2.119534,,,
43000729502,nwmjgpmt,Dovedale Road,52.558838,-2.119665,,,
43000729601,nwmjgpmw,Deborah Close,52.567165,-2.126224,,,
43000729602,nwmjgpta,Deborah Close,52.566998,-2.1255,,,
43000729702,nwmjgptg,Goldthorn Hill,52.56728,-2.130355,,,
43000729701,nwmjgptd,Goldthorn Hill,52.567333,-2.130547,,,
43000729802,nwmjgptm,Himley Crescent,52.565617,-2.129996,,,
43000729801,nwmjgptj,Himley Crescent,52.565651,-2.130129,,,
43000730001,nwmjgpwa,Dudding Road,52.564426,-2.123855,,,
43000730002,nwmjgpwd,Dudding Road,52.564255,-2.124238,,,
43000730101,nwmjgpwg,Penn Road,52.578041,-2.135714,,,
43000730102,nwmjgpwj,Penn Road,52.577763,-2.136348,,,
43000730202,nwmjgpwp,Lea Road,52.577637,-2.134931,,,
43000730201,nwmjgpwm,Lea Road,52.576881,-2.135002,,,
43000730302,nwmjgpwt,Marston Road,52.574257,-2.137119,,,
43000730304,nwmjgtad,Marston Road,52.576153,-2.136033,,,
43000730402,nwmjgtaj,Goldthorn Road,52.573166,-2.138355,,,
43000730401,nwmjgtag,Goldthorn Road,52.572384,-2.139489,,,
43000730502,nwmjgtdj,Stubbs Road,52.570789,-2.141077,,,
43000730501,nwmjgtdg,Stubbs Road,52.57008,-2.142211,,,
43000730602,nwmjgtdp,Stubbs Road,52.5718,-2.14502,,,
43000730601,nwmjgtdm,Stubbs Road,52.571712,-2.145329,,,
43000731101,nwmjgtgp,Lord Street,52.581806,-2.136316,,,
43000731102,nwmjgtgt,Lord Street,52.581699,-2.136286,,,
43000731201,nwmjgtgw,Ashland Street,52.581226,-2.141022,,,
43000731202,nwmjgtja,Ashland Street,52.581299,-2.140063,,,
43000731302,nwmjgtjd,Kimberley Street,52.581028,-2.143117,,,
43000731303,nwmjgtjg,Kimberley Street,52.580856,-2.143205,,,
43000731401,nwmtdada,Lime Street,52.57869,-2.143832,,,
43000731501,nwmjgtjm,Bamford Road,52.577248,-2.146528,,,
43000731502,nwmjgtjp,Bamford Road,52.57732,-2.146602,,,
43000731702,nwmjgtmd,Bruford Road,52.573898,-2.144068,,,
43000731701,nwmjgtma,Bruford Road,52.574535,-2.14373,,,
43000732002,nwmtjwmt,Belmont Road,52.565292,-2.146031,,,
43000732001,nwmjgtmg,Belmont Road,52.565327,-2.145943,,,
43000732101,nwmjgtmj,Mount Road,52.566254,-2.146108,,,
43000732102,nwmjgtmp,Mount Road,52.566612,-2.145932,,,
43000732201,nwmjgtmt,Birchwood Road,52.562866,-2.144017,,,
43000732202,nwmjgtmw,Birchwood Road,52.56308,-2.144209,,,
43000732301,nwmjgtpa,Muchall Road,52.564083,-2.14855,,,
43000732302,nwmjgtpd,Muchall Road,52.563885,-2.148918,,,
43000732402,nwmjgtpj,Pennhouse Avenue,52.561615,-2.151595,,,
43000732401,nwmjgtpg,Pennhouse Avenue,52.56221,-2.150977,,,
43000732501,nwmjgtpm,Manor Road,52.560886,-2.153053,,,
43000732503,nwmjgtpw,Manor Road,52.560074,-2.154496,,,
43000732502,nwmjgtpt,Manor Road,52.560608,-2.153908,,,
43000732601,nwmjgtwa,Church Hill,52.559757,-2.15799,,,
43000732602,nwmjgtwd,Church Hill,52.559429,-2.158786,,,
43000732701,nwmjgtwg,White Gates,52.558769,-2.162427,,,
43000732702,nwmjgtwj,White Gates,52.558632,-2.16337,,,
43000732801,nwmjgtwm,The Hollybush,52.557499,-2.165446,,,
43000732802,nwmjgtwp,The Hollybush,52.557667,-2.165638,,,
43000732901,nwmjgtwt,Springhill Lane,52.556332,-2.169041,,,
43000732902,nwmjgwad,Springhill Lane,52.556358,-2.169542,,,
43000733102,nwmjgwaj,Sandringham Road,52.561344,-2.145089,,,
43000733101,nwmjgwag,Sandringham Road,52.560978,-2.145574,,,
43000733202,nwmjgwap,Rylands Drive,52.558735,-2.147116,,,
43000733201,nwmjgwam,Rylands Drive,52.558834,-2.147264,,,
43000733302,nwmjgwaw,Wakeley Hill,52.556309,-2.148464,,,
43000733301,nwmjgwat,Wakeley Hill,52.556278,-2.148863,,,
43000733401,nwmjgwda,Swan Bank,52.556942,-2.151564,,,
43000733402,nwmjgwdg,Swan Bank,52.556751,-2.151224,,,
43000733502,nwmjgwdm,The Fold,52.558231,-2.155212,,,
43000733501,nwmjgwdj,The Fold,52.558266,-2.155522,,,
43000734101,nwmjgwgd,Beckminster Road,52.569016,-2.151665,,,
43000734102,nwmjgwgj,Beckminster Road,52.569088,-2.150367,,,
43000734201,nwmjgwgm,Church Road,52.569317,-2.154691,,,
43000734202,nwmjgwgp,Church Road,52.569271,-2.155074,,,
43000734301,nwmjgwgt,Windsor Avenue,52.569614,-2.159162,,,
43000734302,nwmjgwgw,Windsor Avenue,52.569527,-2.158852,,,
43000734401,nwmjgwja,Warstones Primary School,52.569584,-2.161965,,,
43000734402,nwmjgwjd,Warstones Primary School,52.56963,-2.161567,,,
43000734502,nwmjgwjm,Laurel Grove,52.570042,-2.162631,,,
43000734501,nwmjgwjg,Laurel Grove,52.57024,-2.162691,,,
43000734601,nwmjgwjp,Warstones Road,52.568249,-2.165796,,,
43000734602,nwmjgwjt,Warstones Road,52.568176,-2.16587,,,
43000734703,nwmjgwma,Goldthorn Hill,52.568214,-2.144005,,,
43000734702,nwmjgwjw,Goldthorn Hill,52.569206,-2.143197,,,
43000734802,nwmjgwmg,The Minster,52.57259,-2.148033,,,
43000734801,nwmjgwmd,The Minster,52.572193,-2.147603,,,
43000735102,nwmjgwmp,Crawford Road,52.584118,-2.145725,,,
43000735101,nwmjgwmj,Crawford Road,52.584549,-2.144398,,,
43000735202,nwmjgwmw,Merridale Lane,52.58316,-2.148349,,,
43000735201,nwmjgwmt,Merridale Lane,52.583736,-2.147686,,,
43000735302,nwmjgwpd,Aspen Way,52.581493,-2.150218,,,
43000735301,nwmjgwpa,Aspen Way,52.58234,-2.149438,,,
43000735401,nwmjgwpg,Downham Place,52.577801,-2.149555,,,
43000735402,nwmjgwpj,Downham Place,52.577789,-2.149791,,,
43000735501,nwmjgwpm,Bantock Avenue,52.578793,-2.153396,,,
43000735502,nwmjgwpt,Bantock Avenue,52.578613,-2.153823,,,
43000735601,nwmjgwpw,Bantock House Museum,52.580776,-2.155247,,,
43000735602,nwmjgwta,Bantock House Museum,52.580761,-2.154214,,,
43000735701,nwmjgwtd,Finchfield Gardens,52.580158,-2.161547,,,
43000735702,nwmjgwtg,Finchfield Gardens,52.58025,-2.161474,,,
43000735801,nwmjgwtj,Bradmore Inn,52.577354,-2.154866,,,
43000735802,nwmjgwtm,Bradmore Inn,52.577442,-2.155103,,,
43000735902,nwmtdadp,Little Birches,52.576485,-2.153166,,,
43000735901,nwmtdadm,Little Birches,52.576797,-2.153625,,,
43000736102,nwmjgwtw,Oxbarn Avenue,52.575218,-2.158828,,,
43000736101,nwmjgwtp,Oxbarn Avenue,52.575298,-2.158976,,,
43000736201,nwmjmada,Marnel Drive,52.573502,-2.163559,,,
43000736202,nwmjmadg,Marnel Drive,52.574268,-2.162676,,,
43000736302,nwmjmadm,Attwell Park,52.572086,-2.166254,,,
43000736301,nwmjmadj,Attwell Park,52.571907,-2.16702,,,
43000736402,nwmjmadt,Five Ways,52.571163,-2.170544,,,
43000736401,nwmjmadp,Five Ways,52.571228,-2.170957,,,
43000736503,nwmtjdta,Hazel Road,52.573093,-2.160001,,,
43000736502,nwmjmadw,Hazel Road,52.572365,-2.16081,,,
43000737101,nwmjmagp,Pinfold Grove,52.569191,-2.168795,,,
43000737102,nwmjmagt,Pinfold Grove,52.56955,-2.168944,,,
43000737202,nwmjmaja,Warstone House,52.568352,-2.169883,,,
43000737201,nwmjmagw,Warstone House,52.568199,-2.170827,,,
43000737301,nwmjmajd,Swancote Drive,52.565838,-2.174787,,,
43000737302,nwmjmajg,Swancote Drive,52.566322,-2.174995,,,
43000737402,nwmjmajp,Enville Road,52.563412,-2.172977,,,
43000737401,nwmjmajm,Enville Road,52.563278,-2.173228,,,
43000737501,nwmjmajt,Hilston Avenue,52.560291,-2.174042,,,
43000738001,nwmwawpa,Ashenden Rise,52.578857,-2.190127,,,
43000738101,nwmjmama,Warstones Drive,52.563446,-2.167017,,,
43000738102,nwmjmamd,Warstones Drive,52.56308,-2.167296,,,
43000738201,nwmjmamg,Hollybush Lane,52.561253,-2.168056,,,
43000738202,nwmjmamj,Hollybush Lane,52.5611,-2.16838,,,
43000738302,nwmjmamt,Bryan Avenue,52.558552,-2.170598,,,
43000738301,nwmjmamp,Bryan Avenue,52.559002,-2.170305,,,
43000738402,nwmjmapa,Spring Hill Lane,52.556705,-2.172567,,,
43000738401,nwmjmamw,Spring Hill Lane,52.556614,-2.172862,,,
43000739101,nwmjmapj,Coppice Road,52.579655,-2.167906,,,
43000739102,nwmjmapm,Coppice Road,52.579807,-2.167404,,,
43000739201,nwmjmapt,White Oak Drive,52.581959,-2.17187,,,
43000739202,nwmjmapw,White Oak Drive,52.581402,-2.172089,,,
43000739302,nwmjmatd,Broughton Road,52.582245,-2.173598,,,
43000739301,nwmjmata,Broughton Road,52.581974,-2.173671,,,
43000739402,nwmjmatj,Brantley Avenue,52.579372,-2.175564,,,
43000739401,nwmjmatg,Brantley Avenue,52.579445,-2.175623,,,
43000739501,nwmjmatm,Castlecroft Gardens,52.577579,-2.179098,,,
43000739502,nwmjmatp,Castlecroft Gardens,52.577679,-2.178346,,,
43000739602,nwmjmawa,Bhylls Lane,52.577045,-2.182018,,,
43000739601,nwmjmatw,Bhylls Lane,52.576935,-2.182239,,,
43000739701,nwmjmawd,Wood Bank Road,52.579021,-2.188077,,,
43000739801,nwmjmawg,Castlecroft Road,52.577877,-2.190684,,,
43000739901,nwmjmawj,Smestow Comp School,52.580868,-2.186373,,,
43000740102,nwmjmawm,Compton Road,52.58532,-2.139028,,,
43000740202,nwmjmawt,Connaught Road,52.586773,-2.143372,,,
43000740201,nwmjmawp,Connaught Road,52.586521,-2.142456,,,
43000740302,nwmjmdag,The Beeches,52.588387,-2.146846,,,
43000740301,nwmjmdad,The Beeches,52.588188,-2.146196,,,
43000740402,nwmjmdam,Hartley Street,52.585907,-2.145332,,,
43000740401,nwmjmdaj,Hartley Street,52.585842,-2.145465,,,
43000740701,nwmjmdgd,Merridale Road,52.585587,-2.142173,,,
43000740702,nwmjmdgj,Merridale Road,52.585667,-2.141907,,,
43000741102,nwmjmdgp,Wolverhampton Grammar School,52.586117,-2.148536,,,
43000741101,nwmjmdgm,Wolverhampton Grammar School,52.586079,-2.149628,,,
43000741202,nwmjmdgw,Marchant Road,52.586578,-2.153689,,,
43000741201,nwmjmdgt,Marchant Road,52.586472,-2.153482,,,
43000741301,nwmjmdja,Avenue Road,52.586498,-2.159415,,,
43000741302,nwmjmdjd,Avenue Road,52.586517,-2.158456,,,
43000741402,nwmjmdjm,Adult Education Centre,52.585945,-2.164387,,,
43000741401,nwmjmdjg,Adult Education Centre,52.585827,-2.164771,,,
43000741501,nwmjmdjp,Alpine Way,52.586517,-2.17239,,,
43000741502,nwmjmdjt,Alpine Way,52.586472,-2.172006,,,
43000741601,nwmjmdjw,Compton Square,52.587276,-2.175315,,,
43000741602,nwmjmdma,Compton Square,52.586918,-2.174354,,,
43000741801,nwmjmdmj,Hatton Road,52.589516,-2.154319,,,
43000742101,nwmjmdmw,Martham Drive,52.585239,-2.178967,,,
43000742102,nwmjmdpa,Martham Drive,52.585201,-2.179395,,,
43000742202,nwmjmdpg,Bramstead Avenue,52.584827,-2.183954,,,
43000742201,nwmjmdpd,Bramstead Avenue,52.584713,-2.18326,,,
43000742301,nwmjmdpj,Torvale Road,52.584553,-2.186964,,,
43000742302,nwmjmdpm,Torvale Road,52.584599,-2.187407,,,
43000742402,nwmjmdpw,Wightwick Bank,52.582428,-2.193331,,,
43000742401,nwmjmdpt,Wightwick Bank,52.58223,-2.193537,,,
43000742501,nwmjmdta,Tinacre Hill,52.58218,-2.198082,,,
43000742502,nwmjmdtd,Tinacre Hill,52.582115,-2.197713,,,
43000743102,nwmjmdtj,Regina Crescent,52.596817,-2.179281,,,
43000743101,nwmjmdtg,Regina Crescent,52.596691,-2.17959,,,
43000743202,nwmjmdtp,Kingsley Avenue,52.594009,-2.180908,,,
43000743201,nwmjmdtm,Kingsley Avenue,52.593983,-2.18107,,,
43000743302,nwmtgjwm,Bramstead Avenue,52.587124,-2.176259,,,
43000743301,nwmjmdtw,Bramstead Avenue,52.587948,-2.177444,,,
43000743402,nwmjmdwd,Grove Lane,52.589203,-2.179958,,,
43000743401,nwmjmdwa,Grove Lane,52.589138,-2.180253,,,
43000743502,nwmtmpgm,Tettenhall Wood Institute,52.590088,-2.181733,,,
43000743501,nwmjmdwg,Tettenhall Wood Institute,52.590099,-2.181585,,,
43000743602,nwmjmdwp,Woodland Avenue,52.591255,-2.183288,,,
43000743702,nwmjmdwt,School Road,52.592083,-2.18366,,,
43000743802,nwmjmgag,Penk Rise,52.59338,-2.187061,,,
43000743801,nwmjmgad,Penk Rise,52.593685,-2.187727,,,
43000743901,nwmjmgaj,Kings Comp School,52.598537,-2.183348,,,
43000744001,nwmtwawp,Danescourt Cemetery,52.603283,-2.179278,,,
43000744002,nwmtwawt,Danescourt Cemetery,52.603382,-2.179086,,,
43000744101,nwmjmgam,Paget Road,52.589973,-2.149937,,,
43000744102,nwmjmgap,Paget Road,52.591022,-2.151505,,,
43000744202,nwmjmgaw,Balfour Crescent,52.593105,-2.153978,,,
43000744201,nwmjmgat,Balfour Crescent,52.592747,-2.153755,,,
43000744301,nwmjgtap,New Hampton Road West,52.59499,-2.156435,,,
43000744302,nwmjmgda,New Hampton Road West,52.59586,-2.157457,,,
43000744401,nwmjmgdg,New Road,52.597088,-2.160414,,,
43000744402,nwmjmgdj,New Road,52.597492,-2.160976,,,
43000744501,nwmjmgdm,Old Hill,52.598118,-2.162765,,,
43000744502,nwmjmgdp,Old Hill,52.598701,-2.163934,,,
43000744602,nwmjmgdw,Regis Road,52.599369,-2.169311,,,
43000744601,nwmjmgdt,Regis Road,52.599422,-2.168735,,,
43000744703,nwmjmgjd,Wrottesley Road,52.600273,-2.172149,,,
43000744701,nwmjmgja,Wrottesley Road,52.599922,-2.17101,,,
43000744801,nwmjmgjg,Grange Road,52.598335,-2.175315,,,
43000744802,nwmjmgjm,Grange Road,52.598335,-2.174902,,,
43000744902,nwmjmgjt,Compton Park Schools,52.590111,-2.1612,,,
43000745101,nwmjmgmd,Danescourt Road,52.602459,-2.176838,,,
43000745102,nwmjmgmg,Danescourt Road,52.602135,-2.175833,,,
43000745201,nwmjmgmj,Coppice Lane,52.603943,-2.18123,,,
43000745202,nwmjmgmp,Coppice Lane,52.604008,-2.180994,,,
43000745301,nwmjmgmt,The Elms,52.604912,-2.183951,,,
43000745302,nwmjmgmw,The Elms,52.605949,-2.1871,,,
43000745402,nwmtdaja,Wergs Village,52.606247,-2.191724,,,
43000745401,nwmtdagw,Wergs Village,52.60603,-2.192313,,,
43000746101,nwmjmgpa,Great Hampton Street,52.59211,-2.137839,,,
43000746102,nwmjmgpd,Great Hampton Street,52.59203,-2.137322,,,
43000746201,nwmjmgpg,Evans Street,52.593102,-2.141769,,,
43000746302,nwmjmgpm,Clifford Street,52.594131,-2.146349,,,
43000746301,nwmjmgpj,Clifford Street,52.593746,-2.144369,,,
43000746402,nwmjmgpw,Cranmer Methodist Church,52.595016,-2.14957,,,
43000746401,nwmjmgpt,Cranmer Methodist Church,52.59499,-2.150161,,,
43000746501,nwmjmgta,New Hampton Road West,52.595577,-2.153056,,,
43000746601,nwmjmgtd,Reansway Square,52.595371,-2.145895,,,
43000746602,nwmjmgtg,Reansway Square,52.596199,-2.146784,,,
43000746702,nwmjmgtm,Farndale Avenue,52.597176,-2.149327,,,
43000746701,nwmjmgtj,Farndale Avenue,52.596958,-2.148558,,,
43000746802,nwmjmgtw,Hordern Grove,52.598923,-2.152035,,,
43000746801,nwmjmgtp,Hordern Grove,52.599075,-2.152065,,,
43000746901,nwmtdajd,Welbury Gardens,52.600285,-2.149825,,,
43000746902,nwmtdajg,Welbury Gardens,52.600113,-2.149839,,,
43000747103,nwmjmgwa,Aldersley Road,52.602692,-2.156389,,,
43000747104,nwmjmgwd,Aldersley Road,52.603027,-2.156936,,,
43000747201,nwmjmgwg,Burland Avenue,52.604614,-2.153088,,,
43000747202,nwmjmgwj,Burland Avenue,52.604053,-2.15344,,,
43000747301,nwmjmgwm,Aldersley Stadium,52.607456,-2.151237,,,
43000747302,nwmjmgwp,Aldersley Stadium,52.607323,-2.151119,,,
43000747402,nwmjmjad,Blackburn Avenue,52.609821,-2.15129,,,
43000747401,nwmjmgwt,Blackburn Avenue,52.609802,-2.151482,,,
43000747502,nwmjmjaj,Lower Street,52.603336,-2.159418,,,
43000747501,nwmjmjag,Lower Street,52.603264,-2.159329,,,
43000747601,nwmjmjam,The Claregate,52.606079,-2.159915,,,
43000747602,nwmjmjap,The Claregate,52.606617,-2.160493,,,
43000747701,nwmjmjat,Claregate Island,52.607533,-2.160881,,,
43000747702,nwmtmpgp,Claregate Island,52.607445,-2.161013,,,
43000747801,nwmjmjaw,Crestwood Glen,52.60878,-2.163263,,,
43000747802,nwmjmjda,Crestwood Glen,52.609318,-2.163767,,,
43000747902,nwmjmjdj,Windermere Road,52.613094,-2.169334,,,
43000747901,nwmjmjdg,Windermere Road,52.612034,-2.1684,,,
43000748001,nwmwgwad,Grotto Lane,52.600899,-2.160221,,,
43000748002,nwmwgwag,Grotto Lane,52.600666,-2.159896,,,
43000748101,nwmjmjdm,Blakeley Rise,52.61034,-2.153167,,,
43000748102,nwmjmjdp,Blakeley Rise,52.610386,-2.152725,,,
43000748201,nwmjmjdt,The Pilot,52.609707,-2.155351,,,
43000748202,nwmjmjdw,The Pilot,52.609634,-2.155247,,,
43000748401,nwmjmjgd,Cheam Gardens,52.61158,-2.160792,,,
43000748402,nwmjmjgj,Cheam Gardens,52.61084,-2.161277,,,
43000748502,nwmjmjgp,Windermere Road,52.614033,-2.160875,,,
43000748501,nwmjmjgm,Windermere Road,52.614624,-2.161261,,,
43000748801,nwmjmjma,Eastney Crescent,52.615646,-2.157912,,,
43000748901,nwmjmjmg,Dovecotes School,52.617977,-2.156961,,,
43000748902,nwmjmjmj,Dovecotes School,52.617813,-2.156591,,,
43000749001,nwmwdpga,Dunstall Hill,52.596451,-2.130235,,,
43000749002,nwmwdpgd,Dunstall Hill,52.595741,-2.130897,,,
43000749102,nwmjmjmt,Chester Street,52.593605,-2.141771,,,
43000749101,nwmjmjmp,Chester Street,52.594738,-2.141066,,,
43000749202,nwmjmjpa,Gloucester Street,52.595604,-2.138367,,,
43000749201,nwmjmjmw,Gloucester Street,52.595901,-2.137763,,,
43000749401,nwmjmjpj,Carter Road,52.601261,-2.135801,,,
43000749402,nwmjmjpm,Carter Road,52.600471,-2.136227,,,
43000749502,nwmjmjpw,Stafford Road,52.601986,-2.131374,,,
43000749501,nwmjmjpt,Stafford Road,52.601933,-2.130916,,,
43000749603,nwmtjatw,Mostyn Street,52.595127,-2.133154,,,
43000749602,nwmjmjta,Mostyn Street,52.595161,-2.134483,,,
43000749802,nwmjmjtj,Five Ways,52.595451,-2.129715,,,
43000749801,nwmjmjtg,Five Ways,52.595436,-2.129951,,,
43000750102,nwmjmjtp,Cannock Road,52.594002,-2.126655,,,
43000750101,nwmjmjtm,Cannock Road,52.593651,-2.126846,,,
43000750202,nwmtdajp,Stafford Street,52.592598,-2.125721,,,
43000750302,nwmjmjwa,Five Ways,52.595329,-2.12784,,,
43000750301,nwmjmjtw,Five Ways,52.595615,-2.127738,,,
43000750402,nwmjmjwg,Five Ways,52.59753,-2.129131,,,
43000750401,nwmjmjwd,Five Ways,52.597225,-2.129558,,,
43000750501,nwmjmjwj,Gorsebrook Road,52.601116,-2.130131,,,
43000750502,nwmjmjwm,Gorsebrook Road,52.601162,-2.129688,,,
43000751104,nwmtmdta,Stafford Road,52.605785,-2.128373,,,
43000751103,nwmjmjwp,Stafford Road,52.605747,-2.128565,,,
43000751201,nwmjmjwt,Polish Church,52.607697,-2.130815,,,
43000751202,nwmjmpad,Polish Church,52.607426,-2.130342,,,
43000751302,nwmjmpaj,Greenwood Road,52.6096,-2.131057,,,
43000751301,nwmjmpag,Greenwood Road,52.609753,-2.131353,,,
43000751402,nwmjgtat,Lodge Road,52.613186,-2.132043,,,
43000751401,nwmjmpam,Lodge Road,52.613449,-2.132354,,,
43000751501,nwmjmpap,Oxley Moor Road,52.617241,-2.132557,,,
43000751502,nwmjmpat,Oxley Moor Road,52.617378,-2.13238,,,
43000751601,nwmjmpaw,Renton Road,52.61729,-2.13656,,,
43000751602,nwmjmpda,Renton Road,52.61721,-2.13659,,,
43000752102,nwmjmpdg,Probert Road,52.616161,-2.1405,,,
43000752202,nwmjmpdm,Elmdon Road,52.617622,-2.143858,,,
43000752201,nwmjmpdj,Elmdon Road,52.617516,-2.14368,,,
43000752302,nwmjmpdt,Meriden Road,52.614658,-2.143331,,,
43000752301,nwmjmpdp,Meriden Road,52.614952,-2.143642,,,
43000752401,nwmjmpdw,Oxley Moor Road,52.614395,-2.14463,,,
43000752402,nwmjmpga,Oxley Moor Road,52.614376,-2.144468,,,
43000754102,nwmjmpgj,Barrington Close,52.618042,-2.130669,,,
43000754101,nwmjmpgd,Barrington Close,52.618423,-2.130242,,,
43000754202,nwmjmpgp,Three Tuns Lane,52.620255,-2.129908,,,
43000754201,nwmjmpgm,Three Tuns Lane,52.620155,-2.129715,,,
43000755201,nwmjmpgw,Newbury Road,52.624779,-2.127764,,,
43000755202,nwmjmpja,Newbury Road,52.624565,-2.128133,,,
43000755302,nwmjmpjg,Bee Lane,52.626965,-2.127194,,,
43000755301,nwmjmpjd,Bee Lane,52.626919,-2.126928,,,
43000755402,nwmjmpjp,Springfield Lane,52.631489,-2.125021,,,
43000755401,nwmjmpjm,Springfield Lane,52.632244,-2.125274,,,
43000755501,nwmjmpjt,Greenfield Lane,52.634953,-2.124824,,,
43000755601,nwmtdajt,Shelley Road,52.619568,-2.12475,,,
43000755602,nwmtdajw,Shelley Road,52.619873,-2.125564,,,
43000755701,nwmjmpma,Stafford Road,52.628323,-2.127612,,,
43000755702,nwmjmpmd,Stafford Road,52.628304,-2.128351,,,
43000756001,nwmtjdmj,Stafford Road,52.635391,-2.123806,,,
43000756101,nwmjmpmg,St Annes Road,52.621601,-2.132024,,,
43000756102,nwmjmpmj,St Annes Road,52.622196,-2.132735,,,
43000756201,nwmjmpmp,Pendeford High School,52.624428,-2.138666,,,
43000756303,nwmwamgp,Upton Green,52.627018,-2.134847,,,
43000756302,nwmjmpta,Upton Green,52.626541,-2.135156,,,
43000756402,nwmjmptd,Patshull Avenue,52.629196,-2.133584,,,
43000756403,nwmjmptg,Patshull Avenue,52.629009,-2.133598,,,
43000756501,nwmjmptj,Fordhouses Cricket and Social Club,52.629543,-2.137426,,,
43000756502,nwmjmptm,Fordhouses Cricket and Social Club,52.629723,-2.13787,,,
43000756901,nwmwajmg,Harrowby Road,52.625893,-2.136454,,,
43000757101,nwmjmptp,Clewley Drive,52.627018,-2.14349,,,
43000757102,nwmjmptw,Clewley Drive,52.626514,-2.143946,,,
43000757201,nwmjmpwa,Penshaw Close,52.625378,-2.146218,,,
43000757202,nwmjmpwd,Penshaw Close,52.625324,-2.146676,,,
43000757301,nwmjmpwg,Leybourne Crescent,52.624065,-2.154131,,,
43000757302,nwmjmpwj,Leybourne Crescent,52.624138,-2.154427,,,
43000757401,nwmjmpwm,Emsworth Crescent,52.61861,-2.14686,,,
43000757402,nwmjmpwp,Emsworth Crescent,52.619228,-2.147556,,,
43000757502,nwmjmtad,Emsworth Crescent,52.620693,-2.148048,,,
43000757501,nwmjmpwt,Emsworth Crescent,52.620441,-2.148136,,,
43000757601,nwmjmtag,Whitburn Close,52.623291,-2.14726,,,
43000757602,nwmjmtaj,Whitburn Close,52.62339,-2.14723,,,
43000757701,nwmtdama,Pendeford Trading Estate,52.628323,-2.150748,,,
43000760202,nwmjmtap,Ripon Road,52.607838,-2.126326,,,
43000760201,nwmjmtam,Ripon Road,52.607162,-2.126738,,,
43000760302,nwmjmtaw,Fordhouse Road,52.610905,-2.122658,,,
43000760301,nwmjmtat,Fordhouse Road,52.610996,-2.122835,,,
43000760401,nwmjmtda,Steel Drive,52.614124,-2.123051,,,
43000760402,nwmjmtdg,Steel Drive,52.613907,-2.123183,,,
43000760501,nwmjmtdj,Stanley Road,52.616982,-2.12393,,,
43000760502,nwmjmtdm,Stanley Road,52.616432,-2.123678,,,
43000760602,nwmjmtdp,Whetstone Road,52.613937,-2.119447,,,
43000760603,nwmjmtdt,Whetstone Road,52.613983,-2.119196,,,
43000760802,nwmwgjgj,Westering Parkway,52.629707,-2.108897,,,
43000760801,nwmwgjgd,Westering Parkway,52.629646,-2.109044,,,
43000761101,nwmjmtdw,Elston Hall Lane,52.620129,-2.123482,,,
43000761102,nwmjmtga,Elston Hall Lane,52.619526,-2.123332,,,
43000761201,nwmjmtgd,School Lane,52.623699,-2.120936,,,
43000761202,nwmjmtgj,School Lane,52.623959,-2.120996,,,
43000761301,nwmjmtgm,Short Road,52.617867,-2.118291,,,
43000761302,nwmjmtgp,Short Road,52.617798,-2.117744,,,
43000761402,nwmtwpaj,Abbeyfield Road,52.632206,-2.108814,,,
43000761401,nwmtwmwj,Abbeyfield Road,52.632465,-2.109199,,,
43000761502,nwmtwmwp,Cat and Kittens Lane,52.634426,-2.111376,,,
43000761501,nwmtwmwm,Cat and Kittens Lane,52.634281,-2.111228,,,
43000761601,nwmtwpam,Ainsworth Road,52.634266,-2.116592,,,
43000761602,nwmtwmwt,Ainsworth Road,52.634312,-2.116592,,,
43000761701,nwmtwpag,Springfield Lane,52.63456,-2.119917,,,
43000761901,nwmwadmj,Lingfield Avenue,52.633743,-2.12055,,,
43000762001,nwmwadmp,Fontwell Road,52.632515,-2.123502,,,
43000762101,nwmjmtgt,Carisbrooke Road,52.628891,-2.115528,,,
43000762102,nwmjmtgw,Carisbrooke Road,52.628731,-2.11569,,,
43000762202,nwmjmtjd,Northicote School,52.627346,-2.115332,,,
43000762201,nwmjmtja,Northicote School,52.627213,-2.114992,,,
43000762301,nwmjmtjg,Alton Close,52.625416,-2.113466,,,
43000762302,nwmjmtjm,Alton Close,52.625694,-2.113333,,,
43000762401,nwmjmtjp,Broadway,52.623482,-2.115145,,,
43000762402,nwmjmtjt,Broadway,52.623417,-2.114657,,,
43000762501,nwmjmtjw,Allotments,52.628761,-2.119192,,,
43000762502,nwmtgadg,Allotments,52.629395,-2.118189,,,
43000762601,nwmjmtma,Ireton Road,52.627487,-2.119898,,,
43000762602,nwmjmtmd,Ireton Road,52.627827,-2.119913,,,
43000762702,nwmjmtmj,Crematorium,52.625149,-2.108457,,,
43000762701,nwmjmtmg,Crematorium,52.62505,-2.108368,,,
43000762802,nwmtwmwg,Northwood Park Close,52.6255,-2.11809,,,
43000762801,nwmjmtmp,Northwood Park Close,52.625355,-2.118208,,,
43000762901,nwmtdamg,Westcroft Avenue,52.618687,-2.095885,,,
43000762902,nwmtdamj,Westcroft Avenue,52.61895,-2.095989,,,
43000763001,nwmtgadj,Fairfax Road,52.625607,-2.120409,,,
43000763101,nwmtdamp,Egerton Road,52.629417,-2.113432,,,
43000763102,nwmtdamt,Egerton Road,52.629299,-2.113254,,,
43000763302,nwmtmgad,Wentworth Road,52.628952,-2.110594,,,
43000763301,nwmjmtmt,Wentworth Road,52.629032,-2.110535,,,
43000763401,nwmjmtmw,Crematorium,52.625305,-2.103863,,,
43000763402,nwmtwdag,Crematorium,52.625092,-2.103449,,,
43000763501,nwmjmtpa,Broadway,52.622787,-2.114611,,,
43000764103,nwmjmtpg,Elston Hall Lane,52.617725,-2.116518,,,
43000764102,nwmjmtpd,Elston Hall Lane,52.616772,-2.117076,,,
43000764201,nwmjmtpj,Bushbury Church,52.619694,-2.115519,,,
43000764202,nwmjmtpm,Bushbury Church,52.619938,-2.115032,,,
43000764301,nwmjmtpt,Somerford Gardens,52.621601,-2.11545,,,
43000764302,nwmjmtpw,Somerford Gardens,52.621998,-2.115628,,,
43000765202,nwmjmtwj,Nine Elms Lane,52.595665,-2.116754,,,
43000765201,nwmjmtwg,Nine Elms Lane,52.595665,-2.117197,,,
43000765302,nwmjmtwp,Railway Bridge,52.59726,-2.112492,,,
43000765301,nwmjmtwm,Railway Bridge,52.597233,-2.112329,,,
43000765404,nwmjmwad,Park Lane,52.599224,-2.10944,,,
43000765502,nwmjmwaj,Fallings Park,52.599815,-2.108069,,,
43000765501,nwmjmwag,Fallings Park,52.600384,-2.107362,,,
43000765602,nwmjgtaw,Park Lane Bus Garage,52.600945,-2.113284,,,
43000765601,nwmjmwam,Park Lane Bus Garage,52.601341,-2.114097,,,
43000765802,nwmjmwat,Badger Drive,52.594528,-2.120486,,,
43000765801,nwmjmwap,Badger Drive,52.595058,-2.119277,,,
43000765902,nwmjmwda,Lambert Road,52.602848,-2.105492,,,
43000765901,nwmjmwaw,Lambert Road,52.60265,-2.105817,,,
43000766101,nwmjmwdg,Park Lane,52.603577,-2.115948,,,
43000766202,nwmjmwdm,Fourth Avenue,52.605671,-2.115319,,,
43000766201,nwmjmwdj,Fourth Avenue,52.60648,-2.114893,,,
43000766301,nwmjmwdp,Fifth Avenue,52.608009,-2.114601,,,
43000766302,nwmjmwdt,Fifth Avenue,52.608692,-2.114219,,,
43000766401,nwmjmwdw,Park Lane,52.60717,-2.108663,,,
43000766402,nwmtmgtj,Park Lane,52.607231,-2.109032,,,
43000767001,nwmjmwga,Third Avenue,52.610374,-2.112821,,,
43000767101,nwmjmwgd,Thorn Avenue,52.610706,-2.114579,,,
43000767201,nwmjmwgj,Dickinson Avenue,52.612408,-2.113048,,,
43000767301,nwmjmwgm,Kempthorne Avenue,52.614834,-2.115225,,,
43000767401,nwmjmwgt,Neve Avenue,52.616192,-2.111448,,,
43000767402,nwmjmwgw,Neve Avenue,52.616364,-2.111123,,,
43000767502,nwmjmwjd,Moreton Secondary School,52.615879,-2.109113,,,
43000767501,nwmjmwja,Moreton Secondary School,52.615387,-2.108299,,,
43000767503,nwmjmwjg,Moreton Secondary School,52.616447,-2.109735,,,
43000767601,nwmjmwjm,Ruskin Road,52.612846,-2.105841,,,
43000767702,nwmwawmj,Sowell Circus,52.6091,-2.111503,,,
43000767701,nwmjmwjp,Sowell Circus,52.609711,-2.112627,,,
43000768101,nwmjmwma,Bushbury Road,52.601826,-2.103201,,,
43000768201,nwmjmwmd,Wickham Gardens,52.603645,-2.098038,,,
43000768202,nwmjmwmg,Wickham Gardens,52.603725,-2.0982,,,
43000768302,nwmjmwmp,Inchlaggan Road,52.605366,-2.104627,,,
43000768301,nwmjmwmj,Inchlaggan Road,52.605671,-2.104495,,,
43000768401,nwmjmwmt,The Scotlands,52.607868,-2.103924,,,
43000768402,nwmjmwmw,The Scotlands,52.608063,-2.103954,,,
43000768502,nwmjmwpd,Leason Lane,52.610645,-2.101037,,,
43000768501,nwmjmwpa,Leason Lane,52.60965,-2.101743,,,
43000768901,nwmjmwpj,The Scotlands,52.613609,-2.096982,,,
43000768902,nwmjmwpm,The Scotlands,52.614086,-2.095713,,,
43000769001,nwmjmwpt,Keats Road,52.619198,-2.098501,,,
43000769002,nwmtgagd,Keats Road,52.61919,-2.099018,,,
43000769101,nwmjmwpw,Wordsworth Road,52.612659,-2.102444,,,
43000769102,nwmjmwta,Wordsworth Road,52.612568,-2.102473,,,
43000769201,nwmjmwtd,Mill Lane,52.611988,-2.099858,,,
43000769202,nwmjmwtg,Mill Lane,52.612671,-2.099505,,,
43000769302,nwmjmwtj,Blackhalve Lane,52.614323,-2.093749,,,
43000769401,nwmjmwtm,Pear Tree Lane,52.616882,-2.095748,,,
43000769402,nwmjmwtp,Pear Tree Lane,52.61673,-2.096117,,,
43000769501,nwmjmwtw,Old Hampton Lane,52.619663,-2.09249,,,
43000769502,nwmjpada,Old Hampton Lane,52.619499,-2.092534,,,
43000769602,nwmjpadg,Wordsworth Road,52.614388,-2.100646,,,
43000769702,nwmjpadm,Masefield Road,52.617508,-2.10086,,,
43000769701,nwmjpadj,Masefield Road,52.617607,-2.100964,,,
43000769801,nwmjpadp,Wildtree Avenue,52.618912,-2.096979,,,
43000770001,nwmtgmpw,Wildtree Avenue,52.620243,-2.097336,,,
43000770102,nwmjpaga,Culwell Street,52.589153,-2.119187,,,
43000770101,nwmjpadw,Culwell Street,52.588875,-2.119968,,,
43000770201,nwmjpagd,Lincoln Street,52.590137,-2.11454,,,
43000770202,nwmjpagj,Lincoln Street,52.590145,-2.115042,,,
43000770301,nwmjpagm,Inkerman Street,52.591572,-2.110765,,,
43000770302,nwmjpagp,Inkerman Street,52.59103,-2.111457,,,
43000770402,nwmjpagw,Woden Road,52.592506,-2.108139,,,
43000770401,nwmjpagt,Woden Road,52.592731,-2.108199,,,
43000770501,nwmjpaja,Grove Street,52.593399,-2.10575,,,
43000770502,nwmjpajd,Grove Street,52.593159,-2.106015,,,
43000770602,nwmjpajm,Deans Road,52.593212,-2.103388,,,
43000770601,nwmjpajg,Deans Road,52.593666,-2.101898,,,
43000770902,nwmtdapd,Wootton Avenue,52.609776,-2.079208,,,
43000770901,nwmtdapa,Wootton Avenue,52.609776,-2.079356,,,
43000771001,nwmtdapg,Wood End Road,52.608219,-2.079294,,,
43000771002,nwmtdapj,Wood End Road,52.608353,-2.079338,,,
43000771102,nwmjpama,Coronation Road,52.595917,-2.096928,,,
43000771101,nwmjpajw,Coronation Road,52.59552,-2.097798,,,
43000771201,nwmjpamd,New Cross Hospital,52.596817,-2.095306,,,
43000771202,nwmjpamg,New Cross Hospital,52.597572,-2.093167,,,
43000771401,nwmtdapm,Heart & Lung Centre,52.600868,-2.097603,,,
43000771501,nwmtdapt,Out Patients,52.599007,-2.098145,,,
43000771601,nwmjpamj,Vicarage Road,52.60022,-2.087961,,,
43000771702,nwmtdata,Anston Way,52.607559,-2.081419,,,
43000771701,nwmtdapw,Anston Way,52.607491,-2.081434,,,
43000771802,nwmtdatg,Orchard Road,52.60807,-2.085348,,,
43000771801,nwmtdatd,Orchard Road,52.607899,-2.086042,,,
43000771901,nwmwdmap,Jayne Close,52.608791,-2.081392,,,
43000771902,nwmwdmat,Jayne Close,52.608875,-2.081274,,,
43000772002,nwmwgmdj,Noose Lane,52.587879,-2.071833,,,
43000772001,nwmwgmdg,Noose Lane,52.588058,-2.072217,,,
43000772101,nwmjpamp,Deyncourt Road,52.605186,-2.094453,,,
43000772102,nwmjpamt,Deyncourt Road,52.604855,-2.095427,,,
43000772202,nwmjpapa,Mill Lane,52.6073,-2.092361,,,
43000772201,nwmjpamw,Mill Lane,52.607571,-2.092169,,,
43000772301,nwmjpapd,Poplar Avenue,52.61142,-2.09169,,,
43000772302,nwmjpapg,Poplar Avenue,52.611725,-2.091779,,,
43000772401,nwmjpapj,Long Knowle Lane,52.609409,-2.088717,,,
43000772502,nwmjpapt,Wood End Road,52.611362,-2.083627,,,
43000772501,nwmjpapm,Wood End Road,52.611172,-2.084379,,,
43000772601,nwmjpapw,Prestwood Avenue,52.611706,-2.081988,,,
43000772602,nwmjpata,Prestwood Avenue,52.611877,-2.08153,,,
43000772701,nwmjpatd,Wood Hayes Road,52.61697,-2.08699,,,
43000772702,nwmjpatg,Wood Hayes Road,52.61668,-2.088201,,,
43000772801,nwmjpatj,Blackwood Avenue,52.615608,-2.09099,,,
43000772802,nwmjpatm,Blackwood Avenue,52.615746,-2.090355,,,
43000772901,nwmtdatj,Beech Road,52.588509,-2.070565,,,
43000772902,nwmtdatm,Beech Road,52.588589,-2.070166,,,
43000773101,nwmdtgdt,Graisley Lane,52.598171,-2.089374,,,
43000773102,nwmjpawa,Graisley Lane,52.598118,-2.088946,,,
43000773201,nwmjpawd,Bentley Bridge,52.598648,-2.085256,,,
43000773202,nwmjpawg,Bentley Bridge,52.598549,-2.087042,,,
43000773301,nwmjpawj,Wednesfield Police Station,52.599129,-2.081123,,,
43000773302,nwmjpawm,Wednesfield Police Station,52.599148,-2.080459,,,
43000773401,nwmjpawp,Church Street,52.600037,-2.082557,,,
43000773402,nwmjpawt,Church Street,52.600151,-2.08204,,,
43000773501,nwmjpdad,Chadsway School,52.601891,-2.080021,,,
43000773702,nwmtmjpa,Tyres and Exhaust Centre,52.599113,-2.076989,,,
43000773701,nwmjpdaj,Tyres and Exhaust Centre,52.599068,-2.077299,,,
43000773801,nwmjpdam,Watery Lane,52.589493,-2.07805,,,
43000773802,nwmjpdap,Watery Lane,52.58952,-2.078271,,,
43000774001,nwmdpdma,Lowry Close,52.586735,-2.074444,,,
43000774002,nwmtdatp,Lowry Close,52.586906,-2.074488,,,
43000774102,nwmjpdga,Spondon Road,52.612762,-2.07177,,,
43000774101,nwmjpdaw,Spondon Road,52.612556,-2.073128,,,
43000774202,nwmwgdwg,Byron Road,52.612133,-2.030935,,,
43000774201,nwmtwmjw,Byron Road,52.6119,-2.031053,,,
43000774402,nwmjpdgj,Kitchen Lane,52.611752,-2.066659,,,
43000774401,nwmjpdgd,Kitchen Lane,52.611885,-2.067442,,,
43000774501,nwmtwawg,St Thomas Church,52.599449,-2.083678,,,
43000774602,nwmwamta,Gem Centre,52.596233,-2.079494,,,
43000774601,nwmwamtg,Gem Centre,52.595955,-2.079479,,,
43000774702,nwmwdmda,Guest Avenue,52.613983,-2.090307,,,
43000774701,nwmwdmaw,Guest Avenue,52.613865,-2.090513,,,
43000774801,nwmwdmdg,Harper Avenue,52.612328,-2.089506,,,
43000774802,nwmwdmdj,Harper Avenue,52.611916,-2.088413,,,
43000774901,nwmwdmdm,Bealeys Avenue,52.611145,-2.086077,,,
43000774902,nwmwdmdp,Bealeys Avenue,52.611092,-2.085546,,,
43000775001,nwmwdwdp,Meredith Road,52.611477,-2.08754,,,
43000775101,nwmjpdgm,Cottages Homes,52.60627,-2.086673,,,
43000775102,nwmjpdgp,Cottages Homes,52.605949,-2.086348,,,
43000775201,nwmjpdgt,Wood Avenue,52.604259,-2.082949,,,
43000775202,nwmjpdgw,Wood Avenue,52.60437,-2.082772,,,
43000775302,nwmjpdjd,Bellamy Lane,52.60767,-2.080518,,,
43000775301,nwmjpdja,Bellamy Lane,52.607292,-2.080872,,,
43000775402,nwmjpdjg,Tithe Road,52.603832,-2.080024,,,
43000775501,nwmjpdjm,Lewis Grove,52.6035,-2.078739,,,
43000775502,nwmjpdjp,Lewis Grove,52.603516,-2.079005,,,
43000775901,nwmtpmgt,Bull Ring,52.589909,-2.057282,,,
43000776102,nwmjpdjw,Wem Gardens,52.603943,-2.075063,,,
43000776101,nwmjpdjt,Wem Gardens,52.604103,-2.075684,,,
43000776202,nwmjpdmd,Moat House Lane East,52.605988,-2.069264,,,
43000776201,nwmjpdma,Moat House Lane East,52.606552,-2.068777,,,
43000776301,nwmjpdmg,Olinthus Avenue,52.608158,-2.06367,,,
43000776302,nwmjpdmj,Olinthus Avenue,52.607906,-2.063552,,,
43000776901,nwmjpdmt,Lion Hotel,52.584095,-2.053836,,,
43000777001,nwmjpdmw,Lichfield Road,52.607166,-2.062798,,,
43000777002,nwmjpdpa,Lichfield Road,52.606941,-2.062798,,,
43000777103,nwmjpdpd,Colman Avenue,52.607456,-2.064437,,,
43000777104,nwmjpdpg,Colman Avenue,52.6073,-2.064821,,,
43000777202,nwmjpdpm,Oak Meadow Primary School,52.608158,-2.057631,,,
43000777201,nwmjpdpj,Oak Meadow Primary School,52.608421,-2.055077,,,
43000777301,nwmjpdpt,Perry Hall Road,52.604294,-2.059398,,,
43000777302,nwmjpdpw,Perry Hall Road,52.605076,-2.059989,,,
43000777602,nwmjpdtp,Broad Lane North,52.609215,-2.051903,,,
43000777601,nwmjpdtm,Broad Lane North,52.609222,-2.051208,,,
43000777801,nwmjpdwd,Greenmeadow Road,52.61142,-2.04746,,,
43000777802,nwmjpdwg,Greenmeadow Road,52.611401,-2.04777,,,
43000778001,nwmjpdwj,The Milestone,52.615971,-2.042458,,,
43000778002,nwmjpdwm,The Milestone,52.616005,-2.04268,,,
43000778101,nwmjpdwp,Gadsby Avenue,52.609741,-2.058401,,,
43000778102,nwmjpdwt,Gadsby Avenue,52.609901,-2.058534,,,
43000778201,nwmjpgad,Linthouse Lane,52.611645,-2.064251,,,
43000778202,nwmjpgag,Linthouse Lane,52.611553,-2.064561,,,
43000778302,nwmjpgam,Raj Kumar Drive,52.613392,-2.060119,,,
43000778304,nwmjpgap,Raj Kumar Drive,52.613533,-2.060355,,,
43000778301,nwmjpgaj,Raj Kumar Drive,52.613434,-2.059971,,,
43000778401,nwmjpgat,Baylis Avenue,52.614532,-2.062321,,,
43000778501,nwmjpgaw,Clare Avenue,52.616695,-2.062634,,,
43000778601,nwmjpgda,Barnard Road,52.619366,-2.061722,,,
43000778701,nwmjpgdg,Ferguson Street,52.619919,-2.058429,,,
43000778802,nwmjpgdm,Higgs Road,52.619003,-2.055031,,,
43000778901,nwmjpgdp,Ecclestone Road,52.614902,-2.054154,,,
43000779002,nwmwamwg,Gairloch Road,52.618359,-2.047497,,,
43000779001,nwmjpgdt,Gairloch Road,52.618717,-2.047778,,,
43000779102,nwmjpgja,Merrill's Hall Lane,52.597885,-2.072706,,,
43000779101,nwmjpgdw,Merrill's Hall Lane,52.598026,-2.07309,,,
43000779202,nwmjpgjg,Yale Drive,52.59811,-2.068676,,,
43000779201,nwmjpgjd,Yale Drive,52.598335,-2.070359,,,
43000779302,nwmjpgjp,Ellards Drive,52.597881,-2.064955,,,
43000779301,nwmjpgjm,Ellards Drive,52.598015,-2.065221,,,
43000779402,nwmjpgjw,Birchfields Road,52.599754,-2.059465,,,
43000779401,nwmjpgjt,Birchfields Road,52.599007,-2.060601,,,
43000779501,nwmjpgma,Hebden Grove,52.617405,-2.048766,,,
43000779502,nwmjpgmd,Hebden Grove,52.617378,-2.048338,,,
43000779802,nwmtdawj,The Mal,52.584957,-2.055844,,,
43000779901,nwmtdawm,Hall Street,52.584049,-2.052744,,,
43000780002,nwmjpgmp,Summerford Place,52.58514,-2.067829,,,
43000780001,nwmjpgmj,Summerford Place,52.584995,-2.067711,,,
43000780103,nwmjpgpa,Harper Street,52.587563,-2.056674,,,
43000780101,nwmjpgmt,Harper Street,52.58786,-2.056778,,,
43000780102,nwmjpgmw,Harper Street,52.587231,-2.056836,,,
43000780202,nwmjpgpg,St Stephens Avenue,52.585583,-2.061793,,,
43000780201,nwmjpgpd,St Stephens Avenue,52.586224,-2.060348,,,
43000780302,nwmjpgpm,Summer Street,52.583202,-2.063325,,,
43000780301,nwmjpgpj,Summer Street,52.583065,-2.063502,,,
43000780402,nwmjpgpw,Newlands Close,52.583256,-2.058838,,,
43000780401,nwmjpgpt,Newlands Close,52.583157,-2.058705,,,
43000780504,nwmjpgta,The Dale,52.582703,-2.054188,,,
43000780602,nwmjpgtg,Wakes Ground,52.58371,-2.050972,,,
43000780601,nwmjpgtd,Wakes Ground,52.58416,-2.050589,,,
43000780701,nwmjpgtj,Doctors Piece,52.584538,-2.051992,,,
43000780801,nwmjpgtm,Church Street,52.586445,-2.050061,,,
43000780901,nwmjpgtp,St Annes Road,52.588558,-2.047819,,,
43000781001,nwmjpgtw,New Hall Street,52.586803,-2.049869,,,
43000781101,nwmjpgwa,Granville Street,52.590584,-2.055615,,,
43000781102,nwmjpgwd,Granville Street,52.59029,-2.055866,,,
43000781201,nwmjpgwg,Clothier Street,52.592072,-2.053019,,,
43000781202,nwmjpgwj,Clothier Street,52.591972,-2.052945,,,
43000781303,nwmtpmgp,Park Road,52.590649,-2.058316,,,
43000781302,nwmjpgwp,Park Road,52.590763,-2.058243,,,
43000781401,nwmjpgwt,Thorne Road,52.591869,-2.05944,,,
43000781402,nwmjpjad,Thorne Road,52.591915,-2.059706,,,
43000781502,nwmjpjaj,Fibbersley Bridge,52.594215,-2.06241,,,
43000781501,nwmjpjag,Fibbersley Bridge,52.593433,-2.062335,,,
43000781602,nwmjpjap,Broad Lane,52.597244,-2.062562,,,
43000781601,nwmjpjam,Broad Lane,52.597252,-2.062725,,,
43000782102,nwmjpjda,Cross Keys Inn,52.595505,-2.050735,,,
43000782101,nwmjpjaw,Cross Keys Inn,52.595524,-2.050927,,,
43000782201,nwmjpjdg,Spring Lane,52.59671,-2.048817,,,
43000782202,nwmjpjdj,Spring Lane,52.597054,-2.048449,,,
43000782301,nwmjpjdm,Cornwall Gate,52.599922,-2.047093,,,
43000782302,nwmjpjdp,Cornwall Gate,52.599136,-2.047698,,,
43000782402,nwmjpjdw,Martin Drive,52.602005,-2.04556,,,
43000782401,nwmjpjdt,Martin Drive,52.601612,-2.045899,,,
43000782501,nwmjpjga,Howe Crescent,52.603714,-2.043273,,,
43000782502,nwmjpjgd,Howe Crescent,52.603779,-2.043376,,,
43000782602,nwmjpjgm,The Coppice,52.606037,-2.041622,,,
43000782601,nwmjpjgj,The Coppice,52.60574,-2.041636,,,
43000782803,nwmwapag,Ashmore Lake Way,52.595356,-2.041449,,,
43000782802,nwmjpjgt,Ashmore Lake Way,52.594448,-2.041448,,,
43000782902,nwmjpjma,Winehala Court,52.597305,-2.041746,,,
43000782901,nwmjpjgw,Winehala Court,52.597603,-2.041835,,,
43000783001,nwmjpjmd,Sandalwood Close,52.614834,-2.046902,,,
43000783002,nwmjpjmg,Sandalwood Close,52.614223,-2.046976,,,
43000783102,nwmjpjmp,Sandringham Avenue,52.609882,-2.046114,,,
43000783101,nwmjpjmj,Sandringham Avenue,52.609577,-2.047399,,,
43000783202,nwmjpjmw,Ada Wrighton Close,52.610241,-2.042482,,,
43000783201,nwmjpjmt,Ada Wrighton Close,52.610306,-2.042674,,,
43000783301,nwmjpjpa,Wesley Road,52.607071,-2.040722,,,
43000783302,nwmjpjpd,Wesley Road,52.607826,-2.040811,,,
43000783403,nwmjpjpm,Cannock Road,52.611195,-2.039559,,,
43000783402,nwmjpjpj,Cannock Road,52.611404,-2.03953,,,
43000783501,nwmjpjpt,New Invention Square,52.612247,-2.036488,,,
43000783502,nwmjpjpw,New Invention Square,52.612518,-2.036739,,,
43000783601,nwmjpjta,Pooles Lane,52.613941,-2.03135,,,
43000783602,nwmjpjtd,Pooles Lane,52.613941,-2.032236,,,
43000783702,nwmtjtpa,Baynton Road,52.612366,-2.040284,,,
43000783701,nwmjpjtg,Baynton Road,52.612564,-2.040431,,,
43000783801,nwmjpjtj,Beacon Road,52.614468,-2.041821,,,
43000783802,nwmjpjtm,Beacon Road,52.614029,-2.040832,,,
43000784001,nwmjpjtw,Griffiths Road,52.614902,-2.034733,,,
43000784002,nwmjpjwa,Griffiths Road,52.614822,-2.034496,,,
43000784101,nwmjpjwd,M6 Motorway Bridge,52.61504,-2.028869,,,
43000784102,nwmjpjwg,M6 Motorway Bridge,52.615551,-2.028131,,,
43000784202,nwmjpjwm,Pooles Lane,52.611191,-2.030432,,,
43000784201,nwmjpjwj,Pooles Lane,52.611118,-2.029679,,,
43000784302,nwmjpjwp,Shelley Road,52.610058,-2.027552,,,
43000784402,nwmjpmad,Oaken Drive,52.607601,-2.031286,,,
43000784401,nwmjpjwt,Oaken Drive,52.607407,-2.031626,,,
43000784502,nwmjpmaj,Short Heath Clinic,52.605949,-2.032969,,,
43000784501,nwmjpmag,Short Heath Clinic,52.605885,-2.033234,,,
43000784602,nwmjpmap,Liberal Club,52.603725,-2.03527,,,
43000784601,nwmjpmam,Liberal Club,52.60326,-2.035462,,,
43000784701,nwmjpmat,Coltham Road,52.605747,-2.039392,,,
43000784702,nwmjpmaw,Coltham Road,52.605335,-2.038623,,,
43000784801,nwmjpmda,Drancy Avenue,52.603268,-2.037869,,,
43000784802,nwmjpmdg,Drancy Avenue,52.603062,-2.037411,,,
43000784904,nwmjpmdm,Bentley Lane,52.601604,-2.037011,,,
43000784903,nwmjpmdj,Bentley Lane,52.601498,-2.036937,,,
43000785002,nwmjpmdt,Lawn Cemetery,52.600384,-2.031842,,,
43000785001,nwmjpmdp,Lawn Cemetery,52.600285,-2.03227,,,
43000785101,nwmjpmdw,Willenhall E-ACT Academy,52.60017,-2.02573,,,
43000785102,nwmjpmga,Willenhall E-ACT Academy,52.599979,-2.026291,,,
43000785202,nwmjpmgj,Short Heath Golf Course,52.599262,-2.019277,,,
43000785201,nwmjpmgd,Short Heath Golf Course,52.599388,-2.020016,,,
43000785302,nwmjpmgp,Short Street,52.59985,-2.039608,,,
43000785301,nwmjpmgm,Short Street,52.600113,-2.039328,,,
43000785402,nwmtdgad,Ensbury Close,52.595284,-2.038054,,,
43000785401,nwmtdawt,Ensbury Close,52.594872,-2.039618,,,
43000785501,nwmjpmgt,Wolverson Close,52.597576,-2.039296,,,
43000785502,nwmjpmgw,Wolverson Close,52.597874,-2.039089,,,
43000785602,nwmjpmjd,Sherlock Close,52.599258,-2.037112,,,
43000785601,nwmjpmja,Sherlock Close,52.59898,-2.037274,,,
43000785701,nwmjpmjg,Birchtree Hollow,52.599285,-2.034676,,,
43000785702,nwmjpmjm,Birchtree Hollow,52.599205,-2.034455,,,
43000785802,nwmjpmjt,The Homestead,52.596439,-2.030865,,,
43000785801,nwmjpmjp,The Homestead,52.596844,-2.031308,,,
43000785901,nwmjpmjw,Granbourne Road,52.594486,-2.031691,,,
43000786202,nwmjpmpj,Attlee Road,52.593941,-2.029653,,,
43000786203,nwmjpmpm,Attlee Road,52.59412,-2.028605,,,
43000786301,nwmjpmpt,Rowlands Avenue,52.592133,-2.027895,,,
43000786302,nwmjpmpw,Rowlands Avenue,52.592293,-2.028131,,,
43000786402,nwmjpmtd,Churchill Road,52.589588,-2.027082,,,
43000786401,nwmjpmta,Churchill Road,52.589123,-2.027067,,,
43000786901,nwmtdgag,Western Close,52.590908,-2.03402,,,
43000786902,nwmtdgaj,Western Close,52.591259,-2.03408,,,
43000787101,nwmjpmwg,Queen Elizabeth Avenue,52.5896,-2.022476,,,
43000787102,nwmjpmwj,Queen Elizabeth Avenue,52.589069,-2.023878,,,
43000787202,nwmjpmwp,Cairn Drive,52.587639,-2.021929,,,
43000787201,nwmjpmwm,Cairn Drive,52.587433,-2.022091,,,
43000787301,nwmjpmwt,Morris Avenue,52.586121,-2.022312,,,
43000787302,nwmjptad,Morris Avenue,52.585922,-2.022607,,,
43000787401,nwmjptag,Arnold Close,52.591549,-2.018196,,,
43000787402,nwmjptaj,Arnold Close,52.591476,-2.018359,,,
43000787501,nwmjptam,Cairn Drive,52.590248,-2.0192,,,
43000787502,nwmjptap,Cairn Drive,52.590084,-2.019377,,,
43000787602,nwmjptaw,Wing Close,52.594067,-2.019984,,,
43000787601,nwmjptat,Wing Close,52.594067,-2.02022,,,
43000787701,nwmjptda,Cromwell Close,52.594452,-2.024398,,,
43000787702,nwmjptdg,Cromwell Close,52.594318,-2.023925,,,
43000787902,nwmwgdwj,Durham Avenue,52.589592,-2.039732,,,
43000787901,nwmjptdj,Durham Avenue,52.589108,-2.039583,,,
43000788001,nwmjptdm,Crescent Road,52.585918,-2.038636,,,
43000788002,nwmjptdp,Crescent Road,52.586052,-2.038533,,,
43000788103,nwmjptdw,Mill Street,52.585545,-2.045012,,,
43000788102,nwmjptdt,Mill Street,52.585293,-2.045749,,,
43000788202,nwmjptgd,Fletcher's Lane,52.585907,-2.041396,,,
43000788201,nwmjptga,Fletcher's Lane,52.585808,-2.041588,,,
43000788301,nwmjptgj,Brunslow Close,52.5839,-2.043829,,,
43000788402,nwmjptgp,Gipsy Lane,52.582642,-2.044271,,,
43000788401,nwmjptgm,Gipsy Lane,52.582706,-2.044404,,,
43000788501,nwmjptgt,Bilston Lane,52.579884,-2.045508,,,
43000788502,nwmjptgw,Bilston Lane,52.57999,-2.045862,,,
43000788602,nwmjptjd,Tesco,52.578472,-2.044178,,,
43000788601,nwmjptja,Tesco,52.578373,-2.043839,,,
43000788902,nwmjptma,Barcroft,52.5896,-2.045001,,,
43000788901,nwmjptjw,Barcroft,52.589321,-2.046226,,,
43000789102,nwmjptmp,Tyler Road,52.578827,-2.054036,,,
43000789101,nwmjptmj,Tyler Road,52.579521,-2.054258,,,
43000791201,nwmtgmpm,Droveway,52.621117,-2.160709,,,
43000791202,nwmtgmpt,Droveway,52.620739,-2.160206,,,
43000792001,nwmjptmw,Manor Farm Drive,52.601391,-2.035416,,,
43000792002,nwmjptpa,Manor Farm Drive,52.601795,-2.035889,,,
43000800103,nwmdjdjm,Shenstone Valley Road,52.457321,-2.019861,,,
43000800104,nwmdjdjp,Shenstone Valley Road,52.457745,-2.019656,,,
43000800201,nwmdjdjt,Shenstone Avenue,52.454041,-2.023259,,,
43000800202,nwmdjdjw,Shenstone Avenue,52.454514,-2.023009,,,
43000800302,nwmjptpg,Howley Grange School,52.456268,-2.014343,,,
43000800301,nwmjptpd,Howley Grange School,52.456074,-2.013974,,,
43000800402,nwmjptpm,Lydate Road,52.452019,-2.01543,,,
43000800401,nwmjptpj,Lydate Road,52.451027,-2.015459,,,
43000800601,nwmjptwa,Manor Way Bridge,52.449562,-2.01768,,,
43000800702,nwmdjdmd,Priory Road,52.450417,-2.026185,,,
43000800701,nwmdjdma,Priory Road,52.450207,-2.026597,,,
43000800801,nwmdjdmg,Lapal Lane North,52.447895,-2.030921,,,
43000800802,nwmdjdmj,Lapal Lane North,52.44973,-2.02951,,,
43000800901,nwmdjdmp,Cloister Drive,52.446537,-2.03604,,,
43000800902,nwmdjdmt,Cloister Drive,52.446339,-2.035687,,,
43000801002,nwmdjdpa,Ridgeway Avenue,52.461243,-2.013947,,,
43000801001,nwmdjdmw,Ridgeway Avenue,52.461224,-2.015095,,,
43000801103,nwmdjdpj,Clarendon Place,52.462345,-2.014653,,,
43000801201,nwmdjdpm,Victoria Avenue,52.459911,-2.017994,,,
43000801202,nwmdjdpt,Victoria Avenue,52.460747,-2.01717,,,
43000801302,nwmdjdta,Quinton Cemetery,52.462769,-2.021483,,,
43000801301,nwmdjdpw,Quinton Cemetery,52.46265,-2.020835,,,
43000801402,nwmjptwg,Compton Road,52.458542,-2.023865,,,
43000801401,nwmjptwd,Compton Road,52.458382,-2.023468,,,
43000801503,nwmjptwj,Radcliffe Drive,52.461266,-2.027164,,,
43000801504,nwmjptwm,Radcliffe Drive,52.461185,-2.027414,,,
43000801702,nwmjpwag,Greenhill Road,52.464558,-2.029226,,,
43000801701,nwmjpwad,Greenhill Road,52.463657,-2.028666,,,
43000801802,nwmdjdtg,Belle Vue Drive,52.46114,-2.030534,,,
43000801801,nwmdjdtd,Belle Vue Drive,52.461067,-2.029916,,,
43000801902,nwmdjdtm,Sylvan Green,52.455627,-2.038049,,,
43000801901,nwmdjdtj,Sylvan Green,52.455734,-2.038491,,,
43000802001,nwmjpwaj,Woodbury Close,52.46962,-2.015922,,,
43000802101,nwmjpwam,M5 Flyover,52.471149,-2.016158,,,
43000802102,nwmjpwap,M5 Flyover,52.471058,-2.016276,,,
43000802201,nwmjpwat,Mayfield Road,52.473145,-2.019103,,,
43000802202,nwmjpwaw,Mayfield Road,52.473484,-2.019059,,,
43000802302,nwmjpwda,Middlefield Avenue,52.471371,-2.021458,,,
43000802303,nwmjpwdg,Middlefield Avenue,52.471272,-2.021988,,,
43000802501,nwmjpwdm,Dale Road,52.468296,-2.022222,,,
43000802502,nwmjpwdp,Dale Road,52.468307,-2.022119,,,
43000802701,nwmjpwga,Narrow Lane,52.471992,-2.024829,,,
43000802702,nwmjpwgd,Narrow Lane,52.471912,-2.024962,,,
43000802801,nwmjpwgj,Brandon Road,52.473698,-2.02614,,,
43000802802,nwmjpwgm,Brandon Road,52.474724,-2.026892,,,
43000802902,nwmjpwgt,Houston Way,52.47591,-2.029131,,,
43000802901,nwmjpwgp,Houston Way,52.475685,-2.027909,,,
43000803102,nwmjpwjg,Feldon Lane,52.466137,-2.029742,,,
43000803101,nwmjpwjd,Feldon Lane,52.467209,-2.03042,,,
43000803202,nwmjpwjp,Southwick Road,52.470245,-2.032866,,,
43000803201,nwmjpwjm,Southwick Road,52.470085,-2.032895,,,
43000803302,nwmjpwjw,Church Street,52.473301,-2.031499,,,
43000803301,nwmjpwjt,Church Street,52.474121,-2.031043,,,
43000803402,nwmjpwmd,Clement Road,52.471054,-2.032984,,,
43000803401,nwmjpwma,Clement Road,52.471161,-2.032675,,,
43000803501,nwmjpwmg,Green Lane,52.472565,-2.035886,,,
43000803502,nwmjpwmj,Green Lane,52.473141,-2.036269,,,
43000803801,nwmtdgam,St Loyes Close,52.467197,-2.036264,,,
43000803802,nwmtdgap,St Loyes Close,52.467522,-2.036662,,,
43000803901,nwmdjdtp,Trinity Point,52.451332,-2.050656,,,
43000804001,nwmdjdtw,Kent Road,52.462059,-2.026281,,,
43000804002,nwmdjdwa,Kent Road,52.461994,-2.026134,,,
43000804102,nwmdjdwg,Manor Abbey Stadium,52.444847,-2.042351,,,
43000804101,nwmdjdwd,Manor Abbey Stadium,52.445549,-2.041366,,,
43000804201,nwmdjdwj,Woodman Close,52.446308,-2.045545,,,
43000804202,nwmdjdwm,Woodman Close,52.446434,-2.045192,,,
43000804301,nwmdjdwp,Pool Road,52.447182,-2.0489,,,
43000804302,nwmdjdwt,Pool Road,52.446999,-2.049606,,,
43000804401,nwmdjgad,Vine Lane,52.449608,-2.044915,,,
43000804708,nwmtwpgd,Halesowen Bus Station,52.448318,-2.053066,0.0,430G08047,H
43000804704,nwmdjgdg,Halesowen Bus Station,52.44886,-2.053022,0.0,430G08047,D
43000804705,nwmdjgdj,Halesowen Bus Station,52.44878,-2.053125,0.0,430G08047,E
43000804707,nwmtwmaw,Halesowen Bus Station,52.448463,-2.053213,0.0,430G08047,G
43000804703,nwmdjgda,Halesowen Bus Station,52.448967,-2.05286,0.0,430G08047,C
43000804706,nwmdjgdm,Halesowen Bus Station,52.448589,-2.05336,0.0,430G08047,F
43000804702,nwmdjgaw,Halesowen Bus Station,52.449074,-2.052684,0.0,430G08047,B
43000804901,nwmdjgdp,Highfield Lane,52.44698,-2.055609,,,
43000804902,nwmdjgdt,Highfield Lane,52.447197,-2.055286,,,
43000805101,nwmdjgdw,Shenstone House,52.453617,-2.046009,,,
43000805102,nwmdjgja,Shenstone House,52.453537,-2.045567,,,
43000805201,nwmdjgjd,Hereward Rise,52.456646,-2.04713,,,
43000805202,nwmdjgjg,Hereward Rise,52.456936,-2.04741,,,
43000805302,nwmdjgjp,Coombes Road,52.459019,-2.049443,,,
43000805301,nwmdjgjm,Coombes Road,52.458626,-2.048457,,,
43000805401,nwmjpwpj,Halesowen Industrial Park,52.462013,-2.048196,,,
43000805402,nwmjpwpm,Halesowen Industrial Park,52.46204,-2.048284,,,
43000805502,nwmjpwpw,Steelpark Road,52.465145,-2.046727,,,
43000805501,nwmjpwpt,Steelpark Road,52.465305,-2.046919,,,
43000805602,nwmtpjwj,Station Road,52.467472,-2.047333,,,
43000805601,nwmjpwta,Station Road,52.466923,-2.04748,,,
43000805702,nwmdjgjw,Haden Arch Court,52.462505,-2.053495,,,
43000805701,nwmdjgjt,Haden Arch Court,52.462112,-2.053259,,,
43000806002,nwmjpwtw,Windsor Road,52.450684,-2.056409,,,
43000806001,nwmjpwtp,Windsor Road,52.451096,-2.057292,,,
43000806301,nwmjtada,Hawne Lane,52.4562,-2.06086,,,
43000806302,nwmtgjwt,Hawne Lane,52.456127,-2.060845,,,
43000806402,nwmjtadj,Hanley Close,52.451862,-2.071272,,,
43000806401,nwmjtadg,Hanley Close,52.452698,-2.07017,,,
43000806501,nwmdjgma,Slims Gate,52.452679,-2.057589,,,
43000806502,nwmdjgmd,Slims Gate,52.452435,-2.056175,,,
43000806602,nwmdjgmj,Alexandra Road,52.453243,-2.062195,,,
43000806601,nwmdjgmg,Alexandra Road,52.45406,-2.064948,,,
43000806701,nwmdjgmp,Witley Avenue,52.45491,-2.070394,,,
43000806702,nwmdjgmt,Witley Avenue,52.454876,-2.069276,,,
43000806801,nwmdjgmw,Belle Vale,52.454601,-2.074235,,,
43000806802,nwmdjgpa,Belle Vale,52.454639,-2.073661,,,
43000806901,nwmjtadm,Sunbury Road,52.451775,-2.064047,,,
43000806902,nwmtpwjp,Sunbury Road,52.451111,-2.064488,,,
43000807002,nwmtdgdm,Harden Vale,52.45652,-2.071677,,,
43000807001,nwmtdgdj,Harden Vale,52.4566,-2.071913,,,
43000807102,nwmdjgpg,Wallwell Lane,52.448254,-2.060467,,,
43000807101,nwmdjgpd,Wallwell Lane,52.447823,-2.05948,,,
43000807302,nwmdjgpw,Philip Road,52.446507,-2.065408,,,
43000807401,nwmdjgta,Bassnage Road,52.446064,-2.068232,,,
43000807602,nwmdjgtp,St Johns Road,52.449516,-2.072048,,,
43000807601,nwmdjgtm,St Johns Road,52.449318,-2.071548,,,
43000807702,nwmdjgwa,Huntingtree Road,52.45042,-2.07333,,,
43000807701,nwmdjgtw,Huntingtree Road,52.450531,-2.073257,,,
43000807802,nwmdjgwg,Fallowfield Road,52.447922,-2.075621,,,
43000807801,nwmdjgwd,Fallowfield Road,52.447929,-2.075754,,,
43000807902,nwmdjgwm,Meadowbrook Road,52.444981,-2.076057,,,
43000808003,nwmjtadp,Hillview Close,52.460186,-2.070653,,,
43000808004,nwmjtadt,Hillview Close,52.458397,-2.070444,,,
43000808101,nwmjtadw,Brackenfield Road,52.445328,-2.069187,,,
43000808202,nwmjtagd,Foxhunt Road,52.443626,-2.071141,,,
43000808302,nwmjtagm,Hawthorn Road,52.442692,-2.073553,,,
43000808402,nwmjtagt,Blackberry Lane,52.444508,-2.057784,,,
43000808401,nwmjtagp,Blackberry Lane,52.444355,-2.057739,,,
43000808502,nwmjtaja,School Lane,52.444107,-2.062668,,,
43000808501,nwmjtagw,School Lane,52.444153,-2.062932,,,
43000808602,nwmjtajg,Albert Road,52.44265,-2.066491,,,
43000808601,nwmjtajd,Albert Road,52.442741,-2.066403,,,
43000808702,nwmjtajp,Uffmoor Lane,52.441166,-2.069195,,,
43000808701,nwmjtajm,Uffmoor Lane,52.440525,-2.07046,,,
43000808802,nwmdjgwt,Brookwillow Road,52.44091,-2.073299,,,
43000808801,nwmdjgwp,Brookwillow Road,52.440121,-2.072651,,,
43000808903,nwmdjmad,Cheviot Way,52.44231,-2.075862,,,
43000809001,nwmdjmaj,College Road,52.461674,-2.014535,,,
43000809201,nwmdjmam,Naseby Drive,52.441715,-2.078465,,,
43000809301,nwmdjmat,Mendip Road,52.439888,-2.08105,,,
43000809401,nwmdjmda,Moorfoot Avenue,52.438835,-2.084005,,,
43000809502,nwmdjmdm,Mendip Road,52.436703,-2.085899,,,
43000809701,nwmdjmdp,Lutley Lane,52.435184,-2.084763,,,
43000809702,nwmtmjwg,Lutley Lane,52.43494,-2.085072,,,
43000809801,nwmdjmdt,Waugh Drive,52.435898,-2.080337,,,
43000809802,nwmdjmdw,Waugh Drive,52.435719,-2.082116,,,
43000809902,nwmdjmgd,Cherry Tree Lane,52.438202,-2.076237,,,
43000809901,nwmdjmga,Cherry Tree Lane,52.437977,-2.076339,,,
43000810104,nwmjtama,Banners Lane,52.462826,-2.078208,,,
43000810103,nwmjtajw,Banners Lane,52.463573,-2.077488,,,
43000811102,nwmdjmgm,Foredraft Street,52.458309,-2.083498,,,
43000811101,nwmdjmgj,Foredraft Street,52.45805,-2.082806,,,
43000811402,nwmdjmja,Mapletree Lane,52.459789,-2.086694,,,
43000811401,nwmdjmgw,Mapletree Lane,52.459755,-2.087077,,,
43000811501,nwmdjmjd,Park Lane,52.458645,-2.092829,,,
43000811502,nwmdjmjg,Park Lane,52.459229,-2.091771,,,
43000811601,nwmdjmjm,Hingley Road,52.457829,-2.097743,,,
43000811602,nwmdjmjp,Hingley Road,52.457703,-2.098846,,,
43000811701,nwmdjmjt,Hayes Lane,52.457916,-2.102791,,,
43000811702,nwmdjmjw,Hayes Lane,52.458012,-2.104527,,,
43000811902,nwmtmajw,Alma Street,52.454144,-2.085418,,,
43000811901,nwmjtapa,Alma Street,52.453976,-2.085093,,,
43000812101,nwmjtapd,Mogul Lane,52.464664,-2.09711,,,
43000812102,nwmjtapg,Mogul Lane,52.464466,-2.096918,,,
43000812302,nwmdjmpd,Wesley Avenue,52.46669,-2.092669,,,
43000812301,nwmdjmpa,Wesley Avenue,52.466663,-2.091433,,,
43000812401,nwmdjmpg,Middletree Road,52.466503,-2.088224,,,
43000812402,nwmdjmpj,Middletree Road,52.466946,-2.08899,,,
43000812502,nwmdjmpt,Littlehill Crescent,52.465076,-2.085512,,,
43000812501,nwmdjmpm,Littlehill Crescent,52.465157,-2.086028,,,
43000812601,nwmjtapm,Netherend Lane,52.464966,-2.099819,,,
43000812602,nwmjtapt,Netherend Lane,52.464752,-2.099009,,,
43000813001,nwmjtapw,Beecher Road,52.455917,-2.082625,,,
43000813101,nwmjtata,Drews Holloway,52.457188,-2.082098,,,
43000813102,nwmjtatd,Drews Holloway,52.456989,-2.082038,,,
43000813201,nwmjtatg,Beecher Road,52.455254,-2.082197,,,
43000813302,nwmjtatp,High Park Road,52.454323,-2.086227,,,
43000813301,nwmjtatm,High Park Road,52.454361,-2.086404,,,
43000813402,nwmtwjag,Hedgefield Grove,52.45285,-2.08412,,,
43000813401,nwmjtatw,Hedgefield Grove,52.452751,-2.083634,,,
43000813501,nwmjtawa,Abbey Crescent,52.452717,-2.080794,,,
43000813502,nwmwtwag,Abbey Crescent,52.453205,-2.079868,,,
43000813601,nwmdjmpw,Blaenwern Drive,52.466839,-2.095937,,,
43000813602,nwmwamda,Blaenwern Drive,52.466633,-2.094538,,,
43000813701,nwmjtawd,High Park Road,52.454742,-2.090348,,,
43000813901,nwmtdgjg,Humber Gardens,52.455688,-2.087819,,,
43000813902,nwmtdgjm,Humber Gardens,52.455429,-2.088128,,,
43000814101,nwmjtawg,Pearson Street,52.452866,-2.109724,,,
43000814202,nwmjtawm,Seymour Road,52.451614,-2.101996,,,
43000814201,nwmjtawj,Seymour Road,52.451279,-2.10357,,,
43000814301,nwmjtawp,Grove Road,52.450565,-2.106511,,,
43000814302,nwmjtawt,Grove Road,52.450359,-2.106613,,,
43000814402,nwmjtdad,Wynall Lane,52.446747,-2.105722,,,
43000814501,nwmjtdag,Coppice Avenue,52.445045,-2.108248,,,
43000814502,nwmjtdaj,Coppice Avenue,52.444801,-2.108439,,,
43000814601,nwmjtdam,Amos Road,52.443867,-2.109952,,,
43000814701,nwmjtdap,Woodfield Avenue,52.442589,-2.110861,,,
43000814702,nwmjtdat,Woodfield Avenue,52.442654,-2.110949,,,
43000815002,nwmdjmtd,Shenstone Island,52.453384,-2.0428,,,
43000815001,nwmdjmta,Shenstone Island,52.4529,-2.043771,,,
43000815101,nwmjtdaw,Stevens Park,52.449814,-2.112424,,,
43000815102,nwmjtdga,Stevens Park,52.449913,-2.112571,,,
43000815201,nwmjtdgd,Monument Avenue,52.452953,-2.113374,,,
43000815202,nwmjtdgj,Monument Avenue,52.452835,-2.113462,,,
43000815301,nwmjtdgm,Wollescote Road,52.447353,-2.11973,,,
43000815403,nwmjtdgp,High Street,52.478134,-2.158728,,,
43000815404,nwmjtdgt,High Street,52.478161,-2.158198,,,
43000815504,nwmdjmtg,Woodbury Road,52.46233,-2.016994,,,
43000815602,nwmjtdja,Goodrest Avenue,52.458302,-2.018538,,,
43000815601,nwmjtdgw,Goodrest Avenue,52.458275,-2.018169,,,
43000815703,nwmdjmtj,Kempsey House,52.436607,-2.010158,,,
43000816101,nwmjtdjd,Murcroft Road,52.441074,-2.113917,,,
43000816102,nwmjtdjg,Murcroft Road,52.441319,-2.114271,,,
43000816202,nwmjtdjp,Walker Avenue,52.442009,-2.116332,,,
43000816201,nwmjtdjm,Walker Avenue,52.442261,-2.116686,,,
43000816302,nwmjtdjw,Sandhurst Avenue,52.440964,-2.119448,,,
43000816301,nwmjtdjt,Sandhurst Avenue,52.4408,-2.119845,,,
43000816402,nwmjtdmd,Dobbins Oak Road,52.439331,-2.12271,,,
43000816401,nwmjtdma,Dobbins Oak Road,52.439384,-2.122254,,,
43000816501,nwmjtdmg,Rye Croft,52.444992,-2.118591,,,
43000816502,nwmjtdmj,Rye Croft,52.444973,-2.118767,,,
43000816602,nwmjtdmp,Walker Avenue,52.44754,-2.120702,,,
43000816702,nwmtwgjg,Old Ham Lane,52.447052,-2.126012,,,
43000816701,nwmjtdmt,Old Ham Lane,52.446861,-2.125482,,,
43000816801,nwmdjmtw,Cradley Library,52.462074,-2.086154,,,
43000816802,nwmdjmwa,Cradley Library,52.461777,-2.086139,,,
43000817101,nwmjtdpd,Chawn Park Drive,52.44434,-2.130021,,,
43000817102,nwmjtdpg,Chawn Park Drive,52.444378,-2.129712,,,
43000817202,nwmjtdpj,Prescott Road,52.448246,-2.127693,,,
43000817402,nwmjtdpm,Hatfield Road,52.450436,-2.128758,,,
43000817403,nwmjtdpt,Hatfield Road,52.450123,-2.129758,,,
43000817502,nwmjtdta,New Farm Road,52.453751,-2.12269,,,
43000817501,nwmjtdpw,New Farm Road,52.453156,-2.124234,,,
43000817803,nwmjtdtm,Grange Lane,52.45377,-2.123574,,,
43000817903,nwmjtdtp,Stourbridge Road,52.457077,-2.131338,,,
43000817904,nwmtwgjd,Stourbridge Road,52.457249,-2.131324,,,
43000818101,nwmjtdtw,Crowle Drive,52.453892,-2.127621,,,
43000818102,nwmjtdwa,Crowle Drive,52.453808,-2.128238,,,
43000818201,nwmjtdwd,Romsley Road,52.453976,-2.130652,,,
43000818202,nwmjtdwg,Romsley Road,52.453995,-2.131315,,,
43000818301,nwmdjmwd,Bassnage Road,52.442204,-2.074949,,,
43000818302,nwmdjmwg,Bassnage Road,52.442337,-2.075008,,,
43000818402,nwmtdgjt,Blagdon Road,52.460022,-2.057745,,,
43000818401,nwmtdgjp,Blagdon Road,52.46051,-2.05651,,,
43000818501,nwmjtdwj,Hillbank Road,52.463238,-2.081579,,,
43000818701,nwmtdgjw,Vicarage Road South,52.457207,-2.112325,,,
43000818801,nwmdjmwj,Providence Street,52.458981,-2.115803,,,
43000818901,nwmdjmwp,Vicarage Road,52.457504,-2.11184,,,
43000819102,nwmjtdwt,Union Street,52.454418,-2.112759,,,
43000819101,nwmjtdwp,Union Street,52.455505,-2.11157,,,
43000819201,nwmdjmwt,Talbot Street,52.457062,-2.110309,,,
43000819202,nwmdjpad,Talbot Street,52.458008,-2.108089,,,
43000819301,nwmdjpag,Lye Church,52.457268,-2.114282,,,
43000819402,nwmjtgag,Cemetery Road,52.455013,-2.119427,,,
43000819601,nwmjtgaj,Bott Lane,52.461472,-2.116854,,,
43000819602,nwmjtgam,Bott Lane,52.461571,-2.117031,,,
43000819702,nwmdjpat,Cemetery Road,52.457237,-2.123524,,,
43000819701,nwmdjpap,Cemetery Road,52.457493,-2.122613,,,
43000819801,nwmdjpaw,Hungary Hill,52.457256,-2.131913,,,
43000819802,nwmdjpda,Hungary Hill,52.457508,-2.131501,,,
43000820002,nwmwajta,Chalfont Place,52.441139,-2.111372,,,
43000820001,nwmtjpgd,Chalfont Place,52.441788,-2.111212,,,
43000820102,nwmjtgaw,Ferndale Park,52.43401,-2.132064,,,
43000820101,nwmjtgat,Ferndale Park,52.433559,-2.13121,,,
43000820202,nwmjtgdg,Wythwood Close,52.438503,-2.12484,,,
43000820201,nwmjtgda,Wythwood Close,52.438221,-2.126222,,,
43000820302,nwmjtgdm,St Peters Road,52.437885,-2.131341,,,
43000820301,nwmjtgdj,St Peters Road,52.438198,-2.131768,,,
43000820402,nwmjtgdt,Foley Road,52.44141,-2.131012,,,
43000820401,nwmjtgdp,Foley Road,52.440834,-2.131114,,,
43000820501,nwmjtgdw,Dingle Road,52.441666,-2.135324,,,
43000820502,nwmjtgja,Dingle Road,52.441761,-2.135677,,,
43000820602,nwmjtgjg,Pedmore La,52.437889,-2.133238,,,
43000820601,nwmjtgjd,Pedmore La,52.437542,-2.132957,,,
43000821101,nwmjtgjm,Oakleigh Road,52.444744,-2.139144,,,
43000821102,nwmjtgjp,Oakleigh Road,52.444458,-2.138643,,,
43000821201,nwmjtgjt,Stourbridge College,52.450127,-2.141279,,,
43000821202,nwmjtgjw,Stourbridge College,52.451042,-2.14218,,,
43000821302,nwmjtgmd,Union Street,52.453873,-2.143455,,,
43000821301,nwmjtgma,Union Street,52.453236,-2.143188,,,
43000821402,nwmjtgmj,Junction Station,52.448891,-2.136567,,,
43000821401,nwmjtgmg,Junction Station,52.448818,-2.135978,,,
43000821501,nwmjtgmp,Junction Road,52.452904,-2.140626,,,
43000821502,nwmjtgmt,Junction Road,52.452717,-2.140625,,,
43000821601,nwmtdgmd,Swinford Road,52.445148,-2.146339,,,
43000821602,nwmtdgmg,Swinford Road,52.445168,-2.146487,,,
43000822102,nwmdjpdj,Stepping Stones,52.456993,-2.133428,,,
43000822101,nwmdjpdg,Stepping Stones,52.456787,-2.134693,,,
43000822203,nwmdjpdp,Stamford Road,52.457405,-2.136593,,,
43000822201,nwmdjpdm,Stamford Road,52.457222,-2.140154,,,
43000822402,nwmjtgmw,Stourbridge Fire Station,52.454475,-2.142912,,,
43000822505,nwmdjpgj,Stourbridge Interchange,52.455948,-2.142917,0.0,430G08225,C
43000822503,nwmdjpga,Stourbridge Interchange,52.45623,-2.142668,0.0,430G08225,A
43000822511,nwmdjpjd,Stourbridge Interchange,52.456032,-2.142387,0.0,430G08225,H
43000822510,nwmdjpja,Stourbridge Interchange,52.455921,-2.142519,0.0,430G08225,G
43000822507,nwmdjpgp,Stourbridge Interchange,52.45612,-2.142608,0.0,430G08225,E
43000822504,nwmdjpgd,Stourbridge Interchange,52.456112,-2.142844,0.0,430G08225,B
43000822508,nwmdjpgt,Stourbridge Interchange,52.456238,-2.142476,0.0,430G08225,F
43000822506,nwmdjpgm,Stourbridge Interchange,52.455959,-2.14274,0.0,430G08225,D
43000822601,nwmjtgpa,Stourbridge Ring Road,52.456749,-2.14963,,,
43000822701,nwmjtgpd,Mill Race Lane,52.460735,-2.148628,,,
43000822801,nwmjtgpg,Town Centre,52.455936,-2.14508,,,
43000822901,nwmjtgpj,Town Hall,52.457336,-2.147263,,,
43000823003,nwmjtgpm,High Street,52.464882,-2.160211,,,
43000823004,nwmwjgma,High Street,52.464981,-2.160359,,,
43000823102,nwmjtgpw,Hill Street,52.453644,-2.147927,,,
43000823101,nwmjtgpt,Hill Street,52.453831,-2.147781,,,
43000823202,nwmjtgtd,The Plough & Harrow,52.450863,-2.149743,,,
43000823201,nwmjtgta,The Plough & Harrow,52.450996,-2.149655,,,
43000823402,nwmjtgtp,Stanley Road,52.447941,-2.155015,,,
43000823401,nwmjtgtm,Stanley Road,52.448124,-2.154986,,,
43000823602,nwmtdgmw,Albemarle Road,52.445152,-2.150503,,,
43000823601,nwmtdgmt,Albemarle Road,52.445072,-2.150562,,,
43000823702,nwmjtgwg,Mary Stevens Park,52.45023,-2.15258,,,
43000823701,nwmjtgwd,Mary Stevens Park,52.45023,-2.152757,,,
43000823801,nwmtmwgd,King Street,52.453388,-2.054646,,,
43000823802,nwmtmwgj,King Street,52.453228,-2.054573,,,
43000823901,nwmtwjga,Westminster Road,52.47691,-2.167484,,,
43000823902,nwmtwjgd,Westminster Road,52.476955,-2.167602,,,
43000824001,nwmtdgpa,Norton Road,52.441971,-2.161938,,,
43000824002,nwmtdgpd,Norton Road,52.442089,-2.161703,,,
43000824101,nwmjtgwj,Beech Road,52.446548,-2.156379,,,
43000824102,nwmjtgwm,Beech Road,52.445675,-2.157435,,,
43000824202,nwmjtgwt,Heath Farm Road,52.446869,-2.164016,,,
43000824201,nwmjtgwp,Heath Farm Road,52.446609,-2.162941,,,
43000824302,nwmjtjag,Windsor Road,52.444431,-2.165493,,,
43000824301,nwmjtjad,Windsor Road,52.444016,-2.166109,,,
43000824402,nwmjtjam,Shenstone Avenue,52.442657,-2.168384,,,
43000824401,nwmjtjaj,Shenstone Avenue,52.442459,-2.168133,,,
43000824502,nwmjtjat,St Georges Road,52.444103,-2.168817,,,
43000824501,nwmjtjap,St Georges Road,52.443336,-2.168916,,,
43000824601,nwmjtjaw,Westwood Avenue,52.446815,-2.169783,,,
43000824602,nwmjtjda,Westwood Avenue,52.447273,-2.169961,,,
43000824701,nwmjtjdg,Lavender Lane,52.448471,-2.169613,,,
43000824702,nwmjtjdj,Lavender Lane,52.44873,-2.169305,,,
43000824802,nwmjtjdp,Rosemary Lane,52.44931,-2.167056,,,
43000824801,nwmjtjdm,Rosemary Lane,52.449066,-2.167761,,,
43000824902,nwmjtjdw,Gig Mill School,52.450108,-2.163925,,,
43000824901,nwmjtjdt,Gig Mill School,52.44989,-2.16413,,,
43000825003,nwmjtjga,Norton Road,52.445591,-2.158405,,,
43000825102,nwmjtjgj,Gigmill Way,52.452229,-2.16305,,,
43000825101,nwmjtjgd,Gigmill Way,52.452202,-2.162961,,,
43000825202,nwmjtjgp,Studley Gate,52.452847,-2.163523,,,
43000825201,nwmjtjgm,Studley Gate,52.452812,-2.164214,,,
43000825302,nwmjtjgw,Stourbridge Cemetery,52.45306,-2.166967,,,
43000825301,nwmjtjgt,Stourbridge Cemetery,52.453087,-2.166423,,,
43000825402,nwmjtjmd,South Road,52.453831,-2.169192,,,
43000825401,nwmjtjma,South Road,52.45372,-2.169442,,,
43000825501,nwmjtjmg,Harmon Road,52.454659,-2.168945,,,
43000825502,nwmjtjmj,Harmon Road,52.455025,-2.168579,,,
43000825602,nwmjtjmt,Park Road,52.457779,-2.167338,,,
43000825601,nwmjtjmp,Park Road,52.456593,-2.167775,,,
43000825704,nwmjtjmw,Osmaston Road,52.445,-2.157962,,,
43000825802,nwmtmwad,Fir Croft,52.468479,-2.128973,,,
43000825801,nwmtmtwt,Fir Croft,52.468876,-2.129519,,,
43000826102,nwmjtjpd,West Street,52.458176,-2.152696,,,
43000826101,nwmjtjpa,West Street,52.458103,-2.152784,,,
43000826202,nwmjtjpj,Mamble Road,52.458366,-2.158054,,,
43000826201,nwmjtjpg,Mamble Road,52.458611,-2.158349,,,
43000826302,nwmjtjpt,King Street,52.459381,-2.159897,,,
43000826301,nwmjtjpm,King Street,52.459454,-2.15978,,,
43000826404,nwmjtjta,Wood Street,52.461155,-2.162832,,,
43000826501,nwmjtjtd,Bridle Road,52.459736,-2.168714,,,
43000826601,nwmjtjtj,Vicarage Road,52.462639,-2.170079,,,
43000826602,nwmjtjtm,Vicarage Road,52.46278,-2.170198,,,
43000826702,nwmjtjtw,Hyperion Road,52.463856,-2.173837,,,
43000826701,nwmjtjtp,Hyperion Road,52.463909,-2.174073,,,
43000826801,nwmjtjwa,Bridgnorth Road,52.460033,-2.169422,,,
43000826902,nwmgmagw,Wollaston Junction,52.460518,-2.163566,,,
43000826901,nwmdtdad,Wollaston Junction,52.46022,-2.164036,,,
43000827002,nwmwgdpt,Hurst Green Road,52.471596,-2.019559,,,
43000827001,nwmjtjwd,Hurst Green Road,52.471561,-2.019691,,,
43000827102,nwmjtjwj,Apley Road,52.464397,-2.159842,,,
43000827201,nwmjtjwm,Wentworth Road,52.466103,-2.161423,,,
43000827301,nwmjtjwp,Dorset Road,52.468079,-2.162181,,,
43000827401,nwmjtjwt,Cheshire Close,52.470062,-2.16447,,,
43000827501,nwmjtmad,Norfolk Road,52.46772,-2.168803,,,
43000827601,nwmjtmag,York Crescent,52.465626,-2.168266,,,
43000827701,nwmjtmaj,Kingsway,52.465935,-2.165485,,,
43000827802,nwmtdgpj,Eggington Road,52.463615,-2.166492,,,
43000828002,nwmtmgjd,Spies Lane,52.456638,-2.022702,,,
43000828001,nwmtmgja,Spies Lane,52.456799,-2.022907,,,
43000828102,nwmjtmap,Amblecote Church,52.462547,-2.149517,,,
43000828202,nwmjtmaw,Stamford Street,52.465244,-2.150645,,,
43000828201,nwmjtmat,Stamford Street,52.464615,-2.150584,,,
43000828302,nwmjtmdg,Collis Street,52.467392,-2.15258,,,
43000828301,nwmjtmda,Collis Street,52.467239,-2.152109,,,
43000828501,nwmjtmdp,High Street,52.467751,-2.15345,,,
43000828502,nwmwjgdw,High Street,52.467937,-2.153628,,,
43000828901,nwmtpdmp,Netherend Square,52.464321,-2.098243,,,
43000829102,nwmjtmga,Quantock Road,52.460381,-2.137662,,,
43000829101,nwmjtmdw,Quantock Road,52.460011,-2.137146,,,
43000829202,nwmjtmgj,Snowdon Road,52.460564,-2.141298,,,
43000829201,nwmjtmgd,Snowdon Road,52.460499,-2.141592,,,
43000829401,nwmjtmgp,Corbett Hospital,52.464718,-2.146419,,,
43000829502,nwmjtmja,Queens Crescent,52.464821,-2.14452,,,
43000829501,nwmjtmgw,Queens Crescent,52.464813,-2.14402,,,
43000829601,nwmjtmjd,Trinity Road,52.465382,-2.141637,,,
43000829602,nwmjtmjg,Trinity Road,52.465275,-2.14171,,,
43000830302,nwmjtmpd,Fairfield Road,52.476681,-2.151391,,,
43000830301,nwmjtmpa,Fairfield Road,52.47641,-2.151301,,,
43000830402,nwmjtmpj,Ridgeway Road,52.476151,-2.148739,,,
43000830401,nwmjtmpg,Ridgeway Road,52.476131,-2.14918,,,
43000830502,nwmjtmpt,Swan Lane,52.476994,-2.145355,,,
43000830501,nwmjtmpm,Swan Lane,52.477219,-2.145209,,,
43000830601,nwmjtmpw,Bull Street,52.477921,-2.142075,,,
43000830602,nwmjtmta,Bull Street,52.477806,-2.142575,,,
43000830701,nwmjtmtd,Bushway Close,52.479507,-2.140298,,,
43000830702,nwmjtmtg,Bushway Close,52.479301,-2.140415,,,
43000830801,nwmjtmtj,Wells Road,52.482025,-2.140071,,,
43000830902,nwmjtmtp,Addison Road,52.481876,-2.135005,,,
43000830901,nwmjtmtm,Addison Road,52.481731,-2.136021,,,
43000831002,nwmtdgta,The Goss,52.475018,-2.120276,,,
43000831001,nwmtdgpw,The Goss,52.475105,-2.120409,,,
43000831101,nwmjtmtw,Park Street,52.470959,-2.152858,,,
43000831102,nwmjtmwa,Park Street,52.470966,-2.153329,,,
43000831202,nwmjtmwg,Oakfield Close,52.471756,-2.149445,,,
43000831201,nwmjtmwd,Oakfield Close,52.472061,-2.148592,,,
43000831302,nwmjtmwm,Harrison Road,52.472614,-2.144767,,,
43000831301,nwmjtmwj,Harrison Road,52.472904,-2.14359,,,
43000831401,nwmjtmwp,Hawbush Road,52.473202,-2.142148,,,
43000831402,nwmjtmwt,Hawbush Road,52.473526,-2.141074,,,
43000831502,nwmjtpag,Meeting Lane,52.474285,-2.137249,,,
43000831501,nwmjtpad,Meeting Lane,52.474072,-2.13847,,,
43000831601,nwmjtpaj,Crescent Avenue,52.475567,-2.133881,,,
43000831602,nwmjtpam,Crescent Avenue,52.475494,-2.133145,,,
43000831702,nwmjtpat,Lancaster Road,52.477325,-2.128042,,,
43000831701,nwmjtpap,Lancaster Road,52.477028,-2.128836,,,
43000831801,nwmjtpaw,North Street,52.478146,-2.12613,,,
43000831901,nwmjtpda,Church Hill,52.478374,-2.124791,,,
43000831902,nwmjtpdg,Church Hill,52.478699,-2.124218,,,
43000832001,nwmdpdmd,Sainsburys,52.471275,-2.130247,,,
43000832002,nwmtdgtd,Sainsburys,52.471138,-2.130232,,,
43000832101,nwmjtpdj,Blithfield Drive,52.464199,-2.139116,,,
43000832102,nwmjtpdm,Blithfield Drive,52.46452,-2.139309,,,
43000832201,nwmjtpdp,Brompton Drive,52.46426,-2.132316,,,
43000832202,nwmjtpdt,Brompton Drive,52.463665,-2.133772,,,
43000832301,nwmjtpdw,Sandringham Way,52.46516,-2.129655,,,
43000832302,nwmjtpga,Sandringham Way,52.465126,-2.129375,,,
43000832402,nwmjtpgj,Vicarage Close,52.467232,-2.126761,,,
43000832401,nwmjtpgd,Vicarage Close,52.467213,-2.127011,,,
43000832502,nwmjtpgp,Hudswell Drive,52.468403,-2.124233,,,
43000832501,nwmjtpgm,Hudswell Drive,52.469521,-2.122352,,,
43000832602,nwmjtpgw,Acres Road,52.470268,-2.120808,,,
43000832601,nwmjtpgt,Acres Road,52.471432,-2.118824,,,
43000832701,nwmjtpja,Thorns Avenue,52.47245,-2.116618,,,
43000832702,nwmjtpjd,Thorns Avenue,52.472675,-2.116074,,,
43000832802,nwmjtpjm,Farndale Close,52.463402,-2.136376,,,
43000832801,nwmjtpjg,Farndale Close,52.463295,-2.135625,,,
43000832902,nwmtdgtj,Norbury Drive,52.472763,-2.124392,,,
43000832901,nwmtdgtg,Norbury Drive,52.47287,-2.124569,,,
43000833102,nwmjtpjt,Caledonia,52.465187,-2.11548,,,
43000833101,nwmjtpjp,Caledonia,52.464645,-2.115435,,,
43000833203,nwmwgpdj,Thorns Primary School,52.466957,-2.11391,,,
43000833202,nwmjtpma,Thorns Primary School,52.466015,-2.114599,,,
43000833201,nwmjtpjw,Thorns Primary School,52.46701,-2.11419,,,
43000833301,nwmjtpmd,Stevens Park,52.469162,-2.111988,,,
43000833302,nwmjtpmg,Stevens Park,52.469505,-2.111988,,,
43000833501,nwmdjpmd,Mount Pleasant,52.474739,-2.108292,,,
43000833502,nwmdjpmg,Mount Pleasant,52.474812,-2.108896,,,
43000833702,nwmtdgtp,Fennel Road,52.464039,-2.127576,,,
43000833701,nwmtdgtm,Fennel Road,52.464344,-2.128078,,,
43000833802,nwmtdgwa,Hickman Street,52.45903,-2.129269,,,
43000833801,nwmtdgtw,Hickman Street,52.458599,-2.130063,,,
43000834101,nwmdjpmt,Wallows Road,52.488823,-2.129592,,,
43000834102,nwmdjpmw,Wallows Road,52.48893,-2.130005,,,
43000834702,nwmwdmjt,Pheasant Street,52.485104,-2.128771,,,
43000834801,nwmdjpta,Two Woods Lane,52.476322,-2.109753,,,
43000834802,nwmtwgdw,Two Woods Lane,52.476715,-2.109798,,,
43000835001,nwmdjptd,The Embankment,52.478951,-2.114913,,,
43000835002,nwmdjptg,The Embankment,52.478436,-2.116355,,,
43000835102,nwmdjptm,Bent Street,52.485909,-2.124636,,,
43000835101,nwmdjptj,Bent Street,52.485432,-2.12381,,,
43000835201,nwmjtptj,Bank Street,52.485256,-2.12082,,,
43000835202,nwmjtptm,Bank Street,52.484276,-2.121156,,,
43000835302,nwmjtptw,Bell Street,52.481323,-2.124048,,,
43000835301,nwmjtptp,Bell Street,52.481289,-2.123724,,,
43000835402,nwmjtpwd,Moor St Goods Yard,52.481747,-2.131103,,,
43000835401,nwmjtpwa,Moor St Goods Yard,52.481632,-2.130175,,,
43000835503,nwmjtpwg,Five Ways,52.480389,-2.121808,,,
43000835504,nwmjtpwj,Five Ways,52.480083,-2.121792,,,
43000835602,nwmdjptw,Corbett Road,52.476181,-2.115288,,,
43000835601,nwmdjptp,Corbett Road,52.476513,-2.115834,,,
43000835702,nwmdjpwd,Delph Road,52.474743,-2.114711,,,
43000835701,nwmdjpwa,Delph Road,52.474583,-2.114489,,,
43000835801,nwmdjpwg,Merry Hill Bus Station,52.479351,-2.109687,0.0,430G08358,A
43000835804,nwmdjpwp,Merry Hill Bus Station,52.479279,-2.108936,0.0,430G08358,D
43000835803,nwmdjpwm,Merry Hill Bus Station,52.479351,-2.109231,0.0,430G08358,C
43000835802,nwmdjpwj,Merry Hill Bus Station,52.479351,-2.109422,0.0,430G08358,B
43000835808,nwmdjtaj,Merry Hill Bus Station,52.479107,-2.109701,0.0,430G08358,H
43000835805,nwmdjpwt,Merry Hill Bus Station,52.479134,-2.108936,0.0,430G08358,E
43000835807,nwmdjtag,Merry Hill Bus Station,52.479107,-2.109451,0.0,430G08358,G
43000835806,nwmdjtad,Merry Hill Bus Station,52.479107,-2.109201,0.0,430G08358,F
43000836002,nwmjtpwp,Merry Hill Centre,52.481396,-2.113742,,,
43000836001,nwmjtpwm,Merry Hill Centre,52.481415,-2.113432,,,
43000836102,nwmdjtdj,Victoria Road,52.475597,-2.104525,,,
43000836101,nwmdjtdg,Victoria Road,52.47559,-2.104113,,,
43000836202,nwmdjtdp,Coppice Rise,52.476021,-2.102185,,,
43000836201,nwmdjtdm,Coppice Rise,52.476246,-2.10167,,,
43000836702,nwmjtwaw,Peartree Lane,52.489933,-2.107092,,,
43000837001,nwmtdgwm,Enterprise Trading Estate,52.484982,-2.106344,,,
43000837002,nwmtdgwp,Enterprise Trading Estate,52.484821,-2.105224,,,
43000837103,nwmdjtga,Chapel Street,52.472416,-2.103958,,,
43000837102,nwmdjtdw,Chapel Street,52.472668,-2.105431,,,
43000837301,nwmdjtgd,Quarry Bank School,52.471527,-2.100482,,,
43000837302,nwmdjtgj,Quarry Bank School,52.471554,-2.10029,,,
43000837402,nwmdjtgp,Woodland Avenue,52.470577,-2.098757,,,
43000837401,nwmdjtgm,Woodland Avenue,52.470711,-2.098772,,,
43000837501,nwmjtwdj,Maughan Street,52.472496,-2.106078,,,
43000837502,nwmjtwdm,Maughan Street,52.471722,-2.106356,,,
43000837602,nwmjtwdt,East Street,52.469555,-2.104672,,,
43000837601,nwmjtwdp,East Street,52.469734,-2.104938,,,
43000837702,nwmjtwga,New Street,52.467785,-2.103549,,,
43000837701,nwmjtwdw,New Street,52.467857,-2.103491,,,
43000837802,nwmjtwgj,Stour Hill,52.466457,-2.102443,,,
43000837801,nwmjtwgd,Stour Hill,52.466503,-2.102354,,,
43000837901,nwmtjgaj,High Street,52.483639,-2.1203,,,
43000838201,nwmjtwgp,Wallows Road,52.488987,-2.119181,,,
43000838202,nwmjtwgt,Wallows Road,52.488914,-2.119387,,,
43000838302,nwmjtwja,Canal Street,52.490841,-2.117316,,,
43000838301,nwmjtwgw,Canal Street,52.491074,-2.117272,,,
43000838401,nwmjtwjd,Charter Street,52.494019,-2.114275,,,
43000838402,nwmjtwjg,Charter Street,52.493938,-2.114555,,,
43000838501,nwmjtwjm,Avenue Road,52.49712,-2.112206,,,
43000838502,nwmjtwjp,Avenue Road,52.496475,-2.11247,,,
43000838601,nwmjtwjt,Hallchurch Road,52.499165,-2.1104,,,
43000838702,nwmjtwjw,Abbotsford Drive,52.502262,-2.113472,,,
43000838801,nwmjtwma,Chapel Street,52.499294,-2.122302,,,
43000839301,nwmjtwmw,Newland Grove,52.497208,-2.104739,,,
43000839302,nwmjtwpa,Newland Grove,52.497246,-2.104901,,,
43000839402,nwmjtwpg,Suffolk Road,52.499477,-2.102373,,,
43000839401,nwmjtwpd,Suffolk Road,52.499691,-2.102167,,,
43000839801,nwmjtwtg,Hallchurch Road,52.496937,-2.106506,,,
43000839802,nwmjtwtj,Hallchurch Road,52.497074,-2.10658,,,
43000839904,nwmdjtgt,Civic Hall,52.483868,-2.121714,,,
43000839905,nwmdjtgw,Civic Hall,52.48394,-2.121803,,,
43000840001,nwmjtwtm,Waterfront Way,52.486568,-2.120573,,,
43000840101,nwmjtwtp,Brettell Lane,52.470821,-2.155095,,,
43000840102,nwmjtwtw,Brettell Lane,52.471252,-2.154905,,,
43000840202,nwmjwadg,Junction Road,52.473618,-2.155694,,,
43000840201,nwmjwada,Junction Road,52.473141,-2.155766,,,
43000840301,nwmjwadj,Glass Museums,52.474792,-2.156537,,,
43000840302,nwmjwadm,Glass Museums,52.475422,-2.156907,,,
43000840401,nwmjwadp,Brierley Hill Road,52.47728,-2.159034,,,
43000840402,nwmjwadt,Brierley Hill Road,52.477596,-2.159021,,,
43000840502,nwmjwaga,The Old Cat Inn,52.480907,-2.163789,,,
43000840501,nwmjwadw,The Old Cat Inn,52.480755,-2.162286,,,
43000840601,nwmjwagd,Blandford Drive,52.481403,-2.161611,,,
43000840602,nwmjwagj,Blandford Drive,52.481365,-2.161832,,,
43000840702,nwmjwagp,Rectory Street,52.483139,-2.16178,,,
43000840701,nwmjwagm,Rectory Street,52.483406,-2.161987,,,
43000840801,nwmjwagt,Auckland Road,52.484955,-2.16211,,,
43000840802,nwmjwagw,Auckland Road,52.484524,-2.161785,,,
43000840902,nwmjwajd,Marshall Crescent,52.486351,-2.160319,,,
43000840901,nwmjwaja,Marshall Crescent,52.486095,-2.160656,,,
43000841202,nwmjwajt,Middleway Avenue,52.482483,-2.173793,,,
43000841201,nwmjwajp,Middleway Avenue,52.482395,-2.172762,,,
43000841301,nwmjwajw,Rothesay Drive,52.482174,-2.176634,,,
43000841302,nwmjwama,Rothesay Drive,52.481739,-2.176853,,,
43000841401,nwmjwamd,Hamilton Drive,52.479637,-2.176344,,,
43000841402,nwmjwamg,Hamilton Drive,52.479584,-2.176137,,,
43000841501,nwmjwamj,Meadow Way,52.477215,-2.174022,,,
43000841502,nwmjwamp,Meadow Way,52.476902,-2.173462,,,
43000841601,nwmjwamt,Braemar Avenue,52.474926,-2.1721,,,
43000841602,nwmjwamw,Braemar Avenue,52.47451,-2.17173,,,
43000841801,nwmjwapd,Sandringham Place,52.474236,-2.168607,,,
43000841802,nwmjwapg,Sandringham Place,52.475029,-2.168228,,,
43000841901,nwmjwapj,Belle Vue,52.478546,-2.167593,,,
43000841902,nwmjwapm,Belle Vue,52.478771,-2.167359,,,
43000842003,nwmdjtjg,Library,52.48254,-2.121313,,,
43000842002,nwmdjtjd,Library,52.48217,-2.121165,,,
43000842001,nwmdjtja,Library,52.482018,-2.121194,,,
43000842102,nwmjwapw,Dartmouth Avenue,52.484421,-2.169088,,,
43000842101,nwmjwapt,Dartmouth Avenue,52.484348,-2.169206,,,
43000842202,nwmjwatd,Graham Road,52.486694,-2.17004,,,
43000842201,nwmjwata,Graham Road,52.485897,-2.169889,,,
43000842302,nwmjwatj,Mount Pleasant,52.489582,-2.170728,,,
43000842301,nwmjwatg,Mount Pleasant,52.488842,-2.170902,,,
43000842401,nwmjwatm,Kingsley Road,52.490723,-2.170909,,,
43000842403,nwmtwpgp,Kingsley Road,52.491207,-2.171103,,,
43000842402,nwmjwatp,Kingsley Road,52.490902,-2.171116,,,
43000842501,nwmjwatw,Oak Street,52.493767,-2.172954,,,
43000842502,nwmjwawa,Oak Street,52.4939,-2.172969,,,
43000842602,nwmjwawd,Cot Lane,52.496563,-2.173156,,,
43000843002,nwmjwawm,Stream Road,52.488682,-2.162757,,,
43000843001,nwmjwawj,Stream Road,52.488853,-2.162434,,,
43000843102,nwmtdjam,Oakfields Avenue,52.489269,-2.160536,,,
43000843202,nwmjwawt,Bromley Lane,52.489067,-2.164025,,,
43000843201,nwmjwawp,Bromley Lane,52.488968,-2.163804,,,
43000843302,nwmjwdag,Glynne Avenue,52.490837,-2.16521,,,
43000843301,nwmjwdad,Glynne Avenue,52.490559,-2.16518,,,
43000843401,nwmjwdaj,Beech Road,52.491615,-2.162209,,,
43000843402,nwmjwdam,Beech Road,52.49176,-2.162032,,,
43000843501,nwmjwdap,Greenfields Road,52.493702,-2.166635,,,
43000843502,nwmjwdat,Greenfields Road,52.493317,-2.166707,,,
43000843603,nwmjwdga,Park Street,52.495178,-2.167421,,,
43000843601,nwmjwdaw,Park Street,52.496544,-2.16803,,,
43000843702,nwmjwdgj,Penzer Street,52.497658,-2.166709,,,
43000843701,nwmjwdgd,Penzer Street,52.497452,-2.167813,,,
43000843802,nwmjwdgp,Kingswinford Cross,52.497952,-2.169082,,,
43000843801,nwmjwdgm,Kingswinford Cross,52.497871,-2.16886,,,
43000843901,nwmjwdgt,Back Road,52.501457,-2.169758,,,
43000843902,nwmjwdgw,Back Road,52.500908,-2.16983,,,
43000844002,nwmdjtjp,Venture Way,52.480186,-2.120556,,,
43000844001,nwmdjtjm,Venture Way,52.480312,-2.120585,,,
43000844101,nwmjwdja,The Summer House,52.493145,-2.15971,,,
43000844102,nwmjwdjd,The Summer House,52.493103,-2.159931,,,
43000844202,nwmjwdjp,The Portway,52.493843,-2.15609,,,
43000844301,nwmjwdjt,Elm Road,52.495998,-2.157143,,,
43000844302,nwmjwdjw,Elm Road,52.496502,-2.157439,,,
43000844401,nwmjwdma,Larch Road,52.497814,-2.159109,,,
43000844402,nwmjwdmd,Larch Road,52.498127,-2.159817,,,
43000844503,nwmjwdmj,Standhills Road,52.498459,-2.161777,,,
43000844502,nwmjwdmg,Standhills Road,52.499069,-2.161102,,,
43000844601,nwmjwdmp,The Village,52.500484,-2.157483,,,
43000844602,nwmjwdmt,The Village,52.500404,-2.157719,,,
43000845102,nwmjwdpg,British Oak,52.505787,-2.165429,,,
43000845101,nwmjwdpd,British Oak,52.50547,-2.166223,,,
43000845201,nwmjwdpj,New Dudley Road,52.505203,-2.170966,,,
43000845301,nwmjwdpm,Moss Grove,52.504177,-2.171816,,,
43000845302,nwmjwdpt,Moss Grove,52.50399,-2.171403,,,
43000845402,nwmjwdta,New Street,52.505386,-2.17683,,,
43000845401,nwmjwdpw,New Street,52.505188,-2.176505,,,
43000845501,nwmjwdtd,Blaze Park,52.505169,-2.182767,,,
43000845502,nwmjwdtg,Blaze Park,52.50515,-2.182457,,,
43000845601,nwmjwdtj,Blaze Park Terminus,52.504883,-2.187038,,,
43000845702,nwmjwdtp,Holbeache Road,52.509373,-2.172588,,,
43000845701,nwmjwdtm,Holbeache Road,52.509087,-2.172661,,,
43000845802,nwmtdjdp,Foundry Street,52.504204,-2.179153,,,
43000845801,nwmtdjdm,Foundry Street,52.504051,-2.179241,,,
43000846001,nwmjtpmp,Ridge Hill,52.48373,-2.154699,,,
43000846002,nwmtdjdw,Ridge Hill,52.483868,-2.154552,,,
43000846101,nwmjwdtw,Bromley Hill Schools,52.489342,-2.153673,,,
43000846102,nwmjwdwa,Bromley Hill Schools,52.489044,-2.154585,,,
43000846202,nwmjwdwg,Randall Close,52.489895,-2.149625,,,
43000846201,nwmjwdwd,Randall Close,52.489788,-2.149742,,,
43000846301,nwmjwdwj,Albermarle Road,52.490246,-2.143455,,,
43000846303,nwmjwdwp,Albermarle Road,52.490273,-2.144589,,,
43000846502,nwmjwgad,Conway Close,52.488537,-2.151461,,,
43000846501,nwmjwdwt,Conway Close,52.488365,-2.15124,,,
43000846602,nwmjwgaj,Madeley Road,52.485634,-2.14989,,,
43000846601,nwmjwgag,Madeley Road,52.486294,-2.149156,,,
43000846702,nwmtwdpg,Westcott Close,52.482914,-2.153444,,,
43000846701,nwmjwgam,Westcott Close,52.483521,-2.151974,,,
43000847101,nwmdjtjt,Tiled House Lane,52.498428,-2.133775,,,
43000847102,nwmdjtjw,Tiled House Lane,52.497746,-2.134067,,,
43000847202,nwmjwgaw,Bridgend Croft,52.496655,-2.138056,,,
43000847201,nwmjwgat,Bridgend Croft,52.496853,-2.13785,,,
43000847301,nwmjwgda,Queen Street,52.496517,-2.129924,,,
43000847302,nwmjwgdg,Queen Street,52.496357,-2.130174,,,
43000847403,nwmdjtmd,Bromley,52.493763,-2.132685,,,
43000847401,nwmdjtma,Bromley,52.494053,-2.132524,,,
43000847502,nwmdjtmj,Bryce Road,52.492138,-2.132695,,,
43000847501,nwmdjtmg,Bryce Road,52.491814,-2.132488,,,
43000847701,nwmjwgdp,Pensnett School,52.495178,-2.139111,,,
43000847702,nwmjwgdt,Pensnett School,52.495007,-2.138949,,,
43000847802,nwmjwgja,Rookery Park,52.491528,-2.138835,,,
43000847801,nwmjwgdw,Rookery Park,52.49213,-2.138601,,,
43000847901,nwmjwgjd,Bryce Road,52.490673,-2.139642,,,
43000847902,nwmtmjwt,Bryce Road,52.490566,-2.139553,,,
43000848101,nwmjwgjg,Ham Lane,52.506729,-2.161381,,,
43000848102,nwmjwgjm,Ham Lane,52.506901,-2.160556,,,
43000848202,nwmjwgjt,Elf Garage,52.508392,-2.153534,,,
43000848201,nwmjwgjp,Elf Garage,52.50832,-2.153799,,,
43000848301,nwmdjtmp,First Avenue,52.508713,-2.149173,,,
43000848303,nwmdjtmt,First Avenue,52.509056,-2.148011,,,
43000848602,nwmjwgmp,Dandy Bank Road,52.503258,-2.147196,,,
43000848601,nwmjwgmj,Dandy Bank Road,52.50309,-2.146886,,,
43000848702,nwmdjtpa,Baird House,52.501717,-2.151698,,,
43000848701,nwmdjtmw,Baird House,52.501698,-2.151801,,,
43000848802,nwmjwgmw,Ketley Road,52.500446,-2.153476,,,
43000848801,nwmjwgmt,Ketley Road,52.500374,-2.154522,,,
43000848902,nwmdjtpg,Gibbons Lane,52.501995,-2.143921,,,
43000848901,nwmdjtpd,Gibbons Lane,52.502003,-2.144377,,,
43000849001,nwmjwgpa,Byron Street,52.499306,-2.121389,,,
43000849101,nwmjwgpd,Smithy Lane,52.505142,-2.13736,,,
43000849102,nwmjwgpg,Smithy Lane,52.505268,-2.137641,,,
43000849203,nwmdjtpj,Tansey Green Road,52.501709,-2.136495,,,
43000849302,nwmjwgpm,Bradley Street,52.500965,-2.134018,,,
43000849401,nwmjwgpt,St James' Church,52.500881,-2.128818,,,
43000849402,nwmjwgpw,St James' Church,52.500782,-2.127624,,,
43000849501,nwmjwgta,Swan Street,52.497787,-2.128411,,,
43000849502,nwmjwgtd,Swan Street,52.497952,-2.128191,,,
43000849602,nwmjwgtj,Church Street,52.497402,-2.126127,,,
43000849601,nwmjwgtg,Church Street,52.497288,-2.126023,,,
43000849701,nwmjwgtm,Tennyson Street,52.497337,-2.121855,,,
43000849702,nwmjwgtp,Tennyson Street,52.497139,-2.1229,,,
43000849802,nwmjwgwa,Albert Street,52.501415,-2.123531,,,
43000849801,nwmjwgtw,Albert Street,52.50111,-2.125342,,,
43000849901,nwmjwgwd,Tennyson Street,52.50116,-2.120348,,,
43000849902,nwmjwgwg,Tennyson Street,52.501122,-2.121438,,,
43000850003,nwmjwgwp,All Saints Church,52.540112,-2.122195,,,
43000850102,nwmjwjag,Alderdale Avenue,52.552841,-2.128955,,,
43000850101,nwmjwjad,Alderdale Avenue,52.553059,-2.129059,,,
43000850201,nwmjwjaj,Otterstone Close,52.550892,-2.128197,,,
43000850202,nwmjwjam,Otterstone Close,52.549751,-2.128047,,,
43000850301,nwmjwjap,Long Meadow Drive,52.548801,-2.131244,,,
43000850302,nwmjwjat,Long Meadow Drive,52.548603,-2.131686,,,
43000850402,nwmjwjda,Alder Coppice School,52.544071,-2.134179,,,
43000850401,nwmjwjaw,Alder Coppice School,52.54472,-2.134491,,,
43000850502,nwmjwjdj,Northway,52.540169,-2.134609,,,
43000850501,nwmjwjdg,Northway,52.540089,-2.134712,,,
43000850602,nwmjwjdp,Netherby Road,52.539303,-2.128577,,,
43000850601,nwmjwjdm,Netherby Road,52.53944,-2.128665,,,
43000850702,nwmwgwjm,Western Avenue,52.541687,-2.134201,,,
43000850701,nwmjwjdt,Western Avenue,52.54184,-2.134497,,,
43000850802,nwmjwjga,Alderbrook Close,52.547577,-2.134794,,,
43000850801,nwmjwjdw,Alderbrook Close,52.54781,-2.134633,,,
43000850901,nwmtwtpm,Belle Isle,52.485146,-2.129508,,,
43000851001,nwmwagad,Gilbanks Road,52.464947,-2.165628,,,
43000851102,nwmjwjgj,Beacon Centre,52.556652,-2.121724,,,
43000851101,nwmjwjgd,Beacon Centre,52.556618,-2.122063,,,
43000851202,nwmtgajd,Wolverhampton Road,52.554977,-2.126174,,,
43000851201,nwmjwjgm,Wolverhampton Road,52.555004,-2.124743,,,
43000851301,nwmjwjgp,Greenleighs,52.55299,-2.124384,,,
43000851302,nwmjwjgt,Greenleighs,52.553719,-2.124622,,,
43000851401,nwmjwjgw,Gibbons Hill Road,52.549557,-2.123799,,,
43000851402,nwmjwjma,Gibbons Hill Road,52.550232,-2.12414,,,
43000851501,nwmjwjmd,Springfield Grove,52.545811,-2.123317,,,
43000851502,nwmjwjmg,Springfield Grove,52.546383,-2.123185,,,
43000852001,nwmwamgm,Dubarry Avenue,52.502148,-2.170188,,,
43000852101,nwmjwjmj,Rowan Road,52.543808,-2.109598,,,
43000852102,nwmjwjmp,Rowan Road,52.543648,-2.110379,,,
43000852202,nwmjwjmw,Queens Road,52.543499,-2.114655,,,
43000852201,nwmjwjmt,Queens Road,52.543217,-2.115715,,,
43000852302,nwmjwjpd,Castle Street,52.542503,-2.120181,,,
43000852301,nwmjwjpa,Castle Street,52.542305,-2.120741,,,
43000852401,nwmjwjpg,High Park Crescent,52.543545,-2.122175,,,
43000852402,nwmjwjpj,High Park Crescent,52.543724,-2.122426,,,
43000852505,nwmjwjpm,Market Hall,52.540455,-2.121355,,,
43000852507,nwmtptgt,Market Hall,52.540524,-2.121444,,,
43000852506,nwmjwjpt,Market Hall,52.540642,-2.121326,,,
43000853101,nwmjwjpw,Brownswall Road,52.53862,-2.127719,,,
43000853202,nwmjwjtd,Dingle View,52.534801,-2.134416,,,
43000853201,nwmjwjta,Dingle View,52.535378,-2.132914,,,
43000853301,nwmjwjtg,The Croft,52.533848,-2.136389,,,
43000853302,nwmjwjtj,The Croft,52.53373,-2.136241,,,
43000853401,nwmjwjtm,Ruskin Avenue,52.531036,-2.14266,,,
43000853402,nwmjwjtp,Ruskin Avenue,52.530972,-2.143043,,,
43000853501,nwmjwjtw,Longfellow Road,52.529079,-2.145675,,,
43000853502,nwmjwjwa,Longfellow Road,52.52816,-2.146631,,,
43000853602,nwmjwjwg,High Arcal Road,52.525105,-2.148021,,,
43000853601,nwmjwjwd,High Arcal Road,52.525257,-2.148493,,,
43000853701,nwmjwjwj,Masefield Road,52.523972,-2.14613,,,
43000853801,nwmjwjwp,Coleridge Rise,52.523121,-2.144285,,,
43000853802,nwmjwjwt,Coleridge Rise,52.522511,-2.143723,,,
43000853902,nwmjwmag,Straits Green,52.520645,-2.140106,,,
43000853901,nwmjwmad,Straits Green,52.520752,-2.140077,,,
43000854101,nwmdjtpt,Chandler Drive,52.509323,-2.142943,,,
43000854102,nwmdjtpw,Chandler Drive,52.509377,-2.143371,,,
43000854201,nwmdjtwa,Smithy Lane,52.510624,-2.13947,,,
43000854202,nwmdjtwd,Smithy Lane,52.510838,-2.139147,,,
43000854302,nwmdjtwj,Chase Road,52.512424,-2.135586,,,
43000854301,nwmdjtwg,Chase Road,52.512352,-2.135998,,,
43000854602,nwmwgmdp,Flavells Lane,52.513508,-2.133452,,,
43000854601,nwmwamtd,Flavells Lane,52.513523,-2.13388,,,
43000854701,nwmjwmap,Central Drive,52.515057,-2.121064,,,
43000854702,nwmjwmat,Central Drive,52.515598,-2.120638,,,
43000854802,nwmjwmda,Pleasant View,52.514091,-2.12588,,,
43000854801,nwmjwmaw,Pleasant View,52.513992,-2.125585,,,
43000854902,nwmjwmdj,Bank Road,52.514076,-2.129063,,,
43000854901,nwmjwmdg,Bank Road,52.514202,-2.129137,,,
43000855001,nwmtwmap,Ellowes Road,52.52177,-2.131208,,,
43000855102,nwmjwmdp,Holloway Street,52.523838,-2.124537,,,
43000855101,nwmjwmdm,Holloway Street,52.523819,-2.124817,,,
43000855202,nwmwgjdg,Wood Road,52.525219,-2.127902,,,
43000855201,nwmjwmdt,Wood Road,52.525192,-2.127209,,,
43000855301,nwmjwmdw,Park Road,52.52422,-2.129328,,,
43000855302,nwmjwmga,Park Road,52.524273,-2.129476,,,
43000855401,nwmjwmgd,Musk Lane,52.521446,-2.133226,,,
43000855501,nwmjwmgj,Bird Street,52.520679,-2.132782,,,
43000855502,nwmjwmgm,Bird Street,52.520988,-2.131957,,,
43000855602,nwmjwmgt,Brookdale,52.518791,-2.132776,,,
43000855601,nwmjwmgp,Brookdale,52.518677,-2.132908,,,
43000855702,nwmjwmgw,Turners Hill Road,52.523346,-2.130431,,,
43000855703,nwmtwmam,Turners Hill Road,52.523003,-2.130637,,,
43000856001,nwmtdjmt,Shugborough Drive,52.514645,-2.118956,,,
43000856002,nwmtdjmw,Shugborough Drive,52.514446,-2.119191,,,
43000856102,nwmdjtwp,Chapel Walk,52.515369,-2.132043,,,
43000856101,nwmdjtwm,Chapel Walk,52.515118,-2.131969,,,
43000856201,nwmjwmja,Brook Street,52.518906,-2.130064,,,
43000856301,nwmdjtwt,Bank Road,52.517521,-2.130134,,,
43000856302,nwmdjwad,Bank Road,52.517437,-2.129957,,,
43000856401,nwmjwmjd,Temple Street,52.519844,-2.123657,,,
43000856402,nwmjwmjg,Temple Street,52.51963,-2.123877,,,
43000856502,nwmtdjpd,Sovereign Drive,52.512764,-2.120026,,,
43000856501,nwmtdjpa,Sovereign Drive,52.513042,-2.120012,,,
43000856602,nwmjwmjp,Humphrey Street,52.51984,-2.120178,,,
43000856601,nwmjwmjm,Humphrey Street,52.5196,-2.119574,,,
43000856701,nwmjwmjt,Temple Street,52.517803,-2.126908,,,
43000856802,nwmjwmpa,Summit Place,52.517757,-2.135322,,,
43000856801,nwmjwmjw,Summit Place,52.518017,-2.135412,,,
43000856902,nwmjwmpg,Acton Drive,52.519409,-2.137641,,,
43000856901,nwmjwmpd,Acton Drive,52.519344,-2.138009,,,
43000857101,nwmjwmpj,Kent Street,52.525333,-2.112455,,,
43000857102,nwmtjmjg,Kent Street,52.52533,-2.112824,,,
43000857202,nwmjwmpt,Peak Drive,52.518181,-2.118184,,,
43000857201,nwmjwmpm,Peak Drive,52.518082,-2.118449,,,
43000857302,nwmjwmta,Grosvenor Road,52.516769,-2.118328,,,
43000857301,nwmjwmpw,Grosvenor Road,52.516857,-2.118696,,,
43000857501,nwmjwmtj,Sandford Road,52.511593,-2.114056,,,
43000857502,nwmjwmtm,Sandford Road,52.511486,-2.113687,,,
43000857601,nwmjwmtp,Himley Avenue,52.512005,-2.1061,,,
43000857602,nwmjwmtw,Himley Avenue,52.511879,-2.106601,,,
43000857702,nwmjwmwd,Minehead Road,52.508038,-2.11714,,,
43000857701,nwmjwmwa,Minehead Road,52.508102,-2.117273,,,
43000857801,nwmjwmwg,Overfield Road,52.509453,-2.116054,,,
43000857802,nwmjwmwj,Overfield Road,52.509361,-2.116157,,,
43000857901,nwmjwmwm,Hinbrook Road,52.509678,-2.113019,,,
43000857902,nwmjwmwp,Hinbrook Road,52.509598,-2.112916,,,
43000858001,nwmjwmwt,Sedgefield Close,52.516876,-2.115661,,,
43000858002,nwmjwpad,Sedgefield Close,52.516907,-2.115528,,,
43000858502,nwmtgapg,High Holborn,52.539124,-2.119111,,,
43000858501,nwmtgapd,High Holborn,52.53933,-2.119376,,,
43000858602,nwmjwpaj,Gate Street,52.53891,-2.119714,,,
43000858601,nwmjwpag,Gate Street,52.538017,-2.119417,,,
43000858702,nwmjwpap,Ridgeway,52.535889,-2.119234,,,
43000858701,nwmjwpam,Ridgeway,52.535755,-2.119042,,,
43000858801,nwmjwpat,Valley Road,52.532516,-2.118871,,,
43000858802,nwmjwpaw,Valley Road,52.533092,-2.118932,,,
43000859002,nwmtgapm,Kent Street,52.526466,-2.111117,,,
43000859102,nwmjwpdm,Moden Hill,52.531078,-2.119118,,,
43000859101,nwmjwpdj,Moden Hill,52.530323,-2.118291,,,
43000859201,nwmjwpdp,Highgate,52.528286,-2.116177,,,
43000859202,nwmjwpdt,Highgate,52.528584,-2.11665,,,
43000859302,nwmjwpdw,Jews Lane,52.526554,-2.114124,,,
43000859303,nwmjwpga,Jews Lane,52.525692,-2.113016,,,
43000859401,nwmjwpgd,Blackthorne Road,52.524067,-2.109224,,,
43000859402,nwmjwpgj,Blackthorne Road,52.524239,-2.10921,,,
43000859501,nwmjwpgm,Deepdale Street,52.522854,-2.116782,,,
43000859502,nwmjwpgp,Deepdale Street,52.523216,-2.116105,,,
43000859602,nwmjwpgw,Roberts Primary School,52.522259,-2.119625,,,
43000859703,nwmjwpjd,Five Ways Island,52.521168,-2.122231,,,
43000859702,nwmjwpja,Five Ways Island,52.521122,-2.122599,,,
43000859901,nwmjwpjg,Oak Green,52.526657,-2.100225,,,
43000860001,nwmjwpjm,Ivy Road,52.525303,-2.104879,,,
43000860102,nwmjwpjt,Poole Crescent,52.55143,-2.079369,,,
43000860101,nwmjwpjp,Poole Crescent,52.551701,-2.079428,,,
43000860201,nwmjwpjw,Legge Lane,52.549686,-2.080723,,,
43000860202,nwmjwpma,Legge Lane,52.549614,-2.081298,,,
43000861102,nwmjwpmj,White House,52.549572,-2.0759,,,
43000861101,nwmjwpmg,White House,52.549435,-2.076239,,,
43000861202,nwmjwpmp,Norton Crescent,52.548229,-2.077284,,,
43000861301,nwmjwpmt,Gough Road,52.547493,-2.080542,,,
43000861401,nwmjwpmw,Norton Crescent,52.545956,-2.077604,,,
43000861402,nwmjwpta,Norton Crescent,52.54591,-2.077383,,,
43000861501,nwmjwptd,Flavell Avenue,52.547386,-2.077504,,,
43000861701,nwmwgdmd,Edge Street,52.540821,-2.080043,,,
43000862101,nwmjwptg,George Road,52.544357,-2.076613,,,
43000862401,nwmjwptw,Eachus Road,52.540424,-2.078966,,,
43000862402,nwmjwpwa,Eachus Road,52.540417,-2.078155,,,
43000862601,nwmjwpwj,Fountain Lane,52.540203,-2.076016,,,
43000862602,nwmjwpwm,Fountain Lane,52.540554,-2.076061,,,
43000862701,nwmjwpwp,Brooklyn Grove,52.541946,-2.076668,,,
43000862702,nwmjwpwt,Brooklyn Grove,52.542179,-2.07689,,,
43000862801,nwmjwtad,Pemberton Road,52.543449,-2.076877,,,
43000862802,nwmjwtag,Pemberton Road,52.54351,-2.076981,,,
43000862902,nwmjwtam,Spencer Avenue,52.540497,-2.081915,,,
43000862901,nwmjwtaj,Spencer Avenue,52.540497,-2.082268,,,
43000863102,nwmjwtat,Foundry Street,52.545647,-2.084357,,,
43000863101,nwmjwtap,Foundry Street,52.545933,-2.083753,,,
43000863302,nwmjwtdj,Roseville Square,52.541851,-2.087697,,,
43000863402,nwmjwtdp,Vicarage Road,52.540104,-2.087856,,,
43000863501,nwmjwtdt,Tunnel Street,52.543701,-2.087907,,,
43000863502,nwmjwtdw,Tunnel Street,52.543636,-2.088025,,,
43000863602,nwmwdmdw,Castle Mill Road,52.523331,-2.085685,,,
43000863601,nwmwdmdt,Castle Mill Road,52.523457,-2.085744,,,
43000863701,nwmwdmga,Beech Road,52.521904,-2.084267,,,
43000863702,nwmwdmgd,Beech Road,52.521912,-2.0844,,,
43000863801,nwmwdmgj,Somery Road,52.520077,-2.084087,,,
43000863802,nwmwdmgm,Somery Road,52.519989,-2.08419,,,
43000864101,nwmjwtga,Hurst Road,52.545223,-2.105236,,,
43000864102,nwmjwtgd,Hurst Road,52.545315,-2.105443,,,
43000864202,nwmjwtgm,Rifle Street,52.54216,-2.103327,,,
43000864201,nwmjwtgj,Rifle Street,52.542168,-2.103297,,,
43000864301,nwmjwtgp,Caddick Street,52.540573,-2.099622,,,
43000865101,nwmjwtgt,Hampton Street,52.541451,-2.09442,,,
43000865102,nwmjwtgw,Hampton Street,52.541645,-2.094287,,,
43000865201,nwmjwtja,Mount Pleasant,52.542572,-2.092874,,,
43000865202,nwmjwtjd,Mount Pleasant,52.542629,-2.092948,,,
43000865302,nwmjwtjm,Harvington Road,52.544552,-2.092229,,,
43000865301,nwmjwtjg,Harvington Road,52.544102,-2.091565,,,
43000865401,nwmjwtjp,Bank Street,52.541939,-2.09044,,,
43000865402,nwmjwtjt,Bank Street,52.54129,-2.089628,,,
43000865501,nwmjwtjw,Hospital Lane,52.539032,-2.091068,,,
43000865502,nwmjwtma,Hospital Lane,52.539097,-2.090744,,,
43000865601,nwmjwtmd,Oak Street,52.537704,-2.088131,,,
43000865702,nwmtwmgj,Laurel Road,52.518112,-2.092498,,,
43000865701,nwmtwmgd,Laurel Road,52.518093,-2.092174,,,
43000865801,nwmtwmgm,Maple Road,52.519058,-2.088344,,,
43000866001,nwmwdtwt,High Arcal Drive,52.536587,-2.111762,,,
43000866102,nwmjwtmj,Setton Drive,52.537601,-2.114477,,,
43000866101,nwmjwtmg,Setton Drive,52.537106,-2.113783,,,
43000866201,nwmjwtmp,Woodsetton School,52.536106,-2.109844,,,
43000866202,nwmjwtmt,Woodsetton School,52.535942,-2.108237,,,
43000866301,nwmjwtmw,Marlborough Road,52.535328,-2.105581,,,
43000866302,nwmjwtpa,Marlborough Road,52.535416,-2.105346,,,
43000866402,nwmjwtpd,Parkes Hall Road,52.533367,-2.095272,,,
43000866501,nwmjwtpg,Parkes Hall Road,52.533768,-2.097705,,,
43000866602,nwmjwtpm,Wellesbourne Drive,52.537216,-2.093408,,,
43000866601,nwmjwtpj,Wellesbourne Drive,52.536999,-2.093776,,,
43000866701,nwmjwtpt,Chad Road,52.535686,-2.095602,,,
43000866702,nwmjwtpw,Chad Road,52.535774,-2.095749,,,
43000866801,nwmtgajt,Parkes Lane,52.534306,-2.099697,,,
43000866902,nwmtgapa,Wrens Nest Road,52.528759,-2.099596,,,
43000867001,nwmtdjpw,Green Lane,52.528294,-2.109633,,,
43000867102,nwmjwtwd,Parkes Hall Road,52.531818,-2.098143,,,
43000867101,nwmjwtwa,Parkes Hall Road,52.531052,-2.098009,,,
43000867202,nwmjwtwj,Hillside Road,52.528526,-2.098917,,,
43000867201,nwmjwtwg,Hillside Road,52.5285,-2.099094,,,
43000867302,nwmjwtwp,Gorse Road,52.524902,-2.099587,,,
43000867301,nwmjwtwm,Gorse Road,52.525452,-2.099588,,,
43000867402,nwmpadad,Willow Road,52.523617,-2.100631,,,
43000867401,nwmjwtwt,Willow Road,52.523842,-2.100351,,,
43000867502,nwmpadaj,Harebell Crescent,52.521412,-2.101628,,,
43000867501,nwmpadag,Harebell Crescent,52.521465,-2.101525,,,
43000867601,nwmpadam,Myrtle Road,52.519817,-2.097409,,,
43000867602,nwmpadap,Myrtle Road,52.51989,-2.097822,,,
43000867702,nwmpadaw,Linden Road,52.518948,-2.095256,,,
43000867701,nwmpadat,Linden Road,52.51899,-2.095595,,,
43000867801,nwmpadga,Parkes Hall Centre,52.529484,-2.105892,,,
43000867902,nwmtgamd,Elwell Crescent,52.530193,-2.103638,,,
43000868102,nwmpadgm,Bramford Drive,52.532883,-2.093384,,,
43000868101,nwmpadgj,Bramford Drive,52.532837,-2.092676,,,
43000868201,nwmpadgp,Conway Close,52.534138,-2.0869,,,
43000868202,nwmpadgt,Conway Close,52.535339,-2.087669,,,
43000868301,nwmpadgw,Fox Street,52.532059,-2.088813,,,
43000868302,nwmpadja,Fox Street,52.531879,-2.088547,,,
43000868403,nwmpadjd,Sedgley Road,52.530758,-2.086083,,,
43000868404,nwmpadjg,Sedgley Road,52.532005,-2.086174,,,
43000868502,nwmpadjp,Foxyards Road,52.53043,-2.081041,,,
43000868501,nwmpadjm,Foxyards Road,52.530319,-2.080937,,,
43000868602,nwmpadjt,Priory Road,52.526722,-2.084336,,,
43000868603,nwmpadjw,Priory Road,52.528526,-2.085371,,,
43000868702,nwmpadmd,Patricia Crescent,52.534691,-2.088847,,,
43000868701,nwmpadma,Patricia Crescent,52.536068,-2.088216,,,
43000868801,nwmpadmg,Flavell Street,52.533802,-2.089435,,,
43000868901,nwmpadmp,Leasowe Road,52.526356,-2.069374,,,
43000869001,nwmpadmt,Bradfield Way,52.5271,-2.086046,,,
43000869102,nwmpadpa,Mayfield Road,52.525227,-2.087546,,,
43000869101,nwmpadmw,Mayfield Road,52.5252,-2.087781,,,
43000869202,nwmpadpg,Bluebell Road,52.523052,-2.087704,,,
43000869201,nwmpadpd,Bluebell Road,52.523014,-2.08791,,,
43000869302,nwmpadpm,Woodland Avenue,52.519661,-2.087933,,,
43000869301,nwmpadpj,Woodland Avenue,52.518978,-2.08771,,,
43000869401,nwmpadpt,Limes Road,52.517754,-2.092497,,,
43000869402,nwmpadpw,Limes Road,52.517761,-2.09232,,,
43000869501,nwmpadta,Poplar Crescent,52.517216,-2.090772,,,
43000869502,nwmpadtd,Poplar Crescent,52.516685,-2.089857,,,
43000869701,nwmtdjta,Forest Road,52.519447,-2.084484,,,
43000869901,nwmtjdgd,East Side Russells Hall,52.502289,-2.113811,,,
43000870101,nwmpadtj,Hilderic Crescent,52.501976,-2.11269,,,
43000870102,nwmpadtm,Hilderic Crescent,52.501976,-2.111954,,,
43000870203,nwmpadtp,Holly Hall School,52.502754,-2.107153,,,
43000870204,nwmpadtw,Holly Hall School,52.502899,-2.107375,,,
43000870301,nwmpadwa,Waverley Street,52.503811,-2.101381,,,
43000870302,nwmpadwd,Waverley Street,52.504414,-2.10041,,,
43000870401,nwmpadwg,Dudley Cemetery,52.505306,-2.096552,,,
43000870501,nwmpadwj,Dock Lane,52.508869,-2.095293,,,
43000870502,nwmpadwm,Dock Lane,52.50816,-2.095336,,,
43000870602,nwmpadwt,Ashenhurst Road,52.503357,-2.114491,,,
43000870701,nwmpagad,Gammage Street,52.503101,-2.091642,,,
43000870702,nwmpagag,Gammage Street,52.502884,-2.091848,,,
43000870801,nwmpagaj,The Lamp Tavern,52.507343,-2.089632,,,
43000870901,nwmdtapd,Main Entrance,52.501503,-2.116519,,,
43000870903,nwmtgmad,Main Entrance,52.50153,-2.117152,,,
43000870902,nwmdtapg,Main Entrance,52.501514,-2.116828,,,
43000871001,nwmpagam,Ashenhurst Road,52.507534,-2.101183,,,
43000871002,nwmpagap,Ashenhurst Road,52.507416,-2.101154,,,
43000871302,nwmpagdm,Post Office,52.509781,-2.110014,,,
43000871301,nwmpagdj,Post Office,52.509682,-2.109631,,,
43000871401,nwmpagdp,St Barnabus Church,52.508308,-2.109156,,,
43000871402,nwmtjpap,St Barnabus Church,52.508423,-2.109259,,,
43000871501,nwmpagdt,Kestrel Road,52.507198,-2.104394,,,
43000871502,nwmpagdw,Kestrel Road,52.507244,-2.103702,,,
43000871601,nwmpagja,Middlepark Road,52.507401,-2.109478,,,
43000871602,nwmdptgp,Middlepark Road,52.507336,-2.109492,,,
43000871802,nwmtdmwj,The Oval,52.503933,-2.114669,,,
43000871901,nwmpagjp,Thornberry Drive,52.506699,-2.116842,,,
43000871902,nwmpagjt,Thornberry Drive,52.506531,-2.116621,,,
43000872102,nwmpagma,Old Park Road,52.523026,-2.107571,,,
43000872101,nwmpagjw,Old Park Road,52.523178,-2.107527,,,
43000872202,nwmpagmg,The Broadway,52.521229,-2.104737,,,
43000872201,nwmpagmd,The Broadway,52.52169,-2.104944,,,
43000872302,nwmpagmp,Bishop Milner School,52.51902,-2.102757,,,
43000872301,nwmpagmj,Bishop Milner School,52.519993,-2.10329,,,
43000872401,nwmpagmt,Lightwood Road,52.517754,-2.100337,,,
43000872402,nwmpagmw,Lightwood Road,52.518196,-2.101164,,,
43000872501,nwmpagpa,Dibdale House,52.51688,-2.102045,,,
43000872502,nwmpagpd,Dibdale House,52.5168,-2.102383,,,
43000872601,nwmpagpg,Nith Place,52.515816,-2.097518,,,
43000872602,nwmpagpj,Nith Place,52.516354,-2.098035,,,
43000872701,nwmtdjtj,Castle Meadows Nursing Home,52.51704,-2.105773,,,
43000872702,nwmtdjtm,Castle Meadows Nursing Home,52.516933,-2.105891,,,
43000872802,nwmpagpt,Limepit Lane,52.520111,-2.100446,,,
43000872801,nwmpagpm,Limepit Lane,52.519894,-2.099605,,,
43000872901,nwmpagpw,Stratford Close,52.515774,-2.112858,,,
43000872902,nwmtptgp,Stratford Close,52.515495,-2.112135,,,
43000873003,nwmpagta,Parkway Road,52.512363,-2.095595,,,
43000873101,nwmpagtd,Dibdale Street,52.512314,-2.102535,,,
43000873102,nwmpagtg,Dibdale Street,52.512142,-2.103006,,,
43000873201,nwmpagtj,The Grange Park,52.513027,-2.099487,,,
43000873202,nwmpagtm,The Grange Park,52.512966,-2.099354,,,
43000873301,nwmpagtp,The Shrubbery,52.514137,-2.096218,,,
43000873302,nwmpagtw,The Shrubbery,52.514515,-2.096292,,,
43000873401,nwmpagwa,Maughan Street,52.508236,-2.097354,,,
43000873402,nwmpagwd,Maughan Street,52.508347,-2.097207,,,
43000873501,nwmpagwg,Grange Street,52.510208,-2.096843,,,
43000873502,nwmpagwj,Grange Street,52.510754,-2.096638,,,
43000873602,nwmpagwp,Grange Road,52.512348,-2.094328,,,
43000873601,nwmpagwm,Grange Road,52.512375,-2.094078,,,
43000873701,nwmpagwt,Orchard Street,52.513645,-2.061559,,,
43000873801,nwmpajad,Wellington Road,52.510094,-2.090979,,,
43000873802,nwmtpamg,Wellington Road,52.510094,-2.091082,,,
43000873902,nwmpajag,Walford Street,52.512615,-2.059009,,,
43000874002,nwmtdmwd,Steppingstone Street,52.509079,-2.088811,,,
43000874001,nwmpajaj,Steppingstone Street,52.509216,-2.088678,,,
43000874104,nwmpajap,Hazel Road,52.515896,-2.087483,,,
43000874103,nwmpajam,Hazel Road,52.515579,-2.087542,,,
43000874302,nwmpajat,Gads Lane,52.510689,-2.087488,,,
43000874303,nwmpajaw,Gads Lane,52.510708,-2.087635,,,
43000874304,nwmdptgj,Gads Lane,52.510815,-2.087827,,,
43000874401,nwmpajda,Stone Street,52.511005,-2.0846,,,
43000874501,nwmpajdg,Coronation Gardens,52.512924,-2.084074,,,
43000874502,nwmwjdga,Coronation Gardens,52.513157,-2.083573,,,
43000874601,nwmpajdj,Castle Hill,52.512646,-2.081288,,,
43000874701,nwmpajdm,Priory Street,52.511852,-2.083379,,,
43000875101,nwmpajdw,Stafford Street,52.508453,-2.087911,,,
43000875102,nwmwjdjm,Stafford Street,52.508381,-2.087778,,,
43000875601,nwmtdjwa,Magistrates Court,52.510242,-2.086809,,,
43000875901,nwmpajgw,St Edmunds Church,52.511719,-2.080918,,,
43000876001,nwmwgtpm,Wolverhampton Street,52.511223,-2.08659,,,
43000876102,nwmpajmd,New Bond Street,52.505501,-2.080067,,,
43000876101,nwmpajma,New Bond Street,52.506203,-2.079759,,,
43000876202,nwmpajmj,Old Buffery Gardens,52.50362,-2.080903,,,
43000876201,nwmpajmg,Old Buffery Gardens,52.503906,-2.080462,,,
43000876301,nwmpajmp,Selbourne Road,52.501839,-2.082682,,,
43000876302,nwmpajmt,Selbourne Road,52.501621,-2.082962,,,
43000876401,nwmtmpgw,Charlton Street,52.511318,-2.091114,,,
43000876402,nwmtmpgt,Charlton Street,52.511127,-2.090789,,,
43000877102,nwmpajpa,Dudley Citadel,52.508621,-2.077509,,,
43000877101,nwmpajmw,Dudley Citadel,52.508846,-2.077421,,,
43000877202,nwmpajpg,St John's Road,52.507462,-2.075827,,,
43000877201,nwmpajpd,St John's Road,52.507389,-2.075385,,,
43000877302,nwmpajpj,Blackacre Road,52.504444,-2.074113,,,
43000878102,nwmpajpt,Wolverton Road,52.510548,-2.074595,,,
43000878101,nwmpajpm,Wolverton Road,52.51041,-2.074948,,,
43000878202,nwmpajta,Hillcrest Road,52.510124,-2.071146,,,
43000878201,nwmpajpw,Hillcrest Road,52.510262,-2.071235,,,
43000878402,nwmpajtj,Cavell Road,52.511135,-2.064635,,,
43000878401,nwmpajtg,Cavell Road,52.511234,-2.064591,,,
43000878501,nwmpajtm,New Birmingham Road,52.51273,-2.062236,,,
43000878502,nwmpajtp,New Birmingham Road,52.512684,-2.062531,,,
43000879104,nwmpajwj,Castlegate Drive,52.513409,-2.070916,,,
43000879101,nwmpajwa,Castlegate Drive,52.513138,-2.070252,,,
43000879201,nwmpajwm,Arras Road,52.513229,-2.068587,,,
43000879202,nwmpajwp,Arras Road,52.513077,-2.068233,,,
43000879304,nwmpamad,Burnt Tree,52.513241,-2.064874,,,
43000879303,nwmpajwt,Burnt Tree,52.513176,-2.063975,,,
43000879402,nwmpamaj,Castle Mill Works,52.524036,-2.080705,,,
43000879401,nwmpamag,Castle Mill Works,52.524216,-2.08072,,,
43000879501,nwmdjwja,Tipton Cross Roads,52.522594,-2.073937,,,
43000879601,nwmdjwjd,Black Country Museum,52.519878,-2.073918,,,
43000879602,nwmdjwjg,Black Country Museum,52.520164,-2.074154,,,
43000879703,nwmdjwjt,Castle Gate Island,52.514168,-2.074144,,,
43000879701,nwmdjwjm,Castle Gate Island,52.515079,-2.073836,,,
43000880102,nwmpamat,View Drive,52.503159,-2.068778,,,
43000880101,nwmpamap,View Drive,52.503143,-2.069367,,,
43000880202,nwmpamda,Tansley Hill Avenue,52.503368,-2.063298,,,
43000880201,nwmpamaw,Tansley Hill Avenue,52.503281,-2.063755,,,
43000880302,nwmpamdj,Halesowen Road,52.483704,-2.075506,,,
43000880301,nwmpamdg,Halesowen Road,52.483685,-2.075815,,,
43000880402,nwmpamdp,Baptist End Road,52.498569,-2.079966,,,
43000880401,nwmpamdm,Baptist End Road,52.498703,-2.079848,,,
43000880502,nwmpamdw,Saltwells Road,52.479858,-2.084923,,,
43000880501,nwmpamdt,Saltwells Road,52.480064,-2.085011,,,
43000880601,nwmpamga,Priory Road,52.515598,-2.088897,,,
43000880602,nwmpamgd,Priory Road,52.515354,-2.088558,,,
43000881102,nwmpamgm,Oakham Avenue,52.500885,-2.072163,,,
43000881101,nwmpamgj,Oakham Avenue,52.50037,-2.072191,,,
43000881201,nwmpamgp,Lansdowne Close,52.498718,-2.068167,,,
43000881301,nwmpamgt,Green Road,52.502159,-2.075361,,,
43000881302,nwmpamgw,Green Road,52.501961,-2.075759,,,
43000881401,nwmtdjwp,Four Winds Road,52.498978,-2.073898,,,
43000881402,nwmwgtam,Four Winds Road,52.49894,-2.073942,,,
43000881501,nwmtdjwt,Uplands Close,52.500797,-2.06652,,,
43000882102,nwmpamjd,New Road,52.501217,-2.084375,,,
43000882101,nwmpamja,New Road,52.501083,-2.08439,,,
43000882302,nwmpamjt,Summerfield Road,52.500008,-2.077641,,,
43000882301,nwmpamjp,Summerfield Road,52.499855,-2.077921,,,
43000882403,nwmpamjw,St Peter's Road,52.49847,-2.079185,,,
43000882404,nwmpampa,St Peter's Road,52.498543,-2.079303,,,
43000882601,nwmwdjwj,Lea Bank Road,52.480492,-2.091417,,,
43000882701,nwmwdjwm,Middle,52.481766,-2.092524,,,
43000882801,nwmwdjwp,Flats,52.482704,-2.08992,,,
43000882901,nwmwdjwt,Stoney Lane,52.482975,-2.086122,,,
43000883101,nwmpampd,Duncan Edwards Way,52.501663,-2.091197,,,
43000883102,nwmpampg,Duncan Edwards Way,52.501133,-2.091387,,,
43000883201,nwmpampj,The Sling,52.498589,-2.089261,,,
43000883202,nwmpampm,The Sling,52.497654,-2.08814,,,
43000884202,nwmpamtj,Simms Lane,52.496334,-2.086973,,,
43000884201,nwmpamtg,Simms Lane,52.495461,-2.08678,,,
43000884302,nwmpamtp,Round Street,52.495132,-2.082891,,,
43000884301,nwmpamtm,Round Street,52.495934,-2.082789,,,
43000884401,nwmpamtw,Archhill Street,52.492271,-2.083563,,,
43000884402,nwmpamwa,Archhill Street,52.492119,-2.083695,,,
43000884501,nwmpamwd,Church Road,52.490387,-2.083441,,,
43000884502,nwmpamwg,Church Road,52.490189,-2.082881,,,
43000884601,nwmpamwj,Washington Street,52.486202,-2.076762,,,
43000884602,nwmpamwm,Washington Street,52.486191,-2.076512,,,
43000884704,nwmpamwp,Kingsley Street,52.490112,-2.086872,,,
43000884802,nwmpapad,St Johns Street,52.491604,-2.086934,,,
43000884801,nwmpamwt,St Johns Street,52.492172,-2.087171,,,
43000884902,nwmpapaj,Blackbrook Road,52.491665,-2.089836,,,
43000884901,nwmpapag,Blackbrook Road,52.491875,-2.088732,,,
43000885001,nwmpapam,Bishton Grove,52.488049,-2.079799,,,
43000885002,nwmpapap,Bishton Grove,52.488014,-2.079401,,,
43000885102,nwmpapaw,Netherton Parish Church,52.490036,-2.091511,,,
43000885101,nwmpapat,Netherton Parish Church,52.49028,-2.091423,,,
43000885201,nwmpapda,Knowle Hill Road,52.487923,-2.093568,,,
43000885202,nwmpapdg,Knowle Hill Road,52.487499,-2.094201,,,
43000885301,nwmpapdj,Lodge Farm Reservoir,52.48447,-2.09658,,,
43000885401,nwmpapdm,Blackbrook Close,52.484459,-2.098656,,,
43000885601,nwmtwdmw,Lodge Crescent,52.484844,-2.098789,,,
43000886101,nwmpapdt,Windsor Crescent,52.494534,-2.07632,,,
43000886102,nwmpapdw,Windsor Crescent,52.496284,-2.078503,,,
43000886201,nwmpapga,Lynbrook Close,52.492664,-2.075566,,,
43000886202,nwmpapgd,Lynbrook Close,52.493042,-2.075743,,,
43000886301,nwmpapgj,Bobington Way,52.490894,-2.074723,,,
43000886302,nwmpapgm,Bobington Way,52.491219,-2.07493,,,
43000886401,nwmdjwjw,Northfield Road,52.487129,-2.072714,,,
43000887102,nwmdjwmd,Worcester Road,52.485565,-2.072476,,,
43000887101,nwmdjwma,Worcester Road,52.484997,-2.073344,,,
43000887204,nwmdjwmj,Saltwells Road,52.483669,-2.07315,,,
43000887203,nwmdjwmg,Saltwells Road,52.483974,-2.073725,,,
43000887302,nwmdjwmt,Molyneux Road,52.481907,-2.071233,,,
43000887301,nwmdjwmp,Molyneux Road,52.482464,-2.071646,,,
43000888002,nwmtpadm,Heath Road,52.481369,-2.084572,,,
43000888001,nwmtpadj,Heath Road,52.48127,-2.08469,,,
43000888201,nwmpapgw,Cradley Road,52.48103,-2.081818,,,
43000888303,nwmpapjd,Dudley Wood Road,52.480377,-2.085498,,,
43000888304,nwmpapjg,Dudley Wood Road,52.48053,-2.085101,,,
43000888402,nwmpapjp,Lantern Road,52.477581,-2.085905,,,
43000888401,nwmpapjm,Lantern Road,52.477436,-2.086155,,,
43000888502,nwmwdmad,Primrose Road,52.486168,-2.083374,,,
43000888501,nwmpapjt,Primrose Road,52.486259,-2.083315,,,
43000888602,nwmwadwt,Tewkesbury Drive,52.481747,-2.079729,,,
43000888601,nwmwadwp,Tewkesbury Drive,52.481747,-2.079891,,,
43000888702,nwmwdmam,Yew Tree Road,52.486889,-2.084907,,,
43000888701,nwmwdmaj,Yew Tree Road,52.48695,-2.084819,,,
43000889102,nwmpapma,Crabourne Road,52.479935,-2.089694,,,
43000889101,nwmpapjw,Crabourne Road,52.479816,-2.08984,,,
43000889202,nwmdjwpa,Birch Coppice,52.476967,-2.099346,,,
43000889201,nwmdjwmw,Birch Coppice,52.477066,-2.09889,,,
43000889302,nwmdjwpg,Thompson Close,52.47834,-2.09343,,,
43000889301,nwmdjwpd,Thompson Close,52.478565,-2.093592,,,
43000889402,nwmdjwpm,Dalvine Road,52.477371,-2.091853,,,
43000889401,nwmdjwpj,Dalvine Road,52.477074,-2.092043,,,
43000889502,nwmpapmg,The Victoria,52.47633,-2.086432,,,
43000889501,nwmpapmd,The Victoria,52.475548,-2.086976,,,
43000889601,nwmdjwpt,New Village,52.475124,-2.08774,,,
43000889602,nwmdjwpw,New Village,52.475262,-2.0878,,,
43000889802,nwmtwgdm,Surrey Drive,52.485626,-2.156414,,,
43000889801,nwmtwgdj,Surrey Drive,52.485733,-2.156767,,,
43000894602,nwmtdmaw,Swindon Road,52.503689,-2.191335,,,
43000894601,nwmtdmat,Swindon Road,52.50407,-2.190408,,,
43000900101,nwmdjwta,Cradley Forge,52.469383,-2.095928,,,
43000900102,nwmdjwtd,Cradley Forge,52.469601,-2.094942,,,
43000900302,nwmdmada,Whitehall Road,52.470577,-2.087378,,,
43000900301,nwmdjwtw,Whitehall Road,52.47073,-2.086878,,,
43000900401,nwmpapmj,Station Street,52.470322,-2.082991,,,
43000900502,nwmdmadj,Central Market Hall,52.471828,-2.083008,,,
43000900501,nwmdmadg,Central Market Hall,52.471363,-2.083802,,,
43000900601,nwmdmadm,Tesco,52.472534,-2.081405,,,
43000900602,nwmdmadp,Tesco,52.47221,-2.081949,,,
43000900603,nwmwagdj,Tesco,52.472603,-2.081273,,,
43000900701,nwmdmadt,Spinners End Drive,52.474342,-2.077919,,,
43000900702,nwmdmadw,Spinners End Drive,52.474529,-2.077684,,,
43000900902,nwmwajpw,By Pass,52.47279,-2.08541,,,
43000900901,nwmdmaga,By Pass,52.47234,-2.085394,,,
43000901002,nwmpapmt,Five Ways,52.470463,-2.083845,,,
43000901101,nwmpapmw,Congreaves Road,52.468868,-2.07869,,,
43000901102,nwmtwdtp,Congreaves Road,52.468975,-2.078322,,,
43000901202,nwmpaptd,Surfeit Hill,52.468014,-2.077275,,,
43000901201,nwmpapta,Surfeit Hill,52.467934,-2.077407,,,
43000901302,nwmpaptj,Timbertree Estate,52.465919,-2.07605,,,
43000901301,nwmpaptg,Timbertree Estate,52.466232,-2.076138,,,
43000901502,nwmtwjtg,The George,52.476524,-1.997477,,,
43000901501,nwmpaptm,The George,52.47612,-1.997506,,,
43000901603,nwmpaptw,Marshall Road,52.472111,-1.997918,,,
43000901602,nwmpaptp,Marshall Road,52.472118,-1.997742,,,
43000901703,nwmpapwa,Tame Road,52.469646,-2.006368,,,
43000901806,nwmpapwj,Blue Gates,52.496418,-1.973334,,,
43000901805,nwmpapwg,Blue Gates,52.496212,-1.973791,,,
43000902002,nwmtjpgj,The Forge,52.468132,-2.098104,,,
43000902001,nwmtjpdp,The Forge,52.468391,-2.097751,,,
43000902101,nwmpapwm,Corngreaves Road,52.463726,-2.07297,,,
43000902102,nwmpapwp,Corngreaves Road,52.463665,-2.072778,,,
43000902202,nwmpatad,Coppice Road,52.466347,-2.071281,,,
43000902201,nwmpapwt,Coppice Road,52.466202,-2.071487,,,
43000903101,nwmpatap,Mill Road,52.463478,-2.069716,,,
43000903102,nwmpatat,Mill Road,52.463757,-2.069982,,,
43000904102,nwmpatda,Dingle Avenue,52.468086,-2.074493,,,
43000904101,nwmpataw,Dingle Avenue,52.468517,-2.073611,,,
43000904201,nwmpatdg,The Parade,52.46994,-2.069844,,,
43000904202,nwmpatdj,The Parade,52.469608,-2.070359,,,
43000904301,nwmpatdm,Trejon Road,52.470089,-2.066503,,,
43000904302,nwmpatdp,Trejon Road,52.470394,-2.065812,,,
43000904402,nwmpatdw,High Avenue,52.4706,-2.06325,,,
43000904401,nwmpatdt,High Avenue,52.470467,-2.064575,,,
43000905102,nwmdmagm,Lawrence Lane,52.476036,-2.074271,,,
43000905101,nwmdmagj,Lawrence Lane,52.475422,-2.074991,,,
43000905202,nwmdmagt,Tinsley Avenue,52.476692,-2.072814,,,
43000905201,nwmdmagp,Tinsley Avenue,52.476864,-2.072491,,,
43000905402,nwmdmaja,Cox's Lane,52.479488,-2.068387,,,
43000905401,nwmdmagw,Cox's Lane,52.479382,-2.06824,,,
43000905502,nwmdmajg,Old Hill Church,52.473808,-2.065831,,,
43000905501,nwmdmajd,Old Hill Church,52.474968,-2.067364,,,
43000905602,nwmdmajm,Lowland Close,52.472443,-2.064136,,,
43000905701,nwmdmajp,Harcourt Road,52.471302,-2.0625,,,
43000905702,nwmdmajt,Harcourt Road,52.47097,-2.062044,,,
43000906101,nwmdmajw,Barrs Road,52.468651,-2.060186,,,
43000906102,nwmdmama,Barrs Road,52.469704,-2.060585,,,
43000906202,nwmdmamg,Haden Hill Park,52.467018,-2.0593,,,
43000906201,nwmdmamd,Haden Hill Park,52.466595,-2.058667,,,
43000906301,nwmdmamj,The Crescent,52.464508,-2.056647,,,
43000906302,nwmtdtam,The Crescent,52.463997,-2.055528,,,
43000908101,nwmpatjg,Best Street,52.477882,-2.064277,,,
43000908102,nwmpatjm,Best Street,52.477795,-2.065028,,,
43000908202,nwmtgpjp,Wrights Lane,52.478317,-2.061244,,,
43000908201,nwmpatjp,Wrights Lane,52.478615,-2.060538,,,
43000908402,nwmtwpdt,Powke Lane,52.48193,-2.063208,,,
43000908401,nwmpatjw,Powke Lane,52.481712,-2.06337,,,
43000908501,nwmdmamp,Westley Works,52.485275,-2.06336,,,
43000908502,nwmdmamt,Westley Works,52.484383,-2.064198,,,
43000908902,nwmwadmd,Castle Close,52.472855,-2.050946,,,
43000908901,nwmwadmg,Castle Close,52.472775,-2.050696,,,
43000909202,nwmpatmg,Grange Road,52.472702,-2.054155,,,
43000909301,nwmpatmj,Waterfall Lane,52.473324,-2.052449,,,
43000909402,nwmtwdjp,Waterfall Lane,52.474689,-2.047474,,,
43000909401,nwmpatmp,Waterfall Lane,52.474689,-2.047665,,,
43000909501,nwmpatmt,Hillside Avenue,52.469421,-2.047306,,,
43000909502,nwmpatmw,Hillside Avenue,52.46928,-2.047409,,,
43000909802,nwmpatpd,Darby Street,52.47562,-2.042528,,,
43000909902,nwmtwjad,Playing Field,52.472912,-2.048282,,,
43000909901,nwmtwgwt,Playing Field,52.47282,-2.048532,,,
43000910102,nwmtpgjt,New John Street,52.473003,-2.042055,,,
43000910101,nwmpatpg,New John Street,52.473129,-2.042143,,,
43000910202,nwmdtdpg,Bus Interchange,52.475655,-2.038465,,,
43000910201,nwmdtatp,Bus Interchange,52.475674,-2.038597,,,
43000910305,nwmdmapd,Oldbury Road,52.476303,-2.03898,,,
43000910402,nwmdmapj,Regis Road,52.475842,-2.044398,,,
43000910401,nwmdmapg,Regis Road,52.475796,-2.045149,,,
43000910501,nwmdmapm,Carlyle Road,52.477776,-2.040027,,,
43000910502,nwmdmapt,Carlyle Road,52.47839,-2.040322,,,
43000910603,nwmdmata,Bell End,52.48185,-2.042681,,,
43000910601,nwmdmapw,Bell End,52.480904,-2.041959,,,
43000910702,nwmpatpj,Station Road,52.478687,-2.034639,,,
43000910703,nwmpatpm,Station Road,52.478336,-2.034919,,,
43000910902,nwmpatpw,Regis Heath Road,52.480106,-2.03252,,,
43000910901,nwmpatpt,Regis Heath Road,52.479469,-2.03305,,,
43000911001,nwmdmatd,Pennant Road,52.481358,-2.052237,,,
43000911102,nwmdmatj,Holly Road,52.476074,-2.048241,,,
43000911101,nwmdmatg,Holly Road,52.475948,-2.047873,,,
43000911201,nwmdmatm,Yew Tree Lane,52.47673,-2.051481,,,
43000911202,nwmdmatp,Yew Tree Lane,52.476917,-2.052041,,,
43000911302,nwmdmawa,Rowley Regis Cemetery,52.479675,-2.055946,,,
43000911301,nwmdmatw,Rowley Regis Cemetery,52.479454,-2.055195,,,
43000911402,nwmdmawg,Garratts Lane,52.480782,-2.05714,,,
43000911401,nwmdmawd,Garratts Lane,52.480827,-2.057272,,,
43000911502,nwmdmawm,Fallowfield Road,52.482651,-2.056995,,,
43000911501,nwmdmawj,Fallowfield Road,52.482689,-2.057098,,,
43000911601,nwmdmawp,Cornfield Road,52.485527,-2.057087,,,
43000911602,nwmdmawt,Cornfield Road,52.485931,-2.056602,,,
43000912101,nwmdmdad,Rowley Regis Church,52.484444,-2.0461,,,
43000912202,nwmdmdaj,St Lukes Close,52.486198,-2.04915,,,
43000912201,nwmdmdag,St Lukes Close,52.485603,-2.049091,,,
43000912302,nwmdmdap,Church Road,52.485481,-2.044305,,,
43000912301,nwmdmdam,Church Road,52.485355,-2.044511,,,
43000912402,nwmdmdaw,Stuart Road,52.487926,-2.043409,,,
43000912401,nwmdmdat,Stuart Road,52.487225,-2.043997,,,
43000912501,nwmpatwa,Charles Avenue,52.489796,-2.042586,,,
43000912502,nwmpatwd,Charles Avenue,52.489849,-2.042395,,,
43000912602,nwmtwtgm,Windsor Road,52.490768,-2.042351,,,
43000912601,nwmpatwg,Windsor Road,52.49197,-2.042146,,,
43000912802,nwmpatwm,Enfield Road,52.482613,-2.038309,,,
43000912801,nwmpatwj,Enfield Road,52.482876,-2.038,,,
43000912901,nwmdmdga,Windsor Road,52.488205,-2.040979,,,
43000912902,nwmdmdgd,Windsor Road,52.488045,-2.041863,,,
43000913001,nwmtmjda,Wendover Road,52.492035,-2.058863,,,
43000913102,nwmdmdgm,Knowle Road,52.487076,-2.058532,,,
43000913101,nwmdmdgj,Knowle Road,52.487076,-2.0584,,,
43000913202,nwmdmdgt,Knowle Road,52.487583,-2.061581,,,
43000913201,nwmdmdgp,Knowle Road,52.487225,-2.061581,,,
43000913402,nwmpawag,Tippity Green,52.487705,-2.051096,,,
43000913401,nwmpawad,Tippity Green,52.487915,-2.051347,,,
43000913502,nwmpawam,Doulton Road,52.488693,-2.053998,,,
43000913501,nwmpawaj,Doulton Road,52.488667,-2.054293,,,
43000913602,nwmpawat,Springfield Lane,52.491337,-2.058096,,,
43000913601,nwmpawap,Springfield Lane,52.489933,-2.056165,,,
43000913702,nwmpawda,Droicon Trading Estate,52.491871,-2.045018,,,
43000913701,nwmpawaw,Droicon Trading Estate,52.4916,-2.045342,,,
43000913802,nwmpawdj,Dudley Road,52.487736,-2.049859,,,
43000913801,nwmpawdg,Dudley Road,52.487843,-2.049992,,,
43000913902,nwmpamam,Thistlegreen Close,52.492599,-2.063974,,,
43000913901,nwmtdmdj,Thistlegreen Close,52.492699,-2.064063,,,
43000914001,nwmtptpd,Hales Crescent,52.486717,-1.982396,,,
43000914002,nwmtptpg,Hales Crescent,52.48661,-1.983059,,,
43000914102,nwmpawdp,Blackberry Lane,52.494236,-2.060663,,,
43000914101,nwmpawdm,Blackberry Lane,52.494488,-2.061473,,,
43000914202,nwmpawdw,Burmese Way,52.495277,-2.064347,,,
43000914201,nwmpawdt,Burmese Way,52.495171,-2.063625,,,
43000914401,nwmtptpm,Harold Road,52.483807,-1.986197,,,
43000914701,nwmtptwg,Slatch House Road,52.475975,-1.983122,,,
43000914702,nwmtptwm,Slatch House Road,52.4762,-1.983078,,,
43000914801,nwmtptwp,Galton Road,52.474617,-1.978824,,,
43000914902,nwmtwdwa,Manor Road,52.488102,-1.979774,,,
43000914901,nwmtwdtw,Manor Road,52.488014,-1.980025,,,
43000915001,nwmpawga,Uplands Lane,52.483101,-2.034893,,,
43000915002,nwmpawgd,Uplands Lane,52.482983,-2.034304,,,
43000915101,nwmpawgj,Mincing Lane,52.481834,-2.031284,,,
43000915102,nwmpawgm,Mincing Lane,52.483273,-2.030696,,,
43000915202,nwmpawgt,Uplands Avenue,52.484818,-2.029681,,,
43000915201,nwmpawgp,Uplands Avenue,52.485069,-2.029254,,,
43000915302,nwmpawja,Griffin Industrial Estate,52.48243,-2.021257,,,
43000915301,nwmpawgw,Griffin Industrial Estate,52.482403,-2.021713,,,
43000915401,nwmpawjd,Oldbury United FC,52.482742,-2.027309,,,
43000915501,nwmpawjg,Durham Road,52.485172,-2.026059,,,
43000915502,nwmpawjm,Durham Road,52.48587,-2.025485,,,
43000915602,nwmpawjt,Richards Close,52.486816,-2.02606,,,
43000915601,nwmpawjp,Richards Close,52.487041,-2.026428,,,
43000915701,nwmpawjw,Birchfield Lane,52.486763,-2.028372,,,
43000915801,nwmdmdgw,Shelsley Avenue,52.489044,-2.032895,,,
43000915902,nwmtgmag,Borough Crescent,52.491714,-2.024767,,,
43000915901,nwmpawma,Borough Crescent,52.490791,-2.025356,,,
43000916101,nwmdmdjd,Wolverley Crescent,52.491444,-2.032381,,,
43000916102,nwmdmdjg,Wolverley Crescent,52.490257,-2.031511,,,
43000916202,nwmdmdjp,Martley Road,52.492245,-2.033,,,
43000916201,nwmdmdjm,Martley Road,52.492233,-2.033251,,,
43000916301,nwmdmdjt,Arley Close,52.493629,-2.033546,,,
43000916302,nwmwadgj,Arley Close,52.493584,-2.033355,,,
43000916401,nwmpawmg,Throne Road Shops,52.490345,-2.035694,,,
43000916402,nwmpawmj,Throne Road Shops,52.490562,-2.035974,,,
43000916501,nwmpawmp,Throne Close,52.491417,-2.03839,,,
43000916502,nwmpawmt,Throne Close,52.491272,-2.037786,,,
43000916604,nwmpawmw,Four Ways,52.493275,-2.040498,,,
43000916701,nwmpawpa,Portway Walk,52.495476,-2.043092,,,
43000916702,nwmpawpd,Portway Walk,52.495522,-2.042974,,,
43000916802,nwmdmdma,Martley Road,52.495903,-2.03318,,,
43000916801,nwmdmdjw,Martley Road,52.495281,-2.034269,,,
43000916901,nwmdmdmd,Rowley Hall School,52.488861,-2.038874,,,
43000916902,nwmdmdmg,Rowley Hall School,52.489491,-2.038285,,,
43000917002,nwmtmjmj,Sampson Close,52.500431,-2.045292,,,
43000917001,nwmtmjmg,Sampson Close,52.500366,-2.045307,,,
43000917101,nwmpawpg,Hawfield Road,52.5023,-2.045869,,,
43000917102,nwmpawpj,Hawfield Road,52.502247,-2.046119,,,
43000917201,nwmpawpm,St Andrews Drive,52.499584,-2.050506,,,
43000917302,nwmpawpw,Warrens Hall Farm,52.501244,-2.055399,,,
43000917301,nwmpawpt,Warrens Hall Farm,52.50119,-2.055516,,,
43000917403,nwmpawta,Turners Hill,52.498604,-2.048325,,,
43000917502,nwmpawtd,Portway Hill,52.499924,-2.049122,,,
43000917902,nwmwgptj,Wheatsheaf Road,52.502548,-2.051526,,,
43000917901,nwmpawtg,Wheatsheaf Road,52.502567,-2.051776,,,
43000918002,nwmpawtm,Wheatsheaf Road,52.503815,-2.058216,,,
43000918001,nwmpawtj,Wheatsheaf Road,52.503983,-2.058408,,,
43000918101,nwmpawtp,Gibbet Hill,52.503506,-2.05854,,,
43000918102,nwmpawtw,Gibbet Hill,52.50338,-2.058731,,,
43000918201,nwmpdada,Barncroft Road,52.505611,-2.056715,,,
43000918202,nwmpdadg,Barncroft Road,52.505459,-2.057202,,,
43000918801,nwmwgjgm,Masters Lane,52.472412,-2.031498,,,
43000919101,nwmpdadp,Poplar Rise,52.504845,-2.044811,,,
43000919102,nwmpdadt,Poplar Rise,52.505779,-2.043766,,,
43000919201,nwmpdadw,Poplar Close,52.507854,-2.045757,,,
43000919202,nwmpdaga,Poplar Close,52.507809,-2.046641,,,
43000919301,nwmpdagd,Poplar Avenue,52.506283,-2.041482,,,
43000919302,nwmpdagj,Poplar Avenue,52.50631,-2.040864,,,
43000919502,nwmtjtaj,Mary Road,52.505959,-2.04462,,,
43000919503,nwmagtpj,Mary Road,52.506653,-2.04437,,,
43000920102,nwmpdagp,Regent Close,52.506809,-2.056143,,,
43000920101,nwmpdagm,Regent Close,52.506851,-2.05685,,,
43000920201,nwmpdagt,Trafalgar Road,52.509041,-2.047688,,,
43000920202,nwmpdagw,Trafalgar Road,52.509048,-2.047968,,,
43000920302,nwmpdajd,Birch Crescent,52.5093,-2.053803,,,
43000920301,nwmpdaja,Birch Crescent,52.50922,-2.052256,,,
43000920403,nwmwjdtw,Elm Terrace,52.509197,-2.056779,,,
43000920404,nwmwjdwa,Elm Terrace,52.509136,-2.056617,,,
43000920502,nwmpdajt,Regent Road,52.512005,-2.05441,,,
43000920501,nwmpdajp,Regent Road,52.511753,-2.054233,,,
43000920602,nwmpdama,Trafalgar Road,52.510544,-2.047115,,,
43000920601,nwmpdajw,Trafalgar Road,52.510345,-2.045656,,,
43000920702,nwmpdamg,Hopkins Street,52.514133,-2.059792,,,
43000920701,nwmpdamd,Hopkins Street,52.51445,-2.058348,,,
43000920801,nwmpdamj,Tividale Street,52.515186,-2.055593,,,
43000920802,nwmpdamp,Tividale Street,52.514915,-2.056816,,,
43000920901,nwmpdamt,Groveland Road,52.514847,-2.053058,,,
43000920902,nwmpdamw,Groveland Road,52.514702,-2.052837,,,
43000921004,nwmtjdgm,Caroline Street,52.511566,-2.005962,,,
43000921003,nwmdmdmj,Caroline Street,52.511818,-2.005829,,,
43000921101,nwmpdapa,Lower City Road,52.507229,-2.038905,,,
43000921102,nwmpdapd,Lower City Road,52.507454,-2.038905,,,
43000921206,nwmdmdpg,Oldbury Interchange,52.503349,-2.016524,,,
43000921203,nwmdmdmw,Oldbury Interchange,52.503487,-2.016435,,,
43000921207,nwmdmdpj,Oldbury Interchange,52.503063,-2.016715,,,
43000921205,nwmdmdpd,Oldbury Interchange,52.502972,-2.017098,,,
43000921201,nwmdmdmp,Oldbury Interchange,52.503654,-2.016612,,,
43000921202,nwmdmdmt,Oldbury Interchange,52.503162,-2.016951,,,
43000921204,nwmdmdpa,Oldbury Interchange,52.503441,-2.016745,,,
43000921501,nwmwdwtp,Seven Stars Road,52.501392,-2.015006,,,
43000922001,nwmtdmdw,Strawberry Close,52.50222,-2.038282,,,
43000922002,nwmtdmga,Strawberry Close,52.502167,-2.038179,,,
43000922101,nwmpdapg,Hilton Road,52.505924,-2.036812,,,
43000922102,nwmpdapj,Hilton Road,52.506348,-2.037063,,,
43000922203,nwmpdapt,Bury Hill Road,52.502491,-2.032109,,,
43000922201,nwmpdapm,Bury Hill Road,52.503338,-2.033509,,,
43000922301,nwmpdapw,Bath Row,52.503742,-2.031757,,,
43000922501,nwmdmdpm,Wallace Road,52.496731,-2.032267,,,
43000922502,nwmdmdpt,Wallace Road,52.496956,-2.03103,,,
43000922604,nwmpdatg,Newbury Lane,52.499939,-2.028734,,,
43000922601,nwmpdatd,Newbury Lane,52.49897,-2.027879,,,
43000922801,nwmtdmgd,Dovey Road,52.503761,-2.035042,,,
43000922802,nwmtdmgj,Dovey Road,52.503643,-2.034909,,,
43000922902,nwmdmdpw,Oldbury Sports Centre,52.498737,-2.028851,,,
43000922903,nwmdmdta,Oldbury Sports Centre,52.498638,-2.029087,,,
43000923001,nwmtjdaj,Alston Road,52.499645,-2.025773,,,
43000923002,nwmtjdam,Alston Road,52.499619,-2.026141,,,
43000923102,nwmpdatw,Birchley Park Avenue,52.497147,-2.025492,,,
43000923101,nwmpdatp,Birchley Park Avenue,52.497478,-2.025477,,,
43000923202,nwmpdawd,Birchley Island,52.494888,-2.023487,,,
43000923201,nwmpdawa,Birchley Island,52.494762,-2.022942,,,
43000923302,nwmpdawj,Birchley Crossing,52.49453,-2.020129,,,
43000923301,nwmpdawg,Birchley Crossing,52.494801,-2.020232,,,
43000923402,nwmpdawp,Park Street,52.497803,-2.018702,,,
43000923401,nwmpdawm,Park Street,52.498341,-2.019055,,,
43000923601,nwmpdgad,Park Lane Industrial Estate,52.498192,-2.015122,,,
43000923602,nwmpdgag,Park Lane Industrial Estate,52.49836,-2.015284,,,
43000923701,nwmpdgaj,Old College Avenue,52.480228,-2.015146,,,
43000923702,nwmpdgam,Old College Avenue,52.480415,-2.01547,,,
43000923801,nwmpdgap,Langley Post Office,52.490307,-2.012881,,,
43000923802,nwmpdgat,Langley Post Office,52.491447,-2.012528,,,
43000923901,nwmwdwtj,The Meadows School,52.510799,-2.031173,,,
43000923902,nwmwdwtm,The Meadows School,52.510838,-2.030598,,,
43000924102,nwmpdgdj,Tividale Park,52.514256,-2.049786,,,
43000924101,nwmpdgdg,Tividale Park,52.514198,-2.050714,,,
43000924202,nwmpdgdp,Redwood Drive,52.513996,-2.047605,,,
43000924201,nwmpdgdm,Redwood Drive,52.513985,-2.048357,,,
43000924301,nwmpdgdt,Hainge Road,52.513851,-2.043494,,,
43000924302,nwmpdgdw,Hainge Road,52.513699,-2.044731,,,
43000924401,nwmpdgja,Tipton Road,52.513538,-2.038719,,,
43000924402,nwmpdgjd,Tipton Road,52.513451,-2.038144,,,
43000924601,nwmpdgjg,Temple Way,52.512524,-2.035874,,,
43000924602,nwmpdgjm,Temple Way,52.512508,-2.035491,,,
43000924702,nwmpdgjt,Roway Lane,52.509346,-2.027562,,,
43000924701,nwmpdgjp,Roway Lane,52.509506,-2.027621,,,
43000924802,nwmpdgma,Albion Street,52.508465,-2.025513,,,
43000924801,nwmpdgjw,Albion Street,52.507923,-2.024688,,,
43000924902,nwmpdgmg,Jeffries House,52.501579,-2.012369,,,
43000924901,nwmpdgmd,Jeffries House,52.501759,-2.012604,,,
43000925102,nwmdmdtg,Chapel Street,52.502125,-2.024596,,,
43000925101,nwmdmdtd,Chapel Street,52.502136,-2.025068,,,
43000925202,nwmdmdtm,Wharfside,52.502335,-2.021709,,,
43000925201,nwmdmdtj,Wharfside,52.502235,-2.022357,,,
43000925302,nwmpdgmp,Newfield Road,52.506424,-2.021593,,,
43000925301,nwmpdgmj,Newfield Road,52.505741,-2.020031,,,
43000925502,nwmtgpgt,Century Road,52.507053,-2.014713,,,
43000925501,nwmdmdtp,Century Road,52.507504,-2.01433,,,
43000925701,nwmpdgpa,Bridge Street,52.50264,-2.011662,,,
43000925702,nwmpdgpd,Bridge Street,52.50246,-2.010086,,,
43000925902,nwmwgwam,Oldbury Ringway,52.501095,-2.014814,,,
43000925901,nwmpdgpm,Oldbury Ringway,52.501122,-2.014902,,,
43000926101,nwmpdgpt,Parsonage Street,52.499107,-2.009702,,,
43000926102,nwmpdgpw,Parsonage Street,52.499298,-2.010203,,,
43000926201,nwmpdgta,Popes Lane,52.498173,-2.008523,,,
43000926202,nwmpdgtd,Popes Lane,52.49794,-2.008125,,,
43000926301,nwmpdgtg,Western Road,52.495609,-2.005297,,,
43000926302,nwmpdgtj,Western Road,52.495594,-2.004973,,,
43000926402,nwmpdgtp,Park Street,52.495888,-2.015328,,,
43000926401,nwmpdgtm,Park Street,52.495045,-2.015254,,,
43000926501,nwmpdgtw,Titford Road,52.492176,-2.014502,,,
43000926602,nwmpdgwd,Underhill Street,52.491825,-2.009921,,,
43000926601,nwmpdgwa,Underhill Street,52.492222,-2.010746,,,
43000927101,nwmpdgwg,Anchor Bridge,52.502659,-2.007581,,,
43000927102,nwmpdgwj,Anchor Bridge,52.502533,-2.006712,,,
43000927202,nwmpdgwp,Rood End Road,52.502182,-2.001909,,,
43000927201,nwmpdgwm,Rood End Road,52.501976,-2.001747,,,
43000928202,nwmdmdwg,Brandon Way,52.510311,-2.008894,,,
43000928201,nwmdmdwd,Brandon Way,52.510464,-2.008776,,,
43000928402,nwmpdjad,Bromford Lane,52.512699,-2.005771,,,
43000928401,nwmpdgwt,Bromford Lane,52.512836,-2.005726,,,
43000928501,nwmdmdwj,Margaret Street,52.5135,-2.003531,,,
43000928502,nwmdmdwm,Margaret Street,52.513355,-2.003988,,,
43000928701,nwmpdjam,Brandon Close,52.513771,-2.008556,,,
43000928702,nwmpdjap,Brandon Close,52.513439,-2.008291,,,
43000928802,nwmpdjaw,Oak Road,52.515568,-2.009219,,,
43000928801,nwmpdjat,Oak Road,52.515255,-2.009234,,,
43000929301,nwmpdjga,Canal Bridge,52.514526,-2.017412,,,
43000929302,nwmpdjgd,Canal Bridge,52.514481,-2.017235,,,
43000929402,nwmpdjgm,Navigation Way,52.515846,-2.020448,,,
43000929502,nwmpdjgt,Union Road,52.517456,-2.022321,,,
43000929501,nwmpdjgp,Union Road,52.517105,-2.022085,,,
43000929602,nwmpdjma,The Jolly Sailor,52.519333,-2.023677,,,
43000929601,nwmpdjgw,The Jolly Sailor,52.519089,-2.023707,,,
43000929701,nwmtpdpj,Hambletts Road,52.515984,-2.010531,,,
43000929801,nwmtwjtm,Apsley Road,52.46249,-2.0109,,,
43000930001,nwmpdjmd,Fairway Road,52.476028,-2.016425,,,
43000930002,nwmtmwgm,Fairway Road,52.475929,-2.016454,,,
43000930101,nwmpdjmg,Titford Pools,52.487438,-2.018344,,,
43000930102,nwmpdjmj,Titford Pools,52.487923,-2.018329,,,
43000930201,nwmpdjmp,Ferndale Road,52.476139,-2.018015,,,
43000930202,nwmpdjmt,Ferndale Road,52.476505,-2.018103,,,
43000930302,nwmpdjpa,Falcon Road,52.478527,-2.018443,,,
43000930301,nwmpdjmw,Falcon Road,52.477955,-2.018148,,,
43000930401,nwmpdjpd,Causeway Green,52.482197,-2.016751,,,
43000930402,nwmpdjpg,Causeway Green,52.482342,-2.016898,,,
43000930501,nwmpdjpj,Wolverhampton Road Westside,52.483212,-2.016781,,,
43000930502,nwmpdjpm,Wolverhampton Road Westside,52.483582,-2.016531,,,
43000930601,nwmpdjpt,Grosvenor Road,52.486053,-2.012909,,,
43000930602,nwmpdjpw,Grosvenor Road,52.486683,-2.01232,,,
43000930703,nwmpdjta,Pound Road,52.480938,-2.012878,,,
43000930704,nwmpdjtd,Pound Road,52.480991,-2.013261,,,
43000930802,nwmpdjtj,Oldbury Academy,52.478027,-2.009727,,,
43000930801,nwmpdjtg,Oldbury Academy,52.47871,-2.010257,,,
43000930902,nwmpdjtp,Brandhall Road,52.476147,-2.007032,,,
43000930901,nwmpdjtm,Brandhall Road,52.476212,-2.006722,,,
43000931201,nwmpdjwj,Pitfields Close,52.470932,-2.011727,,,
43000931202,nwmpdjwm,Pitfields Close,52.470871,-2.011933,,,
43000931301,nwmpdjwp,Malvern Road,52.470024,-2.009769,,,
43000931302,nwmtmwgp,Malvern Road,52.469448,-2.007987,,,
43000931402,nwmpdmad,Kingsway,52.468246,-2.006839,,,
43000931401,nwmpdjwt,Kingsway,52.468513,-2.006913,,,
43000931502,nwmpdmam,Worcester Road,52.471355,-2.007885,,,
43000931501,nwmpdmaj,Worcester Road,52.471195,-2.007473,,,
43000931602,nwmpdmat,Brennand Road,52.473335,-2.007223,,,
43000931601,nwmpdmap,Brennand Road,52.473145,-2.00787,,,
43000931701,nwmpdmaw,Brandhall Junior School,52.471436,-2.004484,,,
43000931702,nwmpdmda,Brandhall Junior School,52.470825,-2.004278,,,
43000931802,nwmpdmdj,Bodenham Road,52.469566,-2.002879,,,
43000931801,nwmpdmdg,Bodenham Road,52.469784,-2.003233,,,
43000931901,nwmpdmdm,Tame Rise,52.467663,-2.00176,,,
43000931902,nwmpdmdp,Tame Rise,52.467815,-2.001672,,,
43000932102,nwmpdmdw,Broadway,52.473576,-2.002276,,,
43000932101,nwmpdmdt,Broadway,52.473919,-2.002468,,,
43000932204,nwmpdmgd,Bleakhouse Road,52.471024,-1.996962,,,
43000932201,nwmpdmga,Bleakhouse Road,52.472218,-1.998905,,,
43000932302,nwmpdmgm,Broadway,52.474171,-1.998684,,,
43000932301,nwmpdmgj,Broadway,52.475159,-1.998625,,,
43000932402,nwmpdmgp,Hill Top Road,52.476452,-1.996814,,,
43000932502,nwmpdmgw,Siskin Close,52.477638,-2.000583,,,
43000932501,nwmpdmgt,Siskin Close,52.477398,-1.999317,,,
43000932601,nwmpdmja,Bristnall Fields,52.47916,-2.003233,,,
43000932602,nwmpdmjd,Bristnall Fields,52.47924,-2.00313,,,
43000932702,nwmpdmjm,Sandfields Road,52.479797,-1.996725,,,
43000932701,nwmpdmjg,Sandfields Road,52.479221,-1.998227,,,
43000932801,nwmpdmjp,Telford Close,52.475662,-1.993457,,,
43000932802,nwmpdmjt,Telford Close,52.476074,-1.992971,,,
43000933001,nwmpdmpa,Hagley Road West,52.463238,-2.016803,,,
43000933002,nwmpdmpd,Hagley Road West,52.463352,-2.016862,,,
43000933203,nwmpdmpt,Edward Road,52.470116,-1.999479,,,
43000933202,nwmpdmpm,Edward Road,52.469353,-1.999906,,,
43000933402,nwmpjwtw,Albert Road,52.469982,-1.994798,,,
43000933403,nwmtajpd,Albert Road,52.47015,-1.99465,,,
43000933501,nwmpdmtd,Castle Road West,52.468426,-1.99125,,,
43000933502,nwmpdmtg,Castle Road West,52.468121,-1.98972,,,
43000933601,nwmpdmtj,TriGate,52.466599,-1.985319,,,
43000933802,nwmpdmtw,Walters Road,52.463741,-2.009429,,,
43000933801,nwmpdmtp,Walters Road,52.463795,-2.009208,,,
43000933902,nwmpdmwd,Lewis Avenue,52.465271,-2.007221,,,
43000933901,nwmpdmwa,Lewis Avenue,52.465054,-2.007604,,,
43000934002,nwmpdmwj,Brook Road,52.476974,-2.013422,,,
43000934001,nwmpdmwg,Brook Road,52.477047,-2.013422,,,
43000934102,nwmpdmwp,Oldbury College of Sport,52.480534,-2.008358,,,
43000934101,nwmpdmwm,Oldbury College of Sport,52.480633,-2.00955,,,
43000934201,nwmpdmwt,Bristnall Fields,52.479671,-2.004838,,,
43000934202,nwmpdpad,Bristnall Fields,52.479763,-2.004735,,,
43000934301,nwmtdmgt,Knottsall Lane,52.481209,-2.000686,,,
43000934302,nwmtdmgw,Knottsall Lane,52.481064,-2.001113,,,
43000934402,nwmpdpaj,Eva Road,52.481129,-1.995356,,,
43000934401,nwmpdpag,Eva Road,52.481369,-1.995606,,,
43000934504,nwmpdpap,Bristnall Hall Lane,52.482811,-1.996063,,,
43000934503,nwmpdpam,Bristnall Hall Lane,52.48278,-1.996151,,,
43000934601,nwmpdpat,Moore Crescent,52.485535,-1.997447,,,
43000934602,nwmpdpaw,Moore Crescent,52.48494,-1.997476,,,
43000934901,nwmpdpdj,St Matthews Road,52.478664,-2.014011,,,
43000934902,nwmpdpdm,St Matthews Road,52.478367,-2.01354,,,
43000935001,nwmtdmja,Kenelm Road,52.482216,-2.010213,,,
43000935002,nwmtdmjd,Kenelm Road,52.482037,-2.01039,,,
43000935102,nwmpdpdt,Langley Green Road,52.487881,-2.010362,,,
43000935101,nwmpdpdp,Langley Green Road,52.487797,-2.010421,,,
43000935402,nwmpdpgj,Matty Road,52.487457,-1.998345,,,
43000935401,nwmpdpgd,Matty Road,52.486862,-1.997785,,,
43000935501,nwmpdpgm,Keanscott Drive,52.489506,-2.000804,,,
43000935502,nwmpdpgp,Keanscott Drive,52.48946,-2.000863,,,
43000935702,nwmpdpja,Richmond Hill,52.492626,-2.000068,,,
43000935701,nwmpdpgw,Richmond Hill,52.492313,-2.000038,,,
43000935802,nwmtdmjm,Edward Street,52.488762,-2.010097,,,
43000935801,nwmtdmjg,Edward Street,52.488705,-2.01023,,,
43000935903,nwmdmdwp,Willow Avenue,52.476349,-1.967795,,,
43000936002,nwmwgtag,Thimblemill Road,52.48716,-1.991085,,,
43000936001,nwmpdpjd,Thimblemill Road,52.487404,-1.990982,,,
43000936305,nwmpdpjw,Hayes Road,52.488987,-1.9916,,,
43000936306,nwmpdpma,Hayes Road,52.488735,-1.991732,,,
43000936401,nwmpdpmd,Hales Lane,52.485451,-1.986814,,,
43000936402,nwmpdpmg,Hales Lane,52.485306,-1.986343,,,
43000936501,nwmpdpmj,Bristnall Hall Road,52.484184,-1.990378,,,
43000936502,nwmpdpmp,Bristnall Hall Road,52.484375,-1.990511,,,
43000936602,nwmpdpmw,Francis Road,52.488525,-1.987182,,,
43000936601,nwmpdpmt,Francis Road,52.488464,-1.986917,,,
43000936701,nwmpdpta,Manor Road Post Office,52.489388,-1.983956,,,
43000936702,nwmpdptd,Manor Road Post Office,52.48938,-1.984236,,,
43000936801,nwmpdptg,Basons Lane,52.49062,-1.99456,,,
43000936802,nwmpdptj,Basons Lane,52.490955,-1.994648,,,
43000936901,nwmpdptm,Victoria Road,52.491978,-1.990259,,,
43000936902,nwmpdptp,Victoria Road,52.492222,-1.990436,,,
43000937102,nwmpdpwa,Eva Road,52.482674,-1.990747,,,
43000937101,nwmpdptw,Eva Road,52.482262,-1.990644,,,
43000937201,nwmpdpwd,Hurst Road Community Hall,52.478592,-1.990203,,,
43000937202,nwmpdpwg,Hurst Road Community Hall,52.478756,-1.990129,,,
43000937302,nwmpdpwm,Hurst Road,52.477451,-1.990174,,,
43000937301,nwmpdpwj,Hurst Road,52.47818,-1.989099,,,
43000937402,nwmpdpwt,Alexander Road,52.479374,-1.984637,,,
43000937401,nwmpdpwp,Alexander Road,52.479599,-1.983945,,,
43000937502,nwmtdmjt,Hamilton Road,52.478611,-1.983489,,,
43000937501,nwmtdmjp,Hamilton Road,52.478207,-1.983636,,,
43000937601,nwmtdmjw,Edmonds Road,52.479843,-1.994355,,,
43000938002,nwmtgtdp,Primrose Bank,52.489128,-2.006268,,,
43000938001,nwmtgtdm,Primrose Bank,52.488968,-2.005429,,,
43000938101,nwmpdtad,Abbey Road,52.474674,-1.989217,,,
43000938202,nwmpdtaj,Warley Park,52.475491,-1.983372,,,
43000938201,nwmpdtag,Warley Park,52.475201,-1.983564,,,
43000938301,nwmpdtam,Barclay Road,52.476551,-1.980737,,,
43000938302,nwmpdtap,Barclay Road,52.476749,-1.980545,,,
43000938401,nwmpdtat,Lenwade Road,52.470791,-1.988512,,,
43000938402,nwmpdtaw,Lenwade Road,52.471104,-1.988762,,,
43000938501,nwmpdtda,Warley Water Tower,52.469711,-1.987688,,,
43000938502,nwmpdtdg,Warley Water Tower,52.469845,-1.987481,,,
43000938601,nwmpwptw,Pear Tree Road,52.486134,-1.985091,,,
43000938602,nwmpwpwa,Pear Tree Road,52.486603,-1.984767,,,
43000938801,nwmpdtdm,Perry Hill Road,52.468849,-1.999199,,,
43000938802,nwmtjmtw,Perry Hill Road,52.468948,-1.999464,,,
43000938901,nwmpwpwd,Stanley Road,52.468445,-1.995814,,,
43000938902,nwmpwpwg,Stanley Road,52.46846,-1.994813,,,
43000939002,nwmpwpwm,Harborne Road,52.468983,-1.987526,,,
43000939001,nwmpwpwj,Harborne Road,52.469082,-1.987555,,,
43000939102,nwmpdtdt,Beechwood Road,52.469223,-1.981005,,,
43000939101,nwmpdtdp,Beechwood Road,52.469414,-1.980504,,,
43000939304,nwmpdtgd,Galton Road,52.470448,-1.977147,,,
43000939303,nwmpdtga,Galton Road,52.47076,-1.976632,,,
43000939402,nwmpdtgm,Long Hyde Road,52.472702,-1.974496,,,
43000939401,nwmpdtgj,Long Hyde Road,52.473106,-1.97454,,,
43000939502,nwmpdtgt,Wigorn Road,52.475048,-1.973641,,,
43000939501,nwmpdtgp,Wigorn Road,52.475109,-1.973788,,,
43000939602,nwmpdtja,St Mary's Church,52.475182,-1.971285,,,
43000939601,nwmpdtgw,St Mary's Church,52.475353,-1.970049,,,
43000939704,nwmpdtjd,The Bear Tavern,52.476952,-1.970224,,,
43000939705,nwmtjtam,The Bear Tavern,52.477036,-1.970636,,,
43000939706,nwmpdtjm,The Bear Tavern,52.477169,-1.970798,,,
43000939802,nwmdmgad,Sherwood Road,52.474392,-1.969225,,,
43000939801,nwmdmdwt,Sherwood Road,52.474068,-1.968901,,,
43000939803,nwmtgwpj,Sherwood Road,52.474453,-1.969254,,,
43000939903,nwmdtapt,Adkins Lane Terminus,52.47216,-1.969653,,,
43000940001,nwmtjgag,Tat Bank Road,52.494785,-1.99995,,,
43000940102,nwmpwpwt,Apollo Road,52.497299,-1.996061,,,
43000940101,nwmpwpwp,Apollo Road,52.49757,-1.996592,,,
43000940202,nwmpdtjt,Tat Bank Crossroads,52.494522,-2.000554,,,
43000940302,nwmpdtma,Vernon Road,52.497456,-1.997859,,,
43000940301,nwmpdtjw,Vernon Road,52.497444,-1.998197,,,
43000940601,nwmpwtaj,Bartleet Road,52.491421,-1.987417,,,
43000940602,nwmpwtam,Bartleet Road,52.491863,-1.988359,,,
43000940802,nwmpwtaw,Birch Street,52.493427,-1.996165,,,
43000940801,nwmpwtat,Birch Street,52.493462,-1.996327,,,
43000940904,nwmtpwdp,West End Avenue,52.50124,-1.990773,,,
43000940903,nwmpdtmd,West End Avenue,52.501572,-1.990758,,,
43000941101,nwmpdtmg,Sandwell Business Park,52.502903,-1.995825,,,
43000941102,nwmpdtmj,Sandwell Business Park,52.503162,-1.995295,,,
43000941202,nwmpdtmt,Hackett Drive,52.504295,-1.991288,,,
43000941201,nwmpdtmp,Hackett Drive,52.503666,-1.991376,,,
43000941302,nwmpdtpa,Mallin Street,52.502552,-1.988931,,,
43000941301,nwmpdtmw,Mallin Street,52.502308,-1.989285,,,
43000941401,nwmpdtpd,Leasowes Care Centre,52.502335,-1.983804,,,
43000941402,nwmpdtpg,Leasowes Care Centre,52.502316,-1.986073,,,
43000941601,nwmtmjgd,Bearwood Road,52.475777,-1.969121,,,
43000941801,nwmtwdaw,Princess Road,52.478844,-1.992529,,,
43000941802,nwmtwdmd,Princess Road,52.47879,-1.992573,,,
43000942102,nwmpdtpw,Oldbury Cemetery,52.499287,-1.992806,,,
43000942101,nwmpdtpt,Oldbury Cemetery,52.499214,-1.993469,,,
43000942202,nwmtdtwp,Holly Lane,52.497787,-1.989492,,,
43000942201,nwmpdtwa,Holly Lane,52.498333,-1.989551,,,
43000942301,nwmpdtwd,West Park Road,52.499889,-1.991215,,,
43000942302,nwmpdtwg,West Park Road,52.50061,-1.988652,,,
43000942401,nwmpdtwj,Forster Street,52.500816,-1.98519,,,
43000942402,nwmpdtwm,Forster Street,52.500626,-1.984777,,,
43000942802,nwmpdwap,St Albans Road,52.498837,-1.977206,,,
43000942801,nwmpdwam,St Albans Road,52.49926,-1.978355,,,
43000942901,nwmpdwat,Tollhouse Way,52.500202,-1.979253,,,
43000942902,nwmwgtjd,Tollhouse Way,52.499969,-1.979327,,,
43000943004,nwmtpajg,Bertram Road,52.497597,-1.983629,,,
43000943003,nwmpdwaw,Bertram Road,52.497715,-1.984056,,,
43000943102,nwmpdwdg,Smethwick Hall Park,52.490971,-1.980259,,,
43000943101,nwmpdwda,Smethwick Hall Park,52.491627,-1.979773,,,
43000943202,nwmpdwdm,Manor Road,52.488632,-1.979156,,,
43000943201,nwmpdwdj,Manor Road,52.488705,-1.979259,,,
43000943302,nwmpdwdt,Hollybush,52.489784,-1.976563,,,
43000943301,nwmpdwdp,Hollybush,52.489586,-1.976534,,,
43000943402,nwmpdwga,Cemetery Road,52.488182,-1.97406,,,
43000943401,nwmpdwdw,Cemetery Road,52.488434,-1.974311,,,
43000943501,nwmpdwgd,Marion Road,52.495224,-1.987077,,,
43000943502,nwmpdwgj,Marion Road,52.495071,-1.987475,,,
43000943601,nwmpdwgm,Hugh Road,52.493542,-1.988904,,,
43000943701,nwmpdwgp,Hugh Road,52.495995,-1.981023,,,
43000943702,nwmpdwgt,Hugh Road,52.495914,-1.980655,,,
43000943802,nwmpdwja,Auckland Road,52.492794,-1.978078,,,
43000943801,nwmpdwgw,Auckland Road,52.492992,-1.978196,,,
43000944102,nwmpdwjg,Blue Gates,52.496586,-1.972229,,,
43000944104,nwmpdwjp,Blue Gates,52.496605,-1.972494,,,
43000944202,nwmpdwjw,Community Centre,52.500839,-1.969177,,,
43000944201,nwmpdwjt,Community Centre,52.500301,-1.970061,,,
43000944302,nwmpdwmd,Doulton Drive,52.498081,-1.972022,,,
43000944301,nwmpdwma,Doulton Drive,52.498413,-1.971874,,,
43000944502,nwmpdwmt,Regent Street,52.494278,-1.969182,,,
43000944501,nwmpdwmp,Regent Street,52.494663,-1.96977,,,
43000944701,nwmpdwmw,Piddock Road,52.493423,-1.967032,,,
43000944702,nwmpdwpa,Piddock Road,52.493359,-1.966737,,,
43000944803,nwmpdwpj,Smethwick Council House,52.492317,-1.968211,,,
43000944801,nwmpdwpd,Smethwick Council House,52.491482,-1.968153,,,
43000944901,nwmpdwpt,Green Street,52.494576,-1.976487,,,
43000944902,nwmpdwpw,Green Street,52.494709,-1.975971,,,
43000945001,nwmtpdpt,Marshall Street,52.499538,-1.989992,,,
43000945002,nwmtpdpw,Marshall Street,52.49971,-1.990213,,,
43000945101,nwmpdwta,Thimblemill Cemetery,52.48341,-1.98225,,,
43000945102,nwmpdwtd,Thimblemill Cemetery,52.483177,-1.981529,,,
43000945201,nwmpdwtg,Lincoln Road,52.480453,-1.98019,,,
43000945202,nwmpdwtj,Lincoln Road,52.480408,-1.980705,,,
43000945302,nwmtwgpd,Addenbrooke Road,52.482143,-1.978143,,,
43000945301,nwmpdwtm,Addenbrooke Road,52.48217,-1.977848,,,
43000945401,nwmpdwtp,Gladys Road,52.479488,-1.974581,,,
43000945402,nwmwjawg,Gladys Road,52.480209,-1.97514,,,
43000945503,nwmpdwtw,Wigorn Road,52.477539,-1.97386,,,
43000945602,nwmpwtdp,Davidsons Road,52.48304,-1.973062,,,
43000945601,nwmpwtdm,Davidsons Road,52.483105,-1.973489,,,
43000945701,nwmpgada,William Road,52.48431,-1.985313,,,
43000945702,nwmpgadg,William Road,52.484032,-1.984753,,,
43000945802,nwmpgadj,Wigorn Road,52.477467,-1.975613,,,
43000945901,nwmpgadm,Ethel Road,52.47797,-1.974788,,,
43000946103,nwmpgagd,Victoria Park,52.489906,-1.966666,,,
43000946101,nwmpgadw,Victoria Park,52.487766,-1.96493,,,
43000946102,nwmpgaga,Victoria Park,52.489555,-1.966239,,,
43000946201,nwmpgagj,Newlands Green,52.487984,-1.966241,,,
43000946202,nwmpgagm,Newlands Green,52.488449,-1.966623,,,
43000946301,nwmpgagp,Grange Road,52.4856,-1.96689,,,
43000946302,nwmpgagt,Grange Road,52.485737,-1.966993,,,
43000946403,nwmtpajd,Marlborough Road,52.482265,-1.968866,,,
43000946401,nwmpgagw,Marlborough Road,52.482311,-1.969131,,,
43000946502,nwmwjajd,Richmond Rd,52.479992,-1.96953,,,
43000946501,nwmpgajd,Richmond Rd,52.480457,-1.969751,,,
43000946601,nwmpgajg,Rawlings Rd,52.478851,-1.969987,,,
43000946801,nwmpgajw,Smethwick Old Church,52.487293,-1.972632,,,
43000946802,nwmpgama,Smethwick Old Church,52.486771,-1.972603,,,
43000946902,nwmpgamg,Stanhope Road,52.485817,-1.970469,,,
43000946901,nwmpgamd,Stanhope Road,52.485664,-1.970513,,,
43000947002,nwmpgamp,Claremont Road,52.48719,-1.962898,,,
43000947001,nwmpgamj,Claremont Road,52.487045,-1.961396,,,
43000947102,nwmpgamw,Hadley Stadium,52.483624,-1.966023,,,
43000947101,nwmpgamt,Hadley Stadium,52.483902,-1.96589,,,
43000947202,nwmpgapd,Bearwood Road,52.485123,-1.966655,,,
43000947302,nwmpgapj,Edgbaston Road,52.485348,-1.96368,,,
43000947301,nwmpgapg,Edgbaston Road,52.48542,-1.963813,,,
43000947401,nwmpgapm,Gilbert Road,52.486282,-1.961529,,,
43000947402,nwmpgapt,Gilbert Road,52.486561,-1.961294,,,
43000947501,nwmpgapw,Windmill Lane,52.48674,-1.959526,,,
43000947502,nwmpgata,Windmill Lane,52.486794,-1.958864,,,
43000947603,nwmpgatd,Florence Road,52.485561,-1.960117,,,
43000947604,nwmpgatg,Florence Road,52.485825,-1.960057,,,
43000947702,nwmpgatm,Cape Primary School,52.486908,-1.955182,,,
43000947701,nwmpgatj,Cape Primary School,52.486973,-1.954372,,,
43000947803,nwmpgawa,Grove Lane,52.487556,-1.951411,,,
43000947801,nwmpgatp,Grove Lane,52.487698,-1.951455,,,
43000948201,nwmpgawt,London Street,52.491474,-1.951687,,,
43000948202,nwmtwgpm,London Street,52.49168,-1.951363,,,
43000948301,nwmpgdad,Six Ways Soho,52.493462,-1.952657,,,
43000948402,nwmpgdaj,St Matthew's School,52.491173,-1.957254,,,
43000948401,nwmpgdag,St Matthew's School,52.490902,-1.957755,,,
43000948502,nwmpgdap,Windmill Crescent,52.493263,-1.95491,,,
43000948501,nwmpgdam,Windmill Crescent,52.493263,-1.955146,,,
43000948702,nwmpwtdw,Rabone Lane,52.496872,-1.959429,,,
43000948701,nwmpwtdt,Rabone Lane,52.496872,-1.959002,,,
43000948901,nwmpgdgd,Mencap Centre,52.493015,-1.959108,,,
43000948902,nwmtwgpg,Mencap Centre,52.493526,-1.960036,,,
43000949701,nwmpgdjp,Bridge Street,52.497395,-1.964024,,,
43000949702,nwmpgdjt,Bridge Street,52.49762,-1.962448,,,
43000949801,nwmpgdjw,Crocketts Lane,52.495083,-1.964394,,,
43000949802,nwmpgdma,Crocketts Lane,52.494923,-1.964276,,,
43000949902,nwmpgdmg,Bush Avenue,52.493938,-1.956294,,,
43000949901,nwmpgdmd,Bush Avenue,52.493938,-1.955823,,,
43000950701,nwmpgdpm,Bevan Way,52.503231,-1.97305,,,
43000950702,nwmpgdpt,Bevan Way,52.503448,-1.973315,,,
43000950801,nwmpgdpw,Roebuck Lane,52.505318,-1.975479,,,
43000950802,nwmpgdta,Roebuck Lane,52.505516,-1.975067,,,
43000951002,nwmpgdtm,Constance Avenue,52.508522,-1.989416,,,
43000951001,nwmpgdtj,Constance Avenue,52.508709,-1.989578,,,
43000951101,nwmpgdtp,Green Street,52.50824,-1.986366,,,
43000951102,nwmpgdtw,Green Street,52.508339,-1.985585,,,
43000951201,nwmpgdwa,Grice Street,52.506973,-1.99195,,,
43000951202,nwmpgdwd,Grice Street,52.507496,-1.992083,,,
43000951302,nwmpgdwj,Parliament Street,52.510418,-1.992229,,,
43000951301,nwmpgdwg,Parliament Street,52.50922,-1.992289,,,
43000951401,nwmpgdwm,Boulton Road,52.511551,-1.991817,,,
43000951402,nwmpgdwp,Boulton Road,52.512917,-1.991596,,,
43000951501,nwmpgdwt,Farm Street,52.512505,-1.9955,,,
43000951602,nwmpgjaj,Morris Street,52.512844,-1.996547,,,
43000951601,nwmpgjag,Morris Street,52.513329,-1.998447,,,
43000951901,nwmtwdgp,Warley Park,52.474598,-1.979589,,,
43000952102,nwmpgjam,Halfords Lane,52.510197,-1.965841,,,
43000952103,nwmpgjap,Halfords Lane,52.510071,-1.963513,,,
43000952201,nwmpgjat,Kenrick Way,52.510925,-1.97169,,,
43000952202,nwmpgjaw,Kenrick Way,52.51099,-1.971218,,,
43000952402,nwmpwtgm,Tamebridge Estate,52.554436,-1.966604,,,
43000952401,nwmpwtgj,Tamebridge Estate,52.554276,-1.966692,,,
43000952601,nwmtwdjw,Bristnall Hall School,52.483295,-1.993972,,,
43000952602,nwmtwdma,Bristnall Hall School,52.483456,-1.993824,,,
43000952701,nwmtwgtm,Broadmoor Avenue,52.478367,-1.990748,,,
43000952901,nwmtwjmj,Hindu Cultural Resource Centre,52.502865,-1.99198,,,
43000953101,nwmpgjdm,Beeches Road,52.512009,-1.979542,,,
43000953102,nwmpgjdp,Beeches Road,52.512077,-1.979012,,,
43000953201,nwmpgjdt,Bagnall Street,52.51226,-1.982327,,,
43000953302,nwmpgjga,Hope Street,52.512779,-1.984154,,,
43000953301,nwmpgjdw,Hope Street,52.513653,-1.985495,,,
43000953402,nwmpgjgj,Trinity Way,52.513771,-1.98579,,,
43000953401,nwmpgjgd,Trinity Way,52.514767,-1.987219,,,
43000953503,nwmpgjgt,Dartmouth Square,52.515972,-1.989281,,,
43000953501,nwmpgjgm,Dartmouth Square,52.515926,-1.989355,,,
43000953601,nwmpgjma,Sandwell College,52.515064,-1.990755,,,
43000953701,nwmpgjmd,St Eleanors Close,52.516933,-1.975827,,,
43000953801,nwmpwtgp,Boulton Road,52.511738,-1.988884,,,
43000953802,nwmpwtgt,Boulton Road,52.511341,-1.98943,,,
43000954401,nwmpgjmj,Victoria Street,52.51931,-1.995161,,,
43000954402,nwmpgjmp,Victoria Street,52.519291,-1.995323,,,
43000954503,nwmpgjpd,West Bromwich Town Hall,52.520306,-1.997239,,,
43000954502,nwmpgjpa,West Bromwich Town Hall,52.520477,-1.997533,,,
43000954501,nwmpgjmw,West Bromwich Town Hall,52.520531,-1.997312,,,
43000954603,nwmwgwgt,New Street,52.519947,-1.992832,,,
43000954601,nwmpgjpg,New Street,52.519821,-1.992935,,,
43000954602,nwmwgptp,New Street,52.519855,-1.992788,,,
43000954802,nwmpgjpt,Walsall Street,52.518707,-1.988618,,,
43000954801,nwmpgjpm,Walsall Street,52.519318,-1.988411,,,
43000954901,nwmpgjpw,Lloyd Street,52.522247,-1.986524,,,
43000954902,nwmpgjta,Lloyd Street,52.521725,-1.986819,,,
43000955401,nwmpgjtp,Slaithwaite Road,52.523964,-1.987216,,,
43000955402,nwmtmwpg,Slaithwaite Road,52.52375,-1.987054,,,
43000955501,nwmpgjtw,Sandwell District General Hospital,52.52729,-1.987053,,,
43000955502,nwmpgjwa,Sandwell District General Hospital,52.525917,-1.98695,,,
43000955702,nwmpwtjg,Orwell Drive,52.53112,-1.992978,,,
43000955701,nwmpwtjd,Orwell Drive,52.531158,-1.992639,,,
43000955906,nwmdtgjp,West Bromwich Bus Station,52.517502,-1.994277,0.0,430G09559,F
43000955909,nwmdtgma,West Bromwich Bus Station,52.517422,-1.995235,0.0,430G09559,J
43000955905,nwmdtgjm,West Bromwich Bus Station,52.5177,-1.994247,0.0,430G09559,E
43000955917,nwmdtgpd,West Bromwich Bus Station,52.517715,-1.994763,0.0,430G09559,S
43000955920,nwmdtgpm,West Bromwich Bus Station,52.518032,-1.995353,0.0,430G09559,V
43000955912,nwmdtgmj,West Bromwich Bus Station,52.51778,-1.995809,0.0,430G09559,M
43000955914,nwmdtgmt,West Bromwich Bus Station,52.517872,-1.99519,0.0,430G09559,P
43000955902,nwmdtgja,West Bromwich Bus Station,52.517998,-1.994837,0.0,430G09559,B
43000955915,nwmdtgmw,West Bromwich Bus Station,52.517773,-1.994999,0.0,430G09559,Q
43000955911,nwmdtgmg,West Bromwich Bus Station,52.517654,-1.995647,0.0,430G09559,L
43000955916,nwmdtgpa,West Bromwich Bus Station,52.517654,-1.994778,0.0,430G09559,R
43000955919,nwmdtgpj,West Bromwich Bus Station,52.517925,-1.995146,0.0,430G09559,U
43000955918,nwmdtgpg,West Bromwich Bus Station,52.517834,-1.994969,0.0,430G09559,T
43000955913,nwmdtgmp,West Bromwich Bus Station,52.518013,-1.995632,0.0,430G09559,N
43000955910,nwmdtgmd,West Bromwich Bus Station,52.517536,-1.99547,0.0,430G09559,K
43000955903,nwmdtgjd,West Bromwich Bus Station,52.517899,-1.994601,0.0,430G09559,C
43000955901,nwmdtgdw,West Bromwich Bus Station,52.518105,-1.994999,0.0,430G09559,A
43000956001,nwmwadma,Beech Way,52.493122,-1.957797,,,
43000956101,nwmpgjwj,Hargate Lane,52.525799,-1.991814,,,
43000956102,nwmpgjwm,Hargate Lane,52.526222,-1.991829,,,
43000956402,nwmtjpta,Bell Street,52.528221,-2.071632,,,
43000956801,nwmwajtg,Cemetery,52.558037,-2.009701,,,
43000957001,nwmpwtjt,Goldby Drive,52.562214,-2.025339,,,
43000957002,nwmpwtjw,Goldby Drive,52.562294,-2.025251,,,
43000957102,nwmpgjwt,Dartmouth Street,52.521671,-1.999243,,,
43000957101,nwmpgjwp,Dartmouth Street,52.52169,-1.999567,,,
43000957202,nwmpgmag,Shaftesbury Street,52.522778,-2.001115,,,
43000957201,nwmpgmad,Shaftesbury Street,52.523201,-2.002058,,,
43000957305,nwmpgmaw,Farley Clock Tower,52.524181,-2.004343,,,
43000957301,nwmpgmaj,Farley Clock Tower,52.524189,-2.003827,,,
43000957402,nwmpgmdg,Chapel Street,52.527218,-2.005773,,,
43000957401,nwmpgmda,Chapel Street,52.527695,-2.006407,,,
43000957501,nwmpgmdj,Brett Street,52.530151,-2.006982,,,
43000957602,nwmtpgjp,Guns Village Metro,52.525341,-2.008086,,,
43000957601,nwmpgmdm,Guns Village Metro,52.525402,-2.007895,,,
43000957801,nwmpwtmg,Wheatley Street,52.518761,-2.010134,,,
43000957901,nwmtwpdp,Highfield Road,52.541035,-2.0488,,,
43000958002,nwmwgtgp,Adam Street,52.521069,-2.007025,,,
43000958001,nwmwgtgm,Adam Street,52.52116,-2.00698,,,
43000958102,nwmpgmdt,Claypit Lane,52.526237,-2.0113,,,
43000958101,nwmpgmdp,Claypit Lane,52.526024,-2.010239,,,
43000958201,nwmpgmdw,Davey Road,52.527264,-2.014573,,,
43000958301,nwmpgmga,Ryder Street,52.528061,-2.021501,,,
43000958302,nwmpgmgd,Ryder Street,52.528072,-2.02299,,,
43000958401,nwmpgmgj,Richmond Street South,52.52879,-2.026587,,,
43000958402,nwmpgmgm,Richmond Street South,52.528988,-2.026896,,,
43000958501,nwmpwtmp,Asda Superstore,52.529877,-2.028887,,,
43000958702,nwmpgmgt,Whitehall Road,52.52914,-2.030523,,,
43000958701,nwmpgmgp,Whitehall Road,52.529587,-2.031569,,,
43000958801,nwmpgmgw,Slater Street,52.529724,-2.032277,,,
43000958902,nwmtgwta,Phoenix Street,52.527729,-2.01674,,,
43000959103,nwmdmgpd,Cambridge Street,52.514786,-2.000422,,,
43000959101,nwmdmgpa,Cambridge Street,52.514355,-2.001674,,,
43000959202,nwmpwtpg,Hilton Street,52.520557,-2.01432,,,
43000959201,nwmpwtpd,Hilton Street,52.520664,-2.014025,,,
43000959302,nwmdmgpj,Bowater Street,52.516037,-1.998713,,,
43000959301,nwmdmgpg,Bowater Street,52.515678,-1.999376,,,
43000959402,nwmpgmjd,Victoria Street,52.518139,-1.996782,,,
43000959501,nwmpgmjg,Lodge Road,52.518093,-2.000658,,,
43000959502,nwmpgmjm,Lodge Road,52.517872,-1.999877,,,
43000959602,nwmpgmjp,Oak Lane,52.518482,-2.00362,,,
43000959701,nwmpgmjt,Dartmouth Street,52.518887,-2.00782,,,
43000959801,nwmpgmjw,Piercy Street,52.519138,-2.012993,,,
43000959802,nwmpgmpa,Piercy Street,52.519146,-2.013612,,,
43000959902,nwmpgmpg,Brandon Way,52.520279,-2.018166,,,
43000959901,nwmpgmpd,Brandon Way,52.520294,-2.017857,,,
43000960101,nwmpgmpj,Whitgreave Street,52.521797,-2.025447,,,
43000960201,nwmpgmpm,Farley Park,52.524086,-2.02794,,,
43000960202,nwmpgmpt,Farley Park,52.523521,-2.027821,,,
43000960301,nwmpgmpw,Farley Street,52.526531,-2.03002,,,
43000960302,nwmpgmta,Farley Street,52.526138,-2.029503,,,
43000960402,nwmpgmtg,Sheepwash Lane,52.528473,-2.031067,,,
43000960401,nwmpgmtd,Sheepwash Lane,52.528698,-2.03123,,,
43000960602,nwmtwgjp,Swancroft Road,52.5406,-2.06002,,,
43000960601,nwmpgmtj,Swancroft Road,52.540745,-2.059828,,,
43000960801,nwmpgmtp,Woodward Road,52.538029,-2.041734,,,
43000960901,nwmdtatd,Great Bridge Interchange,52.53009,-2.036818,,,
43000961003,nwmtmgdp,Ryders Green Road,52.521446,-2.023502,,,
43000961101,nwmpgmwd,Wedgewood Avenue,52.537647,-2.020194,,,
43000961201,nwmpwtpw,The Miners Arms,52.537663,-2.025649,,,
43000961202,nwmpwtwa,The Miners Arms,52.538067,-2.024941,,,
43000961302,nwmpgmwj,Pikehelve Street,52.536781,-2.028081,,,
43000961301,nwmpgmwg,Pikehelve Street,52.537251,-2.027034,,,
43000961602,nwmdmgpm,Asda,52.544743,-2.0592,,,
43000961603,nwmtwtma,Asda,52.544968,-2.058655,,,
43000961702,nwmtjdpg,Bagnall Street,52.535873,-2.029864,,,
43000961703,nwmwdwmj,Bagnall Street,52.535576,-2.030041,,,
43000961801,nwmtjdpj,Chimney Road,52.53368,-2.029538,,,
43000961802,nwmtjdpm,Chimney Road,52.533157,-2.029155,,,
43000961901,nwmpwtwd,Hudson Road,52.525314,-2.043372,,,
43000962205,nwmpgpap,Brickhouse Lane South,52.530521,-2.034135,,,
43000962302,nwmpgpda,Providence Street,52.528667,-2.039543,,,
43000962401,nwmpgpdg,Horseley Road,52.528103,-2.041621,,,
43000962402,nwmpgpdj,Horseley Road,52.527264,-2.04364,,,
43000962501,nwmpgpdm,Eagle Lane,52.532948,-2.037469,,,
43000962502,nwmtptpa,Eagle Lane,52.532555,-2.037306,,,
43000962602,nwmpgpdt,Aston Street,52.535637,-2.038621,,,
43000962601,nwmpgpdp,Aston Street,52.535213,-2.038842,,,
43000962702,nwmpgpga,Eagle Street,52.533955,-2.039563,,,
43000962701,nwmpgpdw,Eagle Street,52.534046,-2.039253,,,
43000963102,nwmpgpgp,Lower Church Lane,52.526157,-2.046041,,,
43000963302,nwmpgpjd,Tudor Street,52.522308,-2.05152,,,
43000963301,nwmpgpja,Tudor Street,52.522255,-2.051947,,,
43000963404,nwmpgpjm,Sedgley Road East,52.520061,-2.055113,,,
43000963401,nwmpgpjg,Sedgley Road East,52.521202,-2.054068,,,
43000963501,nwmpgpjp,Boscobel Avenue,52.523411,-2.058728,,,
43000963602,nwmpgpma,Crompton Road,52.524273,-2.05839,,,
43000963701,nwmpgpmd,Park Street,52.525856,-2.059763,,,
43000963801,nwmpgpmj,Tividale Street,52.51762,-2.0585,,,
43000963802,nwmpgpmp,Tividale Street,52.518208,-2.057808,,,
43000963901,nwmpgpmt,Bradley Street,52.51593,-2.061135,,,
43000963902,nwmpgpmw,Bradley Street,52.515408,-2.061414,,,
43000964101,nwmpgptg,Tipton Cemetery,52.532246,-2.04562,,,
43000964102,nwmpgptj,Tipton Cemetery,52.532433,-2.045385,,,
43000964202,nwmpgptp,High School,52.531651,-2.048258,,,
43000964201,nwmpgptm,High School,52.53146,-2.048641,,,
43000964302,nwmtmjgw,Church Lane,52.531513,-2.052091,,,
43000964301,nwmpgptw,Church Lane,52.531353,-2.052607,,,
43000964401,nwmpgpwa,Cotterills Lane,52.536602,-2.049016,,,
43000964402,nwmpgpwd,Cotterills Lane,52.536865,-2.048087,,,
43000964502,nwmpgpwj,Joseph Turner School,52.535236,-2.052228,,,
43000964501,nwmpgpwg,Joseph Turner School,52.534847,-2.05295,,,
43000964602,nwmdmgpw,Moat Road,52.536942,-2.059779,,,
43000964601,nwmdmgpt,Moat Road,52.536427,-2.05907,,,
43000964701,nwmdmgta,Arthur Road,52.534576,-2.057667,,,
43000964702,nwmdmgtd,Arthur Road,52.534557,-2.057431,,,
43000964802,nwmdmgtj,Central Avenue,52.532051,-2.060391,,,
43000964902,nwmdmgtm,Locarno Road,52.530071,-2.063675,,,
43000965004,nwmpgpwp,Upper Church Lane,52.53384,-2.056015,,,
43000965003,nwmpgpwm,Upper Church Lane,52.534019,-2.055765,,,
43000965103,nwmpgpwt,Spring Street,52.54192,-2.039482,,,
43000965303,nwmpgtam,Bourne Avenue,52.539116,-2.043534,,,
43000965301,nwmpgtaj,Bourne Avenue,52.53862,-2.043991,,,
43000965401,nwmpgtap,Beech Crescent,52.539772,-2.04349,,,
43000965502,nwmpgtaw,Highfield Road,52.540604,-2.046765,,,
43000965501,nwmpgtat,Highfield Road,52.540226,-2.046396,,,
43000965602,nwmpgtdg,Hall Lane,52.540962,-2.049906,,,
43000965701,nwmdtgtj,Chaucer Avenue,52.540829,-2.051498,,,
43000965702,nwmtgtmg,Chaucer Avenue,52.540863,-2.053208,,,
43000965802,nwmpgtdm,Bourne Avenue,52.537983,-2.04051,,,
43000966101,nwmpgtdp,Glebefields Road,52.540558,-2.056466,,,
43000966102,nwmpgtdt,Glebefields Road,52.540474,-2.057086,,,
43000966203,nwmdmgtp,Salter Road,52.539486,-2.060578,,,
43000966301,nwmpgtdw,Walkers Grange Home,52.534233,-2.062576,,,
43000966302,nwmtwpgw,Walkers Grange Home,52.534027,-2.062163,,,
43000966401,nwmpgtga,Sycamore Road,52.536308,-2.064451,,,
43000966402,nwmtwgmt,Sycamore Road,52.53619,-2.064201,,,
43000966502,nwmwgtpj,Salter Road,52.537773,-2.066473,,,
43000966601,nwmpgtgj,Turner Street,52.538277,-2.065545,,,
43000966701,nwmpgtgm,Tozer Street,52.538593,-2.06211,,,
43000966702,nwmtwdwm,Tozer Street,52.538502,-2.062582,,,
43000967101,nwmpgtgp,Victoria Park,52.527065,-2.064113,,,
43000967202,nwmpgtja,Albion Street,52.528748,-2.066784,,,
43000967302,nwmdmgwa,Wood Street,52.529655,-2.067596,,,
43000967301,nwmdmgtw,Wood Street,52.529575,-2.067375,,,
43000967401,nwmdmgwd,Coronation Gardens,52.527981,-2.070777,,,
43000967502,nwmpgtjg,Railway Bridge,52.533085,-2.074058,,,
43000967501,nwmpgtjd,Railway Bridge,52.533291,-2.074191,,,
43000967602,nwmpgtjp,Hurst Lane,52.52895,-2.074331,,,
43000967601,nwmpgtjm,Hurst Lane,52.529327,-2.075762,,,
43000967701,nwmpgtjt,The Pie Factory,52.52972,-2.078091,,,
43000967702,nwmpgtjw,The Pie Factory,52.529961,-2.078755,,,
43000967801,nwmpgtma,Bell Street,52.527168,-2.074461,,,
43000967902,nwmpgtmd,High Street,52.525524,-2.074016,,,
43000967903,nwmpgtmg,High Street,52.526505,-2.074297,,,
43000968101,nwmpgtmp,William Barrows Way,52.537086,-2.073593,,,
43000968102,nwmpgtmt,William Barrows Way,52.537815,-2.073418,,,
43000968201,nwmpgtmw,Regent Street,52.539639,-2.071755,,,
43000968202,nwmpgtpa,Regent Street,52.540253,-2.071063,,,
43000968302,nwmpgtpg,Parkes Lane,52.541584,-2.066479,,,
43000968301,nwmpgtpd,Parkes Lane,52.541782,-2.066082,,,
43000968402,nwmpgtpm,Greensill Lane,52.54438,-2.064227,,,
43000968401,nwmpgtpj,Greensill Lane,52.544281,-2.064345,,,
43000968602,nwmpgtwd,Steven Drive,52.547211,-2.068832,,,
43000968601,nwmpgtwa,Steven Drive,52.546761,-2.068846,,,
43000968701,nwmpgtwg,Brierley Lane,52.549927,-2.070385,,,
43000968702,nwmpgtwj,Brierley Lane,52.5499,-2.070208,,,
43000968902,nwmpgwad,Sherwood Avenue,52.524017,-2.06517,,,
43000969101,nwmdmgwg,Upper Church Lane,52.542992,-2.061203,,,
43000969102,nwmdmgwj,Upper Church Lane,52.542988,-2.061645,,,
43000969201,nwmdmgwm,Richards Road,52.543846,-2.059464,,,
43000969301,nwmdmgwp,Wake Green Road,52.546131,-2.054689,,,
43000969302,nwmdmgwt,Wake Green Road,52.546097,-2.053451,,,
43000969401,nwmdmjad,Gospel Oak Road,52.546257,-2.05062,,,
43000969402,nwmdmjag,Gospel Oak Road,52.546143,-2.050133,,,
43000969501,nwmdmjaj,Myrtle Terrace,52.548351,-2.051079,,,
43000969503,nwmdmjap,Myrtle Terrace,52.548981,-2.050903,,,
43000969601,nwmpgwam,Ocker Hill Road,52.544758,-2.046931,,,
43000969602,nwmpgwap,Ocker Hill Road,52.544392,-2.045058,,,
43000969702,nwmwatgw,Millington Road,52.544277,-2.061396,,,
43000969701,nwmpgwat,Millington Road,52.544205,-2.061396,,,
43000970001,nwmtjgjt,Parkes Lane,52.543842,-2.066881,,,
43000970102,nwmpgwda,Brickhouse Lane,52.533752,-2.020737,,,
43000970101,nwmpgwaw,Brickhouse Lane,52.533512,-2.020634,,,
43000970201,nwmpgwdg,Ebenezer Street,52.534229,-2.018497,,,
43000970202,nwmpgwdj,Ebenezer Street,52.533791,-2.019381,,,
43000970301,nwmpgwdm,Poultney Street,52.536533,-2.017274,,,
43000970401,nwmpgwdp,Peters Street,52.537476,-2.015889,,,
43000970402,nwmpgwdt,Peters Street,52.537315,-2.015387,,,
43000970502,nwmdmjaw,St Marks Road,52.541046,-2.061554,,,
43000970501,nwmdmjat,St Marks Road,52.540894,-2.061303,,,
43000970801,nwmtjgjm,Kerr Drive,52.543858,-2.067677,,,
43000970901,nwmtjgjg,Coles Lane,52.540058,-2.004257,,,
43000971001,nwmtadaw,New Street,52.536964,-2.013927,,,
43000971101,nwmpgwga,Brecknock Road,52.532524,-2.009577,,,
43000971102,nwmpgwgd,Brecknock Road,52.533531,-2.009917,,,
43000971202,nwmpgwgm,Hawkes Lane,52.538284,-2.011466,,,
43000971201,nwmpgwgj,Hawkes Lane,52.537361,-2.011451,,,
43000971302,nwmpgwgp,Witton Lane,52.541298,-2.013148,,,
43000971401,nwmpgwgt,Tame Valley Canal,52.54277,-2.014284,,,
43000971402,nwmpgwgw,Tame Valley Canal,52.542969,-2.015463,,,
43000971502,nwmpgwjd,Crookhay Lane,52.54126,-2.009108,,,
43000971501,nwmpgwja,Crookhay Lane,52.541271,-2.008651,,,
43000971602,nwmtadgj,Stafford Drive,52.533936,-2.006157,,,
43000971601,nwmtadgd,Stafford Drive,52.533798,-2.006143,,,
43000971802,nwmtmatp,Winchester Road,52.543186,-2.007383,,,
43000971801,nwmtmatm,Winchester Road,52.543175,-2.00753,,,
43000971901,nwmtpdpa,Hawkstone Crescent,52.533737,-2.016388,,,
43000972001,nwmtwdwt,Princes End Post Office,52.54208,-2.0639,,,
43000972101,nwmpgwjg,Bilport Lane,52.544235,-2.017101,,,
43000972201,nwmpgwjp,Woden Road South,52.545628,-2.017897,,,
43000972202,nwmwatgm,Woden Road South,52.545658,-2.018119,,,
43000972302,nwmpgwjw,Chestnut Road,52.547653,-2.011528,,,
43000972301,nwmpgwjt,Chestnut Road,52.547825,-2.011144,,,
43000972401,nwmwadjd,Brunel Drive,52.544865,-2.067826,,,
43000972402,nwmwadjg,Brunel Drive,52.545612,-2.068491,,,
43000972502,nwmwdgjw,Lilac Grove,52.549595,-2.012,,,
43000972501,nwmwdgjt,Lilac Grove,52.549324,-2.012265,,,
43000972602,nwmwdgmd,Woden Road South,52.547966,-2.01256,,,
43000972601,nwmwdgma,Woden Road South,52.547825,-2.012619,,,
43000972802,nwmtmwdw,Catherton Close,52.547672,-2.043705,,,
43000972801,nwmtmwga,Catherton Close,52.547718,-2.043823,,,
43000973002,nwmtmwap,Hazel Avenue,52.561577,-2.014954,,,
43000973001,nwmtmwam,Hazel Avenue,52.561661,-2.014747,,,
43000973102,nwmpgwmd,Bagnell Street,52.543941,-2.038496,,,
43000973101,nwmpgwma,Bagnell Street,52.544727,-2.037597,,,
43000973201,nwmpgwmg,Lea Avenue,52.546371,-2.0349,,,
43000973202,nwmpgwmj,Lea Avenue,52.545788,-2.035637,,,
43000973402,nwmtjpwp,Parkway Roundabout,52.547947,-2.031406,,,
43000973401,nwmtjpwm,Parkway Roundabout,52.54718,-2.033308,,,
43000973502,nwmtmwjm,Portway Road,52.551041,-2.026439,,,
43000973501,nwmpgwmw,Portway Road,52.551167,-2.026483,,,
43000973603,nwmtmgpt,Farmer Way,52.548042,-2.039591,,,
43000973602,nwmpgwpa,Farmer Way,52.548134,-2.039842,,,
43000973801,nwmtmwat,Prince George Road,52.565453,-2.014188,,,
43000973802,nwmtmwaw,Prince George Road,52.565353,-2.014232,,,
43000973901,nwmtmwda,Pine Avenue,52.562088,-2.01966,,,
43000973902,nwmtmwdg,Pine Avenue,52.561974,-2.019453,,,
43000974001,nwmtmwdj,Hawthorne Terrace,52.560551,-2.021222,,,
43000974002,nwmtmwdm,Hawthorne Terrace,52.56065,-2.021149,,,
43000974101,nwmpgwpg,Russell Street,52.551426,-2.018917,,,
43000974201,nwmpgwpj,Holyhead Road,52.549862,-2.018961,,,
43000974302,nwmwajtw,Russell Street,52.549953,-2.0202,,,
43000974301,nwmpgwpm,Russell Street,52.55014,-2.020834,,,
43000974407,nwmdtajt,Wednesbury Bus Station,52.552002,-2.024065,0.0,430G09744,G
43000974405,nwmdtajm,Wednesbury Bus Station,52.551716,-2.02377,0.0,430G09744,E
43000974410,nwmdtamd,Wednesbury Bus Station,52.552002,-2.023681,0.0,430G09744,J
43000974406,nwmdtajp,Wednesbury Bus Station,52.551842,-2.02402,0.0,430G09744,F
43000974401,nwmdtagw,Wednesbury Bus Station,52.552208,-2.02346,0.0,430G09744,A
43000974403,nwmdtajg,Wednesbury Bus Station,52.551868,-2.023209,0.0,430G09744,C
43000974412,nwmtjawd,Wednesbury Bus Station,52.551903,-2.023607,0.0,430G09744,L
43000974402,nwmdtaja,Wednesbury Bus Station,52.552048,-2.023209,0.0,430G09744,B
43000974501,nwmpgwpt,Clock Tower,52.552757,-2.019301,,,
43000975102,nwmpgwta,Meeting Street,52.554932,-2.023344,,,
43000975101,nwmpgwpw,Meeting Street,52.554611,-2.022901,,,
43000975202,nwmpgwtg,Church Hill,52.553703,-2.01942,,,
43000975201,nwmpgwtd,Church Hill,52.553558,-2.019936,,,
43000975301,nwmpgwtj,Addison Terrace,52.552113,-2.017325,,,
43000975401,nwmpgwtm,Corporation Street,52.55143,-2.01526,,,
43000975501,nwmtadgm,Oakeswell Street,52.553539,-2.013653,,,
43000975601,nwmpgwtp,Public Library,52.553585,-2.016337,,,
43000975602,nwmtpagj,Public Library,52.55373,-2.016323,,,
43000975701,nwmpgwtw,Windmill Street,52.555286,-2.013609,,,
43000975702,nwmpjada,Windmill Street,52.554306,-2.014332,,,
43000975802,nwmpjadj,Old Park Road,52.557056,-2.022622,,,
43000975801,nwmpjadg,Old Park Road,52.556633,-2.023418,,,
43000975901,nwmpjadm,Union Street,52.553188,-2.020201,,,
43000976001,nwmtjpjp,Queens Gardens,52.553043,-2.027104,,,
43000976102,nwmpjadt,Blakedon Road,52.556049,-2.025158,,,
43000976101,nwmpjadp,Blakedon Road,52.557304,-2.02628,,,
43000976201,nwmpjadw,Car Craft,52.55957,-2.028568,,,
43000976202,nwmpjaga,Car Craft,52.559093,-2.027919,,,
43000976301,nwmpjagd,Meeting Street,52.554363,-2.030497,,,
43000976302,nwmpjagj,Meeting Street,52.553864,-2.029066,,,
43000976501,nwmpjagt,Wesley Grove,52.555733,-2.029465,,,
43000976502,nwmpjagw,Wesley Grove,52.555912,-2.029937,,,
43000976601,nwmpjaja,Darlaston Road,52.560432,-2.030796,,,
43000976602,nwmpjajd,Darlaston Road,52.560677,-2.030442,,,
43000976901,nwmwadjm,Mark Road,52.555725,-2.026206,,,
43000977001,nwmpjajg,Birmingham Street,52.566628,-2.028543,,,
43000977002,nwmtmgpm,Birmingham Street,52.566753,-2.028351,,,
43000977101,nwmpjajm,Beaumont Road,52.558163,-2.019968,,,
43000977102,nwmpjajp,Beaumont Road,52.558296,-2.019835,,,
43000977202,nwmpjajw,Hobs Road,52.559978,-2.01752,,,
43000977201,nwmpjajt,Hobs Road,52.560059,-2.017107,,,
43000977302,nwmpjamd,Woden Road North,52.562855,-2.015824,,,
43000977301,nwmpjama,Woden Road North,52.562901,-2.016016,,,
43000977401,nwmpjamg,Beebee Road,52.56662,-2.015914,,,
43000977402,nwmpjamj,Beebee Road,52.566029,-2.015885,,,
43000977502,nwmwgwaj,Franchise Street,52.568787,-2.016476,,,
43000977501,nwmpjamp,Franchise Street,52.568573,-2.01649,,,
43000977602,nwmpjamw,Coleman Road,52.56308,-2.012018,,,
43000977601,nwmpjamt,Coleman Road,52.563179,-2.011886,,,
43000977701,nwmpjapa,Franchise Gardens,52.566395,-2.022922,,,
43000977702,nwmpjapd,Franchise Gardens,52.566307,-2.022701,,,
43000977802,nwmpjapj,Cobden Street,52.567501,-2.020429,,,
43000977801,nwmpjapg,Cobden Street,52.567287,-2.020488,,,
43000977901,nwmtadgt,Franchise Street,52.565254,-2.027686,,,
43000977902,nwmtadgw,Franchise Street,52.565495,-2.027436,,,
43000978102,nwmtwawm,Clarkson Road,52.556492,-2.011545,,,
43000978101,nwmpjapw,Clarkson Road,52.556759,-2.011353,,,
43000978201,nwmpjata,Barlow Road,52.56292,-2.008507,,,
43000978202,nwmpjatd,Barlow Road,52.562981,-2.007652,,,
43000978302,nwmpjatj,Hobs Road,52.559483,-2.008212,,,
43000978301,nwmpjatg,Hobs Road,52.560276,-2.007799,,,
43000978402,nwmtadjd,Vicarage Road,52.556713,-2.017695,,,
43000978401,nwmtadja,Vicarage Road,52.556767,-2.017813,,,
43000978502,nwmpjatp,Myvod Road,52.561165,-2.006943,,,
43000978501,nwmpjatm,Myvod Road,52.563034,-2.005616,,,
43000978602,nwmpjawa,Wood Green High School,52.56406,-2.004377,,,
43000978601,nwmpjatw,Wood Green High School,52.564014,-2.004642,,,
43000979101,nwmpjawd,Hydes Road,52.552166,-2.011263,,,
43000979202,nwmpjawj,Hamstead Terrace,52.552013,-2.008196,,,
43000979201,nwmpjawg,Hamstead Terrace,52.552265,-2.008196,,,
43000979302,nwmpjawp,St Lukes Road,52.553333,-2.005836,,,
43000979301,nwmpjawm,St Lukes Road,52.553558,-2.006028,,,
43000979402,nwmtadma,Shaftesbury Road,52.549343,-2.007133,,,
43000979401,nwmtadjw,Shaftesbury Road,52.55019,-2.008534,,,
43000979501,nwmpjawt,Wodensborough Ormiston Academy,52.547977,-2.004361,,,
43000979502,nwmpjdad,Wodensborough Ormiston Academy,52.547466,-2.002783,,,
43000979602,nwmtadmg,Hydes Road,52.549793,-2.009272,,,
43000979601,nwmtadmd,Hydes Road,52.5499,-2.00849,,,
43000980001,nwmpjdag,Stanway Road,52.532288,-1.986742,,,
43000980102,nwmpjdam,Health Campus,52.530067,-1.989249,,,
43000980101,nwmpjdaj,Health Campus,52.529934,-1.988984,,,
43000980203,nwmpjdaw,Church Vale,52.532722,-1.986875,,,
43000980201,nwmpjdap,Church Vale,52.53334,-1.986005,,,
43000980202,nwmpjdat,Church Vale,52.532902,-1.986772,,,
43000980301,nwmpjdga,Stanway Road,52.534035,-1.989897,,,
43000980302,nwmpjdgd,Stanway Road,52.533405,-1.990339,,,
43000980402,nwmpjdgj,Heath Lane,52.535095,-1.988821,,,
43000980501,nwmpjdgm,Heath Lane,52.536362,-1.986963,,,
43000980601,nwmpjdgp,Newton Street,52.536758,-1.983233,,,
43000980701,nwmpjdgt,Pennyhill Lane,52.538769,-1.982524,,,
43000980702,nwmpjdgw,Pennyhill Lane,52.537933,-1.982731,,,
43000980802,nwmpjdjd,Lyndhurst Road,52.538177,-1.986107,,,
43000980801,nwmpjdja,Lyndhurst Road,52.538601,-1.985989,,,
43000980901,nwmpjdjg,Dartmouth Golf Course,52.534393,-1.977543,,,
43000980902,nwmpjdjm,Dartmouth Golf Course,52.534672,-1.976378,,,
43000981001,nwmtjawt,Hollyhedge Road,52.534786,-1.982791,,,
43000981102,nwmpjdjt,Thursfield Road,52.539814,-1.985237,,,
43000981101,nwmpjdjp,Thursfield Road,52.539841,-1.98506,,,
43000981202,nwmpjdma,Marsh Lane,52.541656,-1.984381,,,
43000981201,nwmpjdjw,Marsh Lane,52.54285,-1.984292,,,
43000981301,nwmpjdmd,Pennyhill Primary School,52.541187,-1.981609,,,
43000981302,nwmpjdmg,Pennyhill Primary School,52.540424,-1.981683,,,
43000981401,nwmpjdmj,Charlemont Avenue,52.542248,-1.980473,,,
43000981501,nwmpjdmp,Bustleholme Lane,52.543686,-1.98121,,,
43000981601,nwmpjdmw,Lincoln Road,52.544487,-1.987314,,,
43000981602,nwmpjdpa,Lincoln Road,52.54446,-1.987831,,,
43000981702,nwmpjdpg,Jervoise Lane,52.545227,-1.983097,,,
43000981701,nwmpjdpd,Jervoise Lane,52.545341,-1.983023,,,
43000981801,nwmpjdpm,Holy Cross Church,52.545792,-1.986695,,,
43000981802,nwmpjdpt,Holy Cross Church,52.546017,-1.98724,,,
43000981902,nwmtjmda,Bustleholme Lane,52.544037,-1.982036,,,
43000982002,nwmtjtjg,Millersdale Drive,52.55085,-1.976016,,,
43000982001,nwmtjtjd,Millersdale Drive,52.55069,-1.976089,,,
43000982101,nwmpjdpw,Smithmoor Crescent,52.543282,-1.9772,,,
43000982102,nwmpjdta,Smithmoor Crescent,52.543552,-1.976786,,,
43000982202,nwmpjdtg,Shops,52.545097,-1.975031,,,
43000982201,nwmpjdtd,Shops,52.544613,-1.975577,,,
43000982401,nwmpjdtm,Beacon View House,52.547329,-1.974617,,,
43000982402,nwmpjdtp,Beacon View House,52.547668,-1.974543,,,
43000982502,nwmpjdwa,Wyndmill Crescent,52.549397,-1.97404,,,
43000982501,nwmpjdtw,Wyndmill Crescent,52.549213,-1.974011,,,
43000982602,nwmtadpj,Hartland Road,52.537907,-1.978264,,,
43000982601,nwmtadpg,Hartland Road,52.537773,-1.978308,,,
43000982701,nwmtadpm,River Bridge,52.542797,-1.971331,,,
43000982801,nwmtadpw,Manorford Avenue,52.548092,-1.970531,,,
43000982802,nwmtadta,Manorford Avenue,52.548351,-1.970074,,,
43000982901,nwmtadtd,Wigmore Lane,52.541611,-1.971583,,,
43000983102,nwmpjdwg,Sandfield Road,52.549324,-1.980765,,,
43000983101,nwmpjdwd,Sandfield Road,52.549683,-1.980927,,,
43000983305,nwmpjdwt,Hall Green Road,52.545898,-1.984247,,,
43000983304,nwmpjdwp,Hall Green Road,52.546017,-1.984158,,,
43000983403,nwmtmgdw,Stone Cross,52.545296,-1.984026,,,
43000983501,nwmtmgdt,Walsall Road,52.544247,-1.984321,,,
43000983601,nwmtmtwa,Somerset Crescent,52.558189,-1.992443,,,
43000983802,nwmtmwdt,Pound Road,52.554199,-2.010821,,,
43000983801,nwmtmwdp,Pound Road,52.554115,-2.010703,,,
43000984102,nwmpjgag,Tame Bridge,52.557549,-1.974448,,,
43000984101,nwmpjgad,Tame Bridge,52.556515,-1.974478,,,
43000984202,nwmpjgam,West Bromwich Road,52.559273,-1.973783,,,
43000984201,nwmpjgaj,West Bromwich Road,52.559059,-1.973518,,,
43000984302,nwmpjgat,Poplar Avenue,52.559326,-1.970376,,,
43000984301,nwmpjgap,Poplar Avenue,52.559509,-1.970641,,,
43000984401,nwmtadtj,Acacia Avenue,52.559399,-1.968281,,,
43000984402,nwmdpdmt,Acacia Avenue,52.559544,-1.968119,,,
43000984502,nwmpjgda,Fir Tree Schools,52.559261,-1.963546,,,
43000984501,nwmpjgaw,Fir Tree Schools,52.559353,-1.964889,,,
43000984601,nwmpjgdg,Plane Tree Road,52.558659,-1.961113,,,
43000984602,nwmpjgdj,Plane Tree Road,52.558544,-1.960287,,,
43000984701,nwmpjgdm,Cypress Road,52.560852,-1.956199,,,
43000984702,nwmpjgdp,Cypress Road,52.560932,-1.954016,,,
43000984801,nwmpjgdt,Alder Crescent,52.560932,-1.959946,,,
43000984901,nwmpjgja,Cedar Close,52.561707,-1.961863,,,
43000985001,nwmtjmaw,Heath Lane,52.538105,-1.993125,,,
43000985101,nwmpjgjd,Hospital,52.536175,-1.990073,,,
43000985102,nwmpjgjg,Hospital,52.536846,-1.990516,,,
43000985201,nwmpjgjm,Heath Lane,52.539536,-1.991931,,,
43000985202,nwmpjgjp,Heath Lane,52.53978,-1.99168,,,
43000985302,nwmtadtp,Painswick Close,52.55669,-1.962649,,,
43000985301,nwmtadtm,Painswick Close,52.556934,-1.962855,,,
43000985401,nwmtmwtm,Rutland Road,52.537071,-1.994585,,,
43000985402,nwmtmwtp,Rutland Road,52.536892,-1.994599,,,
43000985502,nwmtpada,Hydes Road,52.548389,-2.007457,,,
43000985501,nwmtmwtw,Hydes Road,52.548553,-2.007104,,,
43000985701,nwmwadjw,Myvod Road,52.563835,-2.015869,,,
43000986101,nwmpjgjt,Marsh Lane,52.541405,-1.990898,,,
43000986102,nwmpjgjw,Marsh Lane,52.541279,-1.991267,,,
43000986202,nwmpjgmd,Canterbury Road,52.543823,-1.991119,,,
43000986201,nwmpjgma,Canterbury Road,52.543499,-1.991016,,,
43000986301,nwmpjgmg,Crankhall Lane,52.546474,-1.990484,,,
43000986402,nwmpjgmj,Moorlands Road,52.545372,-1.997135,,,
43000987102,nwmpjgmt,Byron Street,52.530556,-2.004948,,,
43000987101,nwmpjgmp,Byron Street,52.530823,-2.004285,,,
43000987201,nwmpjgmw,Gladstone Street,52.531105,-2.000732,,,
43000987202,nwmpjgpa,Gladstone Street,52.531139,-2.001676,,,
43000987302,nwmpjgpg,All Saints Primary School,52.532066,-1.995293,,,
43000987301,nwmpjgpd,All Saints Primary School,52.531967,-1.994423,,,
43000987402,nwmpjgpm,Vicarage Road,52.532444,-1.992949,,,
43000987401,nwmpjgpj,Vicarage Road,52.532558,-1.993184,,,
43000987502,nwmpjgpw,Rutland Road,52.534851,-1.995292,,,
43000987501,nwmpjgpt,Rutland Road,52.535427,-1.996324,,,
43000987601,nwmpjgta,Kesteven Road,52.536255,-1.998919,,,
43000987602,nwmpjgtd,Kesteven Road,52.536091,-1.998241,,,
43000987701,nwmpjgtg,Coach and Horses,52.538269,-1.99771,,,
43000987702,nwmpjgtj,Coach and Horses,52.538078,-1.998049,,,
43000987801,nwmpjgtm,Allerton Lane,52.53949,-1.999524,,,
43000987802,nwmpjgtp,Allerton Lane,52.539265,-1.998506,,,
43000987901,nwmpjgwa,Willis Avenue,52.540462,-2.003033,,,
43000988102,nwmpjgwg,Gordon Avenue,52.542683,-2.001559,,,
43000988101,nwmpjgwd,Gordon Avenue,52.542465,-2.001308,,,
43000988202,nwmpjgwm,Millfields Road,52.544552,-2.000969,,,
43000988201,nwmpjgwj,Millfields Road,52.544994,-2.00088,,,
43000988302,nwmpjgwt,Griffiths Road,52.54565,-2.000762,,,
43000988301,nwmpjgwp,Griffiths Road,52.545837,-2.000733,,,
43000988901,nwmtadwa,Berkshire Crescent,52.560951,-1.994729,,,
43000988902,nwmtadwd,Berkshire Crescent,52.561085,-1.994552,,,
43000989102,nwmpjmag,Bissell Drive,52.554703,-2.004892,,,
43000989101,nwmpjmad,Bissell Drive,52.555096,-2.003993,,,
43000989202,nwmpjmam,Woden Road East,52.556156,-2.002724,,,
43000989201,nwmpjmaj,Woden Road East,52.556221,-2.002532,,,
43000989301,nwmpjmap,Park Hill,52.558632,-2.002356,,,
43000989401,nwmpjmat,Park Hill,52.558506,-1.996367,,,
43000989502,nwmpjmda,Suffolk Road,52.557056,-1.996913,,,
43000989501,nwmpjmaw,Suffolk Road,52.556786,-1.996854,,,
43000989601,nwmpjmdg,Freeman Road,52.553909,-1.996692,,,
43000989602,nwmpjmdj,Freeman Road,52.553822,-1.996647,,,
43000989701,nwmpjmdm,Keir Road,52.552139,-1.991707,,,
43000989802,nwmpjmdt,Carisbrooke Road,52.549622,-1.99274,,,
43000989801,nwmpjmdp,Carisbrooke Road,52.549953,-1.992754,,,
43000990001,nwmtpdmd,Oaktree Road,52.556572,-2.002311,,,
43001001001,nwmwajpa,Anglian Way,52.402794,-1.486736,,,
43001003001,nwmwgapt,Somerset Road,52.418495,-1.513757,,,
43001006501,nwmwgmtd,Croft Road,52.407166,-1.515836,,,
43001006502,nwmwgmtg,Croft Road,52.407032,-1.515529,,,
43001024101,nwmwatag,Foleshill Road,52.437733,-1.491495,,,
43001024102,nwmwataj,Foleshill Road,52.437786,-1.491465,,,
43001024802,nwmwapmg,Glenmore Drive,52.454262,-1.490643,,,
43001024801,nwmwapmd,Glenmore Drive,52.454205,-1.490673,,,
43001025501,nwmwajwm,Old Fire Station,52.41066,-1.508109,,,
43001026601,nwmwamgw,New Road,52.437626,-1.531242,,,
43001026602,nwmwamja,New Road,52.437428,-1.531406,,,
43001027002,nwmpjmgm,Brownshill Green Road,52.428101,-1.528093,,,
43001030001,nwmpjmgp,Old Church Road,52.435989,-1.473467,,,
43001032002,nwmpjmgt,Hawkesbury Lane,52.453617,-1.462602,,,
43001032102,nwmwawmt,Farmcote Road,52.449696,-1.474422,,,
43001032101,nwmtpmtd,Farmcote Road,52.449139,-1.472677,,,
43001033001,nwmwgptd,Logan Road,52.429813,-1.457671,,,
43001035002,nwmpjmgw,Hans Close,52.41605,-1.490406,,,
43001035003,nwmwjamp,Hans Close,52.416241,-1.490198,,,
43001035501,nwmpjmja,Stoke Heath Wharf,52.419899,-1.487994,,,
43001035801,nwmwgpag,Hugh Road,52.404968,-1.486535,,,
43001036101,nwmtpwpg,Newlands Court,52.403927,-1.486988,,,
43001036201,nwmtpwpj,Stoke Coventry Club,52.404789,-1.480393,,,
43001036301,nwmtwpwa,Farren Road,52.416401,-1.459746,,,
43001036501,nwmpjmjg,Blackberry Lane,52.425304,-1.474491,,,
43001036602,nwmtjatj,Dennis Road,52.423405,-1.473748,,,
43001036601,nwmtjatg,Dennis Road,52.423729,-1.474127,,,
43001036701,nwmtjatd,Armscott Road,52.421391,-1.471596,,,
43001036802,nwmtpmta,Dennis Road,52.418636,-1.474849,,,
43001036801,nwmtpmpw,Dennis Road,52.419044,-1.475594,,,
43001040003,nwmwgatg,Round House Road,52.397797,-1.480842,,,
43001040002,nwmpjmjm,Round House Road,52.397911,-1.480797,,,
43001045401,nwmwatmw,Rannock Close,52.404144,-1.443491,,,
43001050602,nwmtjapj,Shirebrook Close,52.439152,-1.459248,,,
43001050601,nwmtjapg,Shirebrook Close,52.43935,-1.45926,,,
43001050701,nwmtjaja,Copper Beech Close,52.43782,-1.495598,,,
43001050702,nwmtjajd,Copper Beech Close,52.438133,-1.495389,,,
43001051002,nwmpjmjp,Elsie Jones House,52.399548,-1.53016,,,
43001051501,nwmpjmjt,Earlsdon Library,52.400269,-1.530506,,,
43001052002,nwmpjmpa,Kingston Road,52.40453,-1.5349,,,
43001052503,nwmpjmpd,Sovereign Road,52.405441,-1.53367,,,
43001053003,nwmpjmpg,New Spires,52.412663,-1.548443,,,
43001053004,nwmtjwma,New Spires,52.413067,-1.548306,,,
43001053502,nwmpjmpj,Starley Gardens,52.408016,-1.503772,,,
43001053503,nwmwjapw,Starley Gardens,52.408493,-1.503488,,,
43001053504,nwmwjata,Starley Gardens,52.407352,-1.503853,,,
43001054401,nwmwgjwg,Ironmonger Square,52.409016,-1.510288,,,
43001054702,nwmwgpjg,Silver Birch Avenue,52.395054,-1.555896,,,
43001054701,nwmwgpjm,Silver Birch Avenue,52.395161,-1.555837,,,
43001055001,nwmptgpw,John Ross Avenue,52.394981,-1.563642,,,
43001055101,nwmptgta,Sheriff Avenue,52.391323,-1.563002,,,
43001055102,nwmtgmam,Sheriff Avenue,52.391518,-1.563132,,,
43001055301,nwmptgtd,John Ross Avenue,52.394779,-1.564114,,,
43001055401,nwmtgmap,Westwood Academy,52.389709,-1.56988,,,
43001055601,nwmptgtg,Palmer & Harvey,52.400726,-1.546492,,,
43001055901,nwmwgtwj,Mitchell Avenue,52.388069,-1.568985,,,
43001056001,nwmpjmtd,Astoria Drive,52.413406,-1.59729,,,
43001056101,nwmtwtwp,The Woodlands School,52.413048,-1.589766,,,
43001056302,nwmwgtmd,Mannion Avenue,52.438889,-1.486701,,,
43001056301,nwmwgtma,Mannion Avenue,52.438557,-1.48669,,,
43001056503,nwmtpgwg,Penny Park Lane,52.446384,-1.520482,,,
43001056502,nwmpjmtg,Penny Park Lane,52.446445,-1.520629,,,
43001056802,nwmtjagd,President Kennedy School,52.448284,-1.518843,,,
43001057001,nwmptgtj,Culworth Row,52.431213,-1.497424,,,
43001057002,nwmtgtad,Culworth Row,52.431042,-1.497382,,,
43001057101,nwmtjtgm,Nunts Lane,52.450401,-1.511302,,,
43001057102,nwmtjtgp,Nunts Lane,52.450058,-1.511555,,,
43001057201,nwmwgapd,The Oaklands,52.407715,-1.573704,,,
43001058301,nwmwgmwa,Jubilee Crescent,52.431824,-1.517199,,,
43001058501,nwmptgtw,St Francis Church,52.431133,-1.51978,,,
43001059101,nwmtpgwt,All Saints Square,52.408051,-1.496613,,,
43001059202,nwmpjmtw,Cornelius Street,52.396633,-1.503429,,,
43001059203,nwmwawmg,Cornelius Street,52.396713,-1.503531,,,
43001059401,nwmpjmwd,Finham Park School,52.380867,-1.526083,,,
43001059402,nwmwgmtm,Finham Park School,52.380108,-1.525062,,,
43001059602,nwmpjmwj,Stretton Academy,52.383762,-1.470692,,,
43001059702,nwmtjgwa,The New Haven,52.387676,-1.506571,,,
43001059701,nwmtjgtw,The New Haven,52.387566,-1.506587,,,
43001059802,nwmtjgwg,Ridgeway Avenue,52.385166,-1.513269,,,
43001059801,nwmtjgwd,Ridgeway Avenue,52.384914,-1.513536,,,
43001060103,nwmtpmwm,Tesco Extra,52.443588,-1.490354,0.0,430G10601,AC
43001060105,nwmtpmwt,Tesco Extra,52.443291,-1.490137,0.0,430G10601,AE
43001060104,nwmtpmwp,Tesco Extra,52.443424,-1.490106,0.0,430G10601,AD
43001060102,nwmtpmwj,Tesco Extra,52.443398,-1.490444,0.0,430G10601,AB
43001060302,nwmwamwa,Cecily Road,52.391773,-1.4979,,,
43001060301,nwmtpjgw,Cecily Road,52.39217,-1.49788,,,
43001060401,nwmtpjma,Seneschal Road,52.389194,-1.497929,,,
43001060701,nwmwamad,Longford Bridge,52.44574,-1.487313,,,
43001060801,nwmtptmj,Westwood Way,52.385319,-1.566587,,,
43001061002,nwmpjmwp,Spencer Avenue,52.399418,-1.520711,,,
43001061101,nwmwagdm,Canley Road,52.390732,-1.547475,,,
43001061301,nwmwgmwp,Barnack Avenue,52.386127,-1.517446,,,
43001061501,nwmpjmwt,Renaissance Court,52.38414,-1.528531,,,
43001061802,nwmwgmpw,Kenpas Highway,52.383408,-1.529626,,,
43001062202,nwmwgmpm,Medland Avenue,52.381527,-1.531629,,,
43001064004,nwmpjpam,Fletchamstead Highway,52.385689,-1.535611,,,
43001064501,nwmwgtjt,Bishop Ullathorne School,52.379642,-1.534954,,,
43001066201,nwmwjmpj,Marcot Road Hail+Ride,52.456512,-1.798146,,,
43001066202,nwmwjmpm,Marcot Road Hail+Ride,52.456268,-1.797985,,,
43001070001,nwmpjpap,James Green Road,52.406284,-1.581112,,,
43001070102,nwmtpmpt,Delius Street,52.408546,-1.580679,,,
43001070101,nwmtpmpm,Delius Street,52.407986,-1.581699,,,
43001071403,nwmpjpda,Harewood Road,52.407154,-1.555805,,,
43001071404,nwmdpdap,Harewood Road,52.407146,-1.555952,,,
43001071501,nwmtwjgp,Lyndale Close,52.409542,-1.55534,,,
43001071603,nwmpjpdg,Ettington Road,52.41032,-1.574032,,,
43001073401,nwmtwjtd,Shetland Close,52.416077,-1.574564,,,
43001075802,nwmwgpta,William Bree Road,52.417915,-1.599043,,,
43001075801,nwmwatpd,William Bree Road,52.417862,-1.599279,,,
43001080002,nwmpjpdm,The Maudsley,52.408367,-1.539608,,,
43001080001,nwmpjpdj,The Maudsley,52.408272,-1.539903,,,
43001081002,nwmpjpdp,Woodclose Avenue,52.421513,-1.535589,,,
43001081501,nwmpjpdt,Coundon Primary School,52.420719,-1.539229,,,
43001085502,nwmpjpga,Wilsons Arms,52.390144,-1.736686,,,
43001093001,nwmwgwdw,Robert Close,52.379971,-1.467505,,,
43001095001,nwmwgpaj,Jaguar Works,52.385639,-1.491107,,,
43001101301,nwmptjam,Droylesdon Park Road,52.373337,-1.518246,,,
43001101401,nwmtdwmw,Howes Lane,52.376652,-1.505959,,,
43001101402,nwmtdwpa,Howes Lane,52.376892,-1.506147,,,
43001101501,nwmwgjtg,Whitestitch Lane,52.444588,-1.652399,,,
43001101701,nwmtwamg,Meschines Street,52.388447,-1.50668,,,
43001101902,nwmtwapd,Esher Drive,52.39053,-1.49737,,,
43001101901,nwmtwamj,Esher Drive,52.39056,-1.497649,,,
43001102002,nwmwadwg,Ulverscroft Road,52.38921,-1.506054,,,
43001102001,nwmwadwd,Ulverscroft Road,52.389282,-1.506142,,,
43001103002,nwmwdwmd,Campion Close,52.38615,-1.503164,,,
43001103001,nwmwdwma,Campion Close,52.38633,-1.503089,,,
43001105001,nwmpjpgj,Coventry Road,52.409332,-1.639239,,,
43001105002,nwmwjmdm,Coventry Road,52.409199,-1.639313,,,
43001106702,nwmwdtmg,Burberry Grove,52.389069,-1.657462,,,
43001106701,nwmpjpgp,Burberry Grove,52.389221,-1.657667,,,
43001106901,nwmwgdpg,Shenstone Drive,52.387222,-1.662384,,,
43001130101,nwmpjpgt,Near Dorridge Station,52.371975,-1.753935,,,
43001130102,nwmagwmw,Near Dorridge Station,52.371986,-1.754053,,,
43001173101,nwmwdwta,St Johns Close,52.386406,-1.736753,,,
43001203601,nwmptjap,Box Trees Road,52.363697,-1.781105,,,
43001203602,nwmtwmwd,Box Trees Road,52.363678,-1.781414,,,
43001203902,nwmwgtjw,Lee Gardens,52.490055,-1.9835,,,
43001203901,nwmwgtjp,Lee Gardens,52.490421,-1.983956,,,
43001240101,nwmptjat,Norton Lane,52.379242,-1.860623,,,
43001240102,nwmwgwjd,Norton Lane,52.379124,-1.860182,,,
43001242001,nwmwdpta,Campion Way,52.385178,-1.839403,,,
43001242302,nwmwdpwp,Whitefields Road,52.406757,-1.784627,,,
43001242301,nwmwdpwm,Whitefields Road,52.407852,-1.785416,,,
43001242402,nwmwdtad,Princes Way,52.410645,-1.783521,,,
43001242401,nwmwdpwt,Princes Way,52.410755,-1.783623,,,
43001242501,nwmwdptj,Boundary Lane,52.387474,-1.837411,,,
43001242601,nwmwdptm,Calcutt Way,52.387222,-1.837383,,,
43001242701,nwmwdpmt,Tanworth Lane,52.391819,-1.826786,,,
43001242702,nwmwdpmw,Tanworth Lane,52.391773,-1.826609,,,
43001242801,nwmwdptp,Tythe Barn Lane,52.387569,-1.834927,,,
43001242802,nwmagtdj,Tythe Barn Lane,52.387203,-1.834679,,,
43001300002,nwmpjpgw,Four Ashes Road,52.386513,-1.761995,,,
43001314601,nwmagwpm,Chace Avenue,52.384735,-1.474897,,,
43001314901,nwmagtat,The Spinney,52.403687,-1.93282,,,
43001316001,nwmagwtg,Pembury Avenue,52.448444,-1.484265,,,
43001316201,nwmadatd,Village Centre,52.504505,-1.749176,,,
43001316202,nwmagpjm,Village Centre,52.504101,-1.749046,,,
43001316301,nwmagpjt,St Marks Church,52.584763,-2.137358,,,
43001316802,nwmagptj,Wrenbury Drive,52.572884,-2.054988,,,
43001316901,nwmagptm,Alexandra Road,52.529968,-2.051691,,,
43001317101,nwmagpwp,Scarman Road,52.382717,-1.564937,,,
43001317102,nwmagpwt,Scarman Road,52.383213,-1.565741,,,
43001317501,nwmajadg,Fulford Hall Road,52.376736,-1.855137,,,
43001317601,nwmagwmg,Dickens Heath Road,52.381195,-1.85358,,,
43001319001,nwmagtgj,Commonside,52.620575,-1.969714,,,
43001319101,nwmagtmw,Hillwood,52.623112,-1.975045,,,
43001319201,nwmagtpa,Hillside Crescent,52.624001,-1.977541,,,
43001320002,nwmapatg,Tower Rise,52.500107,-2.042375,,,
43001320001,nwmapata,Tower Rise,52.500439,-2.041418,,,
43001320401,nwmapatj,Bridgeside Close,52.638638,-1.929803,,,
43001320402,nwmapatp,Bridgeside Close,52.638744,-1.92964,,,
43001320501,nwmapatw,Bloxwich Road South,52.593815,-2.05187,,,
43001320602,nwmajgwm,Old Town Lane,52.631104,-1.969869,,,
43001320601,nwmapatd,Old Town Lane,52.631191,-1.969869,,,
43001321002,nwmtpmja,Solihull Business Park,52.394245,-1.802543,,,
43001321001,nwmpwjdp,Solihull Business Park,52.394318,-1.802851,,,
43001321301,nwmapawg,Speedwell Road,52.461029,-1.836863,,,
43001322001,nwmdmgjd,Hallet Drive,52.582088,-2.134369,,,
43001322101,nwmdmgjp,Burnside Gardens,52.567905,-1.945348,,,
43001322503,nwmwjdtp,Jaguar Land Rover,52.364441,-1.66241,,,
43001322601,nwmwtwdm,Winthorpe Drive,52.398712,-1.776921,,,
43001322602,nwmwtwdj,Winthorpe Drive,52.39777,-1.777293,,,
43001322701,nwmwtwam,Grovefield Crescent,52.398159,-1.648103,,,
43001322702,nwmwtwaj,Grovefield Crescent,52.39822,-1.648015,,,
43001322801,nwmwtwad,Rookery Street,52.59811,-2.083675,,,
43001322802,nwmwtpwt,Rookery Street,52.597984,-2.083867,,,
43001323401,nwmwtpwm,Pilot Way,52.43153,-1.40695,,,
43001324401,nwmwtpwg,Wentworth Way,52.44664,-1.970392,,,
43001324402,nwmwtpwd,Wentworth Way,52.446236,-1.971451,,,
43001326701,nwmajajg,Townsend Way,52.481518,-1.914136,,,
43001326801,nwmwtwpm,Aldwych Close,52.613106,-1.913982,,,
43001326802,nwmwtwpj,Aldwych Close,52.6134,-1.913775,,,
43001326901,nwmwtwpg,Golden End Drive,52.386593,-1.724012,,,
43001326902,nwmwtwpd,Golden End Drive,52.386635,-1.72341,,,
43001327001,nwmatadw,Eel Street,52.500057,-2.022709,,,
43001327002,nwmawdmg,Eel Street,52.50024,-2.021384,,,
43001327102,nwmapdgm,Newland Gardens,52.46637,-2.07399,,,
43001327101,nwmapdgd,Newland Gardens,52.466541,-2.07318,,,
43001327201,nwmawgpd,New Square,52.520657,-1.988072,,,
43001327202,nwmawptj,New Square,52.521034,-1.988853,,,
43001327301,nwmwtwjw,Summerfield Avenue,52.522392,-1.992463,,,
43001327302,nwmdmgdw,Summerfield Avenue,52.522274,-1.992346,,,
43001327501,nwmawgdg,Moat Croft,52.478168,-1.746646,,,
43001327601,nwmawpmt,Ilkley Grove,52.476753,-1.757417,,,
43001327602,nwmdmgdg,Ilkley Grove,52.477131,-1.757915,,,
43001327702,nwmdmpam,High Oak Surgery,52.500797,-2.131101,,,
43001327701,nwmdmjwt,High Oak Surgery,52.500996,-2.13007,,,
43001327901,nwmdmpdt,Crychan Close,52.404045,-2.00352,,,
43001327902,nwmwtgat,Crychan Close,52.404541,-2.002873,,,
43001328001,nwmwtgda,Beech Park Rd,52.406437,-2.002124,,,
43001328002,nwmwtgdj,Beech Park Rd,52.406025,-2.002094,,,
43001329401,nwmwgwtm,Slingfield Road,52.402287,-1.954399,,,
43001329402,nwmwgwtp,Slingfield Road,52.402187,-1.954325,,,
43001330802,nwmwtptw,Coundon Green,52.435867,-1.539115,,,
43001330801,nwmwtpwa,Coundon Green,52.43557,-1.539044,,,
43001330901,nwmwtptp,King Edward VI Five Ways School,52.43045,-1.999846,,,
43001331501,nwmwtpmg,Crescent Theatre,52.477242,-1.915587,,,
43001331601,nwmwtpmd,King Richard Street,52.410389,-1.490956,,,
43001331701,nwmwtpma,Britannia St,52.410103,-1.48893,,,
43001331801,nwmwtpjp,Darwall Street,52.586731,-1.979273,,,
43001332003,nwmwtpgp,Elliott Road,52.440228,-1.939444,,,
43001332401,nwmwtpdt,Gould Firm Lane,52.602745,-1.896151,,,
43001332402,nwmwtpdp,Gould Firm Lane,52.602562,-1.895974,,,
43001332601,nwmwtmwp,Shenley Fields Drive,52.434772,-1.978578,,,
43001332602,nwmjadjd,Shenley Fields Drive,52.434368,-1.978931,,,
43001332701,nwmwtmwm,Bartley Drive,52.433498,-1.984535,,,
43001332702,nwmwtmwj,Bartley Drive,52.433697,-1.984197,,,
43001332801,nwmwtmtw,Blackfirs Lane,52.463509,-1.723592,,,
43001332802,nwmwtmtp,Blackfirs Lane,52.463524,-1.723151,,,
43001333801,nwmagwjm,Battery Retail Park,52.441494,-1.94059,,,
43001333802,nwmagwjw,Battery Retail Park,52.44109,-1.939031,,,
43001333901,nwmagwma,Chadwick Road,52.566479,-1.793053,,,
43001334701,nwmdmgma,Manor Farm Drive,52.488468,-1.812874,,,
43001334801,nwmdmgmd,Teviot Grove,52.399437,-1.93578,,,
43001335001,nwmdmpgp,Holly Court,52.373436,-1.655071,,,
43001335002,nwmdmpgt,Holly Court,52.373402,-1.654851,,,
43001336401,nwmdtamt,Balham Grove,52.550392,-1.882824,,,
43001336402,nwmdtamw,Balham Grove,52.549625,-1.882177,,,
43001336501,nwmdtapa,Firbeck Road,52.547638,-1.881047,,,
43001336502,nwmdtdap,Firbeck Road,52.547665,-1.88118,,,
43001336601,nwmdtdat,Sidcup Road,52.544815,-1.87933,,,
43001336602,nwmdtdga,Sidcup Road,52.545128,-1.879771,,,
43001336701,nwmdtgda,The Kingfisher,52.499645,-1.791451,,,
43001336702,nwmdtgdg,The Kingfisher,52.499706,-1.791584,,,
43001336801,nwmdtmdw,Ashville Avenue,52.502056,-1.793797,,,
43001336901,nwmdtmga,Hernefield Road,52.501011,-1.792181,,,
43001337601,nwmwjatm,Edmund Street,52.480927,-1.903389,,,
43001337801,nwmwjawj,Peddimore Lane,52.536121,-1.774958,,,
43001337802,nwmwjawm,Peddimore Lane,52.53595,-1.77487,,,
43001338001,nwmwjawt,Amazon Warehouse,52.534702,-1.76528,,,
43001338101,nwmwjdad,Ednam Road,52.512321,-2.083925,,,
43001338102,nwmwjdag,Ednam Road,52.512562,-2.08422,,,
43001338103,nwmwjgdp,Ednam Road,52.512939,-2.08481,,,
43001338201,nwmwjdaj,Evolve Campus,52.5126,-2.08198,,,
43001338202,nwmwjdam,Evolve Campus,52.512402,-2.082172,,,
43001338203,nwmwjdap,Evolve Campus,52.512249,-2.082334,,,
43001338204,nwmwjdat,Evolve Campus,52.512051,-2.082554,,,
43001338401,nwmampmp,Walker Drive,52.508236,-1.850184,,,
43001338402,nwmampmj,Walker Drive,52.508335,-1.850994,,,
43001338501,nwmwjdgt,Woodview Drive,52.373055,-1.802079,,,
43001338502,nwmwjdgw,Woodview Drive,52.372662,-1.803226,,,
43001338601,nwmwjdja,John Wyatt Drive,52.368813,-1.802201,,,
43001338602,nwmwjdjd,John Wyatt Drive,52.369076,-1.802948,,,
43001340701,nwmwjdma,Langstone Road,52.41106,-1.868933,,,
43001341701,nwmawawt,South and City College,52.395966,-1.988264,,,
43001342001,nwmwjdpa,Seva School,52.432762,-1.436042,,,
43001342101,nwmwjdpj,Hurlingham Road,52.543297,-1.880528,,,
43001342102,nwmwjdpm,Hurlingham Road,52.543297,-1.88013,,,
43001343001,nwmwjdmg,Midland Met Hospital,52.49017,-1.949582,,,
43001343002,nwmwjdmj,Midland Met Hospital,52.490402,-1.948654,,,
43001343003,nwmwjdmp,Midland Met Hospital,52.49033,-1.948404,,,
43001343004,nwmwjdmt,Midland Met Hospital,52.488811,-1.949687,,,
43001343006,nwmwjdpt,Midland Met Hospital,52.487724,-1.948304,,,
43001343101,nwmwjdpw,Green Lane,52.454891,-2.116984,,,
43001343102,nwmwjdta,Green Lane,52.454693,-2.116586,,,
43001343201,nwmwjdtj,Sytner Car Dealerships,52.508118,-1.817917,,,
43001343202,nwmwjdtm,Sytner Car Dealerships,52.507851,-1.818154,,,
43001343301,nwmwjdwd,Lewis Street,52.529694,-2.03782,,,
43001343401,nwmwjdwg,Ashley Drive,52.395512,-1.643892,,,
43001343601,nwmwjdwp,Bluebellwood Close,52.554459,-1.793979,,,
43001343602,nwmwjdwt,Bluebellwood Close,52.554523,-1.794023,,,
43001343701,nwmwjgad,Langley Heath Drive,52.555336,-1.796069,,,
43001343702,nwmwjgag,Langley Heath Drive,52.555244,-1.796129,,,
43001343801,nwmwjgaj,Monks Kirby Road,52.556049,-1.798972,,,
43001343802,nwmwjgam,Monks Kirby Road,52.555969,-1.799031,,,
43001343901,nwmwjmgt,Cato Street,52.488544,-1.869883,,,
43001343902,nwmwjmgw,Cato Street,52.488537,-1.869486,,,
43001344001,nwmwjgaw,North Street,52.508774,-2.078113,,,
43001344002,nwmwjgda,North Street,52.508736,-2.078202,,,
43001344101,nwmwjgjm,Aylesbury Road Hail+Ride,52.355759,-1.772041,,,
43001344201,nwmwjgmd,Raleigh Road,52.555252,-2.060423,,,
43001344202,nwmwjgmg,Raleigh Road,52.555351,-2.060527,,,
43001344301,nwmwjgmj,Birmingham Road,52.476078,-2.038318,,,
43001344401,nwmwjgmp,Park Street,52.474945,-2.038022,,,
43001344501,nwmwjgmt,Payne Street,52.475117,-2.041158,,,
43001344601,nwmwjmaw,Adelaide Avenue,52.537025,-2.012276,,,
43001344801,nwmwjmdg,Lavender Close,52.414616,-1.894431,,,
43001344802,nwmwjmdj,Lavender Close,52.414581,-1.893181,,,
43001344901,nwmwjmdp,Maypole Grove,52.405972,-1.869006,,,
43001344902,nwmwjmdt,Maypole Grove,52.406727,-1.868931,,,
43001345101,nwmwjmga,Delrene Road Hail+Ride,52.412132,-1.841937,,,
43001345102,nwmwjmgd,Delrene Road Hail+Ride,52.411942,-1.841791,,,
43001345201,nwmwjmgj,Warstock Road Hail+Ride,52.413345,-1.878673,,,
43001345202,nwmwjmgm,Warstock Road Hail+Ride,52.412983,-1.878645,,,
43001348601,nwmwjmja,Warren Road,52.496544,-1.852036,,,
43001348602,nwmwjmjd,Warren Road,52.496426,-1.851801,,,
43001348701,nwmwjmjg,Arley Road,52.497688,-1.854684,,,
43001348702,nwmwjmjm,Arley Road,52.497742,-1.85433,,,
43001348801,nwmwjmjw,Dudley Road,52.4972,-2.067354,,,
43001348901,nwmwjmpa,Carver Gardens,52.442776,-2.160514,,,
43001348902,nwmwjmpd,Carver Gardens,52.442955,-2.160058,,,
43001349101,nwmwjmpg,Cedar Grove,52.570992,-2.153723,,,
43001349201,nwmwjmpt,Edale Close,52.554096,-2.114446,,,
43001349202,nwmwjmpw,Edale Close,52.554054,-2.114682,,,
43001349301,nwmwjmta,Farrington Road,52.550064,-2.111958,,,
43001349302,nwmwjmtd,Farrington Road,52.549957,-2.111869,,,
43001352601,nwmwjmtj,Norwood Road Hail+Ride,52.483303,-2.131078,,,
43001352602,nwmwjmtm,Norwood Road Hail+Ride,52.483318,-2.130945,,,
43001352701,nwmwjmtp,Eggington Road Hail+Ride,52.462402,-2.165266,,,
43001352702,nwmwjmtw,Eggington Road Hail+Ride,52.462437,-2.165074,,,
43001352801,nwmwjmwa,Meriden Avenue Hail+Ride,52.46085,-2.163891,,,
43001352802,nwmwjmwd,Meriden Avenue Hail+Ride,52.460876,-2.163817,,,
43001352901,nwmwjmwg,Beecher Street Hail+Ride,52.45554,-2.08467,,,
43001353001,nwmwjmwj,Beecher Road Hail+Ride,52.455971,-2.082184,,,
43001353002,nwmwjmwm,Beecher Road Hail+Ride,52.456261,-2.082111,,,
43001353701,nwmwjmwp,Poppy Drive,52.557026,-1.970953,,,
43001353702,nwmwjmwt,Poppy Drive,52.556713,-1.970009,,,
43001353801,nwmwjpad,Broad Street Hail+Ride,52.426849,-1.496694,,,
43001353901,nwmwjpag,Durbar Avenue Hail+Ride,52.434422,-1.503551,,,
43001354001,nwmwjpaj,Churchill Avenue Hail+Ride,52.434635,-1.499224,,,
43001357501,nwmwtwma,Watford Gap Island,52.606049,-1.838436,,,
43001357601,nwmagwgp,Novotel,52.458115,-1.487655,,,
43001358101,nwmawdmj,Fentham Road,52.504486,-1.900833,,,
43001358201,nwmdmgjm,Lighthorne Road,52.424496,-1.776968,,,
43001358301,nwmdmpdw,Poets Corner,52.46426,-1.858238,,,
43001358302,nwmdmpga,Poets Corner,52.463936,-1.858518,,,
43001358501,nwmdtamj,Osberton Drive,52.516922,-2.108706,,,
43001358502,nwmdtamp,Osberton Drive,52.517101,-2.108323,,,
43001358701,nwmgapgd,Bragg Road,52.514088,-1.901754,,,
43001359101,nwmgmagp,Blue Coat School,52.400242,-1.491058,,,
43001359501,nwmjadjm,The Barberry,52.44965,-1.943213,,,
43001360901,nwmwjapd,Butlers Road,52.518002,-1.926754,,,
43001360902,nwmwjapg,Butlers Road,52.517902,-1.926592,,,
43001361001,nwmwjapj,Friary Road,52.520126,-1.932247,,,
43001361002,nwmwjapm,Friary Road,52.520008,-1.931864,,,
43001361101,nwmwjapt,Slack Lane,52.514912,-1.935968,,,
43001361201,nwmwjatg,Olton Mere,52.436951,-1.804516,,,
43001361202,nwmwjatj,Olton Mere,52.436771,-1.804561,,,
43001400101,nwmpjpja,Streetsbrook Road,52.41745,-1.797309,,,
43001400102,nwmwgawd,Streetsbrook Road,52.417549,-1.797617,,,
43001400501,nwmpjpjd,Widney Lane Island,52.397606,-1.785259,,,
43001401005,nwmtmjgj,Widney Island,52.397762,-1.78714,,,
43001401004,nwmpjpjg,Widney Island,52.397583,-1.787126,,,
43001422601,nwmjagtm,Cofton Village Hall,52.383709,-1.987841,,,
43001430002,nwmpjpjm,Light Hall School,52.399849,-1.828562,,,
43001460001,nwmpjpjp,Longmore Road,52.40971,-1.825702,,,
43001548501,nwmtpjmt,Knights Bridge Road,52.435349,-1.787063,,,
43001548502,nwmtpjmw,Knights Bridge Road,52.435394,-1.78693,,,
43001549102,nwmwgmpd,Kenpas Highway,52.384048,-1.532308,,,
43001549202,nwmwgmpg,Moat Avenue,52.382107,-1.53437,,,
43001549402,nwmtpwad,Rose Cottage Flats,52.41795,-1.590294,,,
43001549401,nwmtptwt,Rose Cottage Flats,52.418194,-1.590527,,,
43001600001,nwmwtwdg,Amazon Works,52.433697,-1.559156,,,
43001638101,nwmpwjdt,Pierce Avenue,52.445312,-1.800257,,,
43001638102,nwmtptma,Pierce Avenue,52.445396,-1.800389,,,
43001638402,nwmwgawm,Bartley Close,52.441467,-1.801466,,,
43001638401,nwmwgawj,Bartley Close,52.44175,-1.801891,,,
43001638502,nwmwgawt,Arden Court,52.442684,-1.798194,,,
43001638501,nwmwgawp,Arden Court,52.442505,-1.798607,,,
43001691001,nwmwjama,Cargo Terminal,52.447563,-1.75256,,,
43001691002,nwmdmjda,Cargo Terminal,52.447803,-1.752618,,,
43001697001,nwmwgdmt,Ingenuity House,52.453259,-1.72763,,,
43001697501,nwmwjaja,Viking Road,52.44585,-1.730147,,,
43001700002,nwmwdjat,Dorchester Road,52.615871,-2.043979,,,
43001700001,nwmwdjap,Dorchester Road,52.615887,-2.043728,,,
43001740003,nwmdmjdg,Whitebeam Road,52.473106,-1.726668,,,
43001741001,nwmagwtm,Hedingham Grove,52.478085,-1.728168,,,
43001741002,nwmtmgdm,Hedingham Grove,52.478065,-1.72833,,,
43001750001,nwmwdtjt,Wood Road,52.522346,-2.131475,,,
43001770002,nwmwgtmt,Rex Close,52.397369,-1.595349,,,
43001770001,nwmwgtmp,Rex Close,52.398224,-1.595473,,,
43001771001,nwmapawm,Plants Hill Crescent,52.398598,-1.589003,,,
43001771002,nwmapdad,Plants Hill Crescent,52.398472,-1.589034,,,
43001771501,nwmagwtj,Winceby Place,52.40255,-1.595816,,,
43001772001,nwmapdag,Ensign Close,52.403267,-1.595677,,,
43001803901,nwmwatdj,St John the Baptist,52.450504,-2.05064,,,
43001810002,nwmdmjdj,Marston Drive,52.493668,-1.751108,,,
43001810602,nwmwgdag,Newby Grove,52.489746,-1.738229,,,
43001810601,nwmwgdad,Newby Grove,52.489605,-1.738421,,,
43001816601,nwmwdajg,Overgreen Drive,52.497238,-1.750793,,,
43001830002,nwmtwgjt,Wolseley Close,52.507835,-1.747021,,,
43001830001,nwmdmjdm,Wolseley Close,52.507973,-1.747477,,,
43001841002,nwmtmpwm,Beckford Croft,52.376621,-1.756172,,,
43001841001,nwmtmpwj,Beckford Croft,52.376801,-1.756465,,,
43001841201,nwmtgtdw,Selcombe Way,52.393654,-1.930821,,,
43001841202,nwmtgtga,Selcombe Way,52.393913,-1.93063,,,
43001862001,nwmtmtaj,Chester Road,52.50005,-1.764388,,,
43001862002,nwmtpgjw,Chester Road,52.500473,-1.764091,,,
43001862102,nwmtwmdt,War Memorial,52.498081,-1.764693,,,
43001862101,nwmtwmdp,War Memorial,52.498398,-1.764898,,,
43001862501,nwmtpgma,Hurst Close,52.501991,-1.763936,,,
43002100106,nwmpjpjw,Moseley Village,52.44659,-1.889471,,,
43002100502,nwmdmjdp,Haden Circus,52.462677,-1.884706,,,
43002100503,nwmdmjdt,Haden Circus,52.462749,-1.884309,,,
43002101002,nwmdmjdw,Highgate Middleway,52.465797,-1.882932,,,
43002101502,nwmpjpma,Conybere Street,52.465977,-1.89244,,,
43002102004,nwmpjpmd,Sherbourne Road,52.463963,-1.892578,,,
43002102005,nwmwjamw,Sherbourne Road,52.463593,-1.893079,,,
43002102501,nwmdmjga,Springfield Road,52.443966,-1.858008,,,
43002102502,nwmtgtag,Springfield Road,52.443813,-1.857641,,,
43002103003,nwmdmjgj,Barford Street,52.474556,-1.888842,,,
43002103001,nwmdmjgd,Barford Street,52.474461,-1.888975,,,
43000211302,nwmajmja,Birmingham Coach Station,52.475708,-1.888191,0.0,430G21031,
43000211303,nwmajmjd,Birmingham Coach Station,52.475616,-1.887838,0.0,430G21031,
43000211301,nwmajmgw,Birmingham Coach Station,52.475616,-1.888516,0.0,430G21031,
43002104001,nwmdmjgw,Allison Street,52.476707,-1.891826,,,
43002104003,nwmdmjmd,Allison Street,52.476528,-1.891458,,,
43002104002,nwmwawpd,Allison Street,52.476349,-1.891031,,,
43002104302,nwmtwama,Moor St Selfridges,52.478401,-1.89297,,,
43002104305,nwmwtwgw,Moor St Selfridges,52.478355,-1.891763,,,
43002104304,nwmwtwja,Moor St Selfridges,52.478436,-1.892204,,,
43002104301,nwmdmjmt,Moor St Selfridges,52.478348,-1.892676,,,
43002104401,nwmdmjmw,Matthew Boulton College,52.482533,-1.88919,,,
43002104402,nwmdmjpa,Matthew Boulton College,52.483009,-1.888939,,,
43002105001,nwmdmjpg,Cheapside,52.471081,-1.881063,,,
43002105002,nwmdmjpj,Cheapside,52.470974,-1.881446,,,
43002107001,nwmwgwta,Gopsal Street,52.4841,-1.884018,,,
43002107002,nwmwgwtd,Gopsal Street,52.483749,-1.884019,,,
43002154001,nwmdmpap,Brindley Drive,52.480446,-1.907674,,,
43002200104,nwmpjpmg,Moseley Village,52.446491,-1.887676,,,
43002200505,nwmdmjpm,King Edward Road,52.446941,-1.888204,,,
43002230102,nwmdmjpt,Coventry Road,52.471886,-1.862424,,,
43002230501,nwmdmjpw,Little Green Lane,52.47287,-1.8646,,,
43002256501,nwmwamdj,The College Arms,52.443611,-1.853272,,,
43002300505,nwmtgmat,Hob Moor Road,52.476181,-1.839575,,,
43002301501,nwmdmjtg,Hob Moor Road,52.471008,-1.828789,,,
43002303001,nwmpjpmw,Lloyd Street,52.468979,-1.857708,,,
43002303002,nwmtmwjd,Lloyd Street,52.468643,-1.857679,,,
43002303501,nwmpwjga,Green Lane,52.473999,-1.855469,,,
43002303702,nwmpjpta,Grange Road,52.473381,-1.854896,,,
43002304003,nwmpjptd,Bordesley Green,52.476284,-1.856403,,,
43002304501,nwmpjptg,Bordesley Green,52.47731,-1.856709,,,
43002400002,nwmdmjwa,George Arthur Road,52.491364,-1.858358,,,
43002400001,nwmdmjtw,George Arthur Road,52.491409,-1.858873,,,
43002400502,nwmpjpwa,Arden Road,52.485294,-1.856904,,,
43002500102,nwmpjpwd,Cromwell Street,52.495922,-1.874207,,,
43002500103,nwmdajdw,Cromwell Street,52.496048,-1.874324,,,
43002500401,nwmtdwpd,Lingard Close,52.493095,-1.870415,,,
43002501501,nwmpwjgm,Star City Terminus,52.503876,-1.856269,,,
43002501502,nwmtdmpj,Star City Terminus,52.503891,-1.856137,,,
43002600106,nwmpjpwj,Witton Square,52.511387,-1.887026,,,
43002600105,nwmpjpwg,Witton Square,52.511757,-1.886892,,,
43002600502,nwmpjpwm,Birchfield Rd,52.515202,-1.900485,,,
43002600503,nwmtgmda,Birchfield Rd,52.515007,-1.900397,,,
43002602001,nwmdmjwg,Perry Park,52.52774,-1.896623,,,
43002602002,nwmdmjwj,Perry Park,52.527786,-1.896889,,,
43002603503,nwmdmjwm,Radio House,52.497738,-1.884395,,,
43002604501,nwmpjtad,Trinity Road,52.508339,-1.904404,,,
43002700103,nwmpjtag,Hamstead Road,52.513134,-1.920794,,,
43002700504,nwmpjtam,Villa Cross,52.502907,-1.914595,,,
43002701201,nwmpjtat,Villa Road,52.501659,-1.918781,,,
43002701504,nwmpjtda,Great Hampton Street,52.488705,-1.906435,,,
43002701503,nwmpjtaw,Great Hampton Street,52.488831,-1.906582,,,
43002702003,nwmpjtdg,Unett Street,52.492725,-1.909077,,,
43002702004,nwmpjtdj,Unett Street,52.492851,-1.909151,,,
43002702502,nwmwgjwd,Barr Street,52.494526,-1.912078,,,
43002702501,nwmwgjwa,Barr Street,52.494438,-1.912299,,,
43002705001,nwmpjtdm,Hampton St,52.486866,-1.900916,,,
43002720002,nwmpjtdp,Gunmakers Walk,52.500275,-1.903567,,,
43002730002,nwmpjtdt,Lozells Road,52.502007,-1.902724,,,
43002790001,nwmpjtdw,Greenhill Road,52.513988,-1.9393,,,
43002801004,nwmdmjwp,Foundry Road,52.493736,-1.939813,,,
43002801501,nwmpjtgp,Lodge Road,52.494839,-1.939517,,,
43002802503,nwmpjtja,Ladywood Fire Station,52.478203,-1.927747,,,
43002802504,nwmpjtjd,Ladywood Fire Station,52.47784,-1.927453,,,
43002803001,nwmpjtjg,Handsworth Grammar School,52.503548,-1.93292,,,
43002803002,nwmpjtjm,Handsworth Grammar School,52.503342,-1.933127,,,
43002803601,nwmpwjgw,Lansdowne Street,52.487385,-1.933755,,,
43002803602,nwmpwjma,Lansdowne Street,52.487251,-1.933843,,,
43002810001,nwmpwjmd,Bacchus Road,52.499996,-1.933323,,,
43002810002,nwmpwjmg,Bacchus Road,52.499638,-1.934164,,,
43002810501,nwmpjtjp,Lionel Street,52.483131,-1.905313,,,
43002812004,nwmpjtjt,Soho Road,52.503372,-1.937679,,,
43002847501,nwmwdawg,Ludgate Hill,52.483498,-1.904016,,,
43002850001,nwmpwjmw,Goode Avenue,52.492664,-1.921169,,,
43002890001,nwmpjtjw,City Rd Med Centre,52.48613,-1.940943,,,
43003000102,nwmdmpgw,Harborne Road,52.470074,-1.924418,,,
43003000501,nwmdmpja,St Georges Church,52.467934,-1.923097,,,
43003001005,nwmdmpjg,Strathallen Hotel,52.472607,-1.937987,,,
43003001004,nwmdmpjd,Strathallen Hotel,52.4725,-1.937251,,,
43003001503,nwmdmpjp,George Dixon Academy,52.478146,-1.955117,,,
43003001502,nwmdmpjm,George Dixon Academy,52.479069,-1.953629,,,
43003002001,nwmdmpjt,Metchley Lane,52.461678,-1.94233,,,
43003002502,nwmdmpjw,Blue Coat School,52.460705,-1.942434,,,
43003003503,nwmdmpmg,Plough & Harrow Hotel,52.47216,-1.925107,,,
43003003501,nwmdmpmd,Plough & Harrow Hotel,52.471962,-1.925946,,,
43003004001,nwmdmpmj,George Road,52.468899,-1.914882,,,
43003011601,nwmwdata,Purbeck Croft,52.453678,-1.974684,,,
43003060002,nwmdmpmt,Augustus Road,52.46999,-1.950341,,,
43003060501,nwmdmpmw,Gillhurst Road,52.470528,-1.953697,,,
43003100102,nwmdmpta,Tennal Lane,52.457798,-1.980421,,,
43003100501,nwmdmptd,Woodhouse Road,52.457016,-1.980318,,,
43003101001,nwmdmptg,Dwellings School,52.455391,-2.000436,,,
43003101002,nwmtmgmd,Dwellings School,52.455784,-2.001245,,,
43003101502,nwmdmptj,Gillhurst Road,52.465382,-1.965801,,,
43003101503,nwmdmgdp,Gillhurst Road,52.465084,-1.965375,,,
43003102001,nwmdmptm,Lordswood Road,52.46452,-1.965876,,,
43003102501,nwmdmptp,Highfield Lane,52.452164,-1.993961,,,
43003103001,nwmdmptw,no. 252,52.45155,-1.989841,,,
43003103501,nwmdmpwa,Lower Higley Close,52.451504,-1.986103,,,
43003104001,nwmdmpwg,Rickyard Piece,52.451271,-1.982837,,,
43003104502,nwmwgmgj,Pennard Grove,52.454517,-1.979392,,,
43003104501,nwmwgjaw,Pennard Grove,52.454552,-1.979113,,,
43003105002,nwmtdpmg,Hopedale Road,52.454258,-1.997757,,,
43003105001,nwmdmpwj,Hopedale Road,52.45422,-1.99789,,,
43003105502,nwmtjdma,Highfields,52.45911,-2.006367,,,
43003105501,nwmdmpwm,Highfields,52.459282,-2.00619,,,
43003200101,nwmdmpwp,Serpentine Road,52.458069,-1.957374,,,
43003201202,nwmwgmja,Park Street,52.56649,-2.041629,,,
43003201201,nwmwgmgw,Park Street,52.566418,-2.041703,,,
43003201505,nwmtjdtj,Bartley Green War Memorial,52.434513,-2.004318,,,
43003201504,nwmdmtaj,Bartley Green War Memorial,52.434731,-2.004774,,,
43003202002,nwmwtpjw,Newman University,52.432663,-1.993919,,,
43003202001,nwmpjtmg,Newman University,52.432491,-1.993199,,,
43003202502,nwmdmtam,Woodgate Valley Fire Station,52.444626,-1.977911,,,
43003203006,nwmdmtat,Hollister Drive,52.445435,-1.976057,,,
43003203504,nwmdmtaw,Stonebrook Way,52.444294,-1.976675,,,
43003204502,nwmdmtdg,Senneleys Park,52.441345,-1.988902,,,
43003204701,nwmwjajt,Woodside Way,52.434174,-2.013378,,,
43003204702,nwmwjajw,Woodside Way,52.434074,-2.013217,,,
43003205004,nwmtjdtg,Bartley Green School,52.437042,-2.001082,,,
43003205003,nwmdmtdj,Bartley Green School,52.436878,-2.001641,,,
43003220003,nwmpjtmt,Poole Crescent,52.44825,-1.948953,,,
43003240003,nwmpjtpa,Northfield Road,52.449093,-1.965799,,,
43003270003,nwmdmtdp,St Peters Church,52.435818,-1.997581,,,
43003300102,nwmtdpdg,Lodge Hill Cemetery,52.438274,-1.959423,,,
43003300101,nwmdmtdt,Lodge Hill Cemetery,52.438213,-1.959232,,,
43003301002,nwmdmtga,Jervoise Road,52.44128,-1.966644,,,
43003301003,nwmjadjg,Jervoise Road,52.440956,-1.966482,,,
43003310001,nwmdmtgd,Corisande Road,52.443226,-1.95836,,,
43003310501,nwmdmtgj,Alwold Road,52.443237,-1.96142,,,
43003340002,nwmwdmtw,Merritts Brook,52.418339,-1.982805,,,
43003340001,nwmdmtgm,Merritts Brook,52.418564,-1.982437,,,
43003400104,nwmpjtpg,Cannon Hill Park,52.45435,-1.898531,,,
43003400103,nwmpjtpd,Cannon Hill Park,52.454247,-1.897634,,,
43003400501,nwmpjtpj,Warwickshire Cricket Ground,52.455315,-1.906181,,,
43003401003,nwmpjtpm,Tally Ho Police Training,52.455372,-1.907976,,,
43003401503,nwmpjtpt,Bristol Road,52.45578,-1.910713,,,
43003401506,nwmtdtwm,Bristol Road,52.45575,-1.909683,,,
43003401701,nwmpjtpw,Bristol Road,52.452335,-1.913221,,,
43003401802,nwmpjtwd,Grange Road,52.445473,-1.932861,,,
43003401906,nwmdmtgp,Bristol Road,52.416225,-1.969279,,,
43003401907,nwmdmtgt,Bristol Road,52.41618,-1.96922,,,
43003402001,nwmdmtgw,Warwick Crescent,52.463272,-1.915717,,,
43003402002,nwmtdtaw,Warwick Crescent,52.463272,-1.915879,,,
43003402104,nwmpjtwg,The Black Horse,52.412182,-1.973824,,,
43003402105,nwmpjtwj,The Black Horse,52.412224,-1.974133,,,
43003402501,nwmdmtja,Westmere,52.454693,-1.926313,,,
43003402502,nwmtdpta,Westmere,52.454727,-1.926225,,,
43003403001,nwmdmtjd,School of Education,52.45224,-1.927009,,,
43003500102,nwmpjtwt,Swimming Baths,52.426476,-1.934683,,,
43003520002,nwmdmtjm,Hamilton Drive,52.435814,-1.947261,,,
43003550001,nwmpjwad,Cob Lane,52.424057,-1.950377,,,
43003580002,nwmpjwaj,Linden Road,52.429947,-1.936752,,,
43003580001,nwmpjwag,Linden Road,52.429966,-1.937002,,,
43003580501,nwmdmtjp,Franklin Road,52.420578,-1.932751,,,
43003590101,nwmdmtjt,Station Road,52.415043,-1.935832,,,
43003600101,nwmdmtjw,Norrington Road,52.410465,-1.996053,,,
43003600502,nwmdmtma,Trescott Road,52.413048,-1.990731,,,
43003601002,nwmtgpmd,Hollywood Bowl,52.399094,-2.005091,,,
43003601001,nwmdmtmd,Hollywood Bowl,52.399055,-2.00543,,,
43003601502,nwmtdpdp,Cinema,52.397655,-2.008398,,,
43003601501,nwmdmtmg,Cinema,52.398022,-2.007428,,,
43003602002,nwmtgtdj,Chaceley Close,52.430573,-1.439012,,,
43003602001,nwmpwjpt,Chaceley Close,52.430603,-1.43935,,,
43003602301,nwmwgmwd,Manfield Avenue,52.429195,-1.435161,,,
43003602302,nwmwtpwj,Manfield Avenue,52.4291,-1.435368,,,
43003602601,nwmwgmwg,Lucian Close,52.425781,-1.435631,,,
43003602602,nwmgadat,Lucian CLose,52.425991,-1.435776,,,
43003603004,nwmpjwam,Fire Station,52.407623,-1.975047,,,
43003603501,nwmpjwap,Copse Close,52.408432,-1.968137,,,
43003650001,nwmwapjm,Middle Drive,52.38023,-1.992822,,,
43003700101,nwmpjwat,Pershore Road,52.435719,-1.917313,,,
43003700201,nwmtwpwd,Milner Road,52.435566,-1.918137,,,
43003701002,nwmpjwda,Bournville Lane,52.428917,-1.923797,,,
43003702501,nwmpjwdg,Umberslade Road,52.429977,-1.921883,,,
43003702502,nwmpjwdj,Umberslade Road,52.430058,-1.921691,,,
43003703001,nwmpjwdp,Hazelwell Street,52.430561,-1.921955,,,
43003704001,nwmtpwdt,Bournville Lane,52.428413,-1.922577,,,
43003750001,nwmpjwdw,Pineapple Road,52.429993,-1.909661,,,
43003800101,nwmdmtmj,St John Fisher Church,52.396255,-1.961988,,,
43003800102,nwmdmtmp,St John Fisher Church,52.396149,-1.962017,,,
43003801001,nwmdmtmt,The Grove,52.39727,-1.959224,,,
43003801502,nwmdmtmw,Rednal Road,52.39735,-1.95818,,,
43003802504,nwmdmtpj,West Heath Road,52.403835,-1.962511,,,
43003802503,nwmdmtpg,West Heath Road,52.403908,-1.961908,,,
43003803002,nwmtdtgt,West Heath Road,52.406738,-1.964375,,,
43003803001,nwmdmtpm,West Heath Road,52.406864,-1.96439,,,
43003803202,nwmdmtpt,Westhill Road,52.410538,-1.934927,,,
43003803501,nwmdmtpw,Purslow Grove,52.404438,-1.970168,,,
43003803502,nwmtmgwg,Purslow Grove,52.404484,-1.970286,,,
43003804001,nwmdmtwa,Moorpark Road,52.403011,-1.968332,,,
43003804002,nwmtdtjw,Moorpark Road,52.402992,-1.968494,,,
43003804501,nwmdmtwd,Turves Green,52.395584,-1.975729,,,
43003804502,nwmtdtpm,Turves Green,52.395378,-1.975361,,,
43003805002,nwmtdtpt,Culmington Grove,52.396935,-1.978344,,,
43003805001,nwmdmtwg,Culmington Grove,52.396942,-1.97783,,,
43003805101,nwmtwjpw,Coney Green House,52.396286,-1.97952,,,
43003807002,nwmtjtpd,Edenhurst Road,52.390083,-1.979816,,,
43003807502,nwmtmgwj,Adstone Grove,52.403736,-1.969434,,,
43003807501,nwmdmtwt,Adstone Grove,52.40398,-1.969875,,,
43003808002,nwmdmwad,The Thurlestone,52.390919,-1.978479,,,
43003808003,nwmtgmdg,The Thurlestone,52.391045,-1.978787,,,
43003810001,nwmdmwag,Wychall Farm School,52.408829,-1.951114,,,
43003900101,nwmdmpad,Berkley Crescent,52.439083,-1.863628,,,
43003900201,nwmdmpag,Astor Drive,52.440037,-1.865361,,,
43003921003,nwmtmwmd,Arden Walk,52.40258,-2.015543,,,
43003921002,nwmawptp,Arden Walk,52.402668,-2.015778,,,
43003921101,nwmwgmgm,Arden Road Terminus,52.403397,-2.014705,,,
43004000202,nwmtjptp,Wast Hill Playing Fields,52.391766,-1.948575,,,
43004000201,nwmtjptm,Wast Hill Playing Fields,52.391781,-1.948325,,,
43004000302,nwmtjpwa,Bay Tree Close,52.395771,-1.945029,,,
43004000301,nwmtjptw,Bay Tree Close,52.395718,-1.945308,,,
43004000501,nwmdmwat,Man on the Moon,52.394363,-1.953966,,,
43004000502,nwmdmwaw,Man on the Moon,52.39468,-1.95423,,,
43004001003,nwmdmwda,Broad Meadow Lane,52.408001,-1.917423,,,
43004001501,nwmpjwgj,Broadmeadow Close,52.408817,-1.915437,,,
43004002001,nwmdmwdg,Ark Kings Academy,52.399532,-1.932267,,,
43004002002,nwmdpagt,Ark Kings Academy,52.399849,-1.932943,,,
43004002202,nwmdmpdj,Tay Grove,52.398258,-1.933739,,,
43004002201,nwmdmpaj,Tay Grove,52.398636,-1.933533,,,
43004002502,nwmdmwdm,Meadowsweet Avenue,52.399784,-1.929636,,,
43004002501,nwmdmwdj,Meadowsweet Avenue,52.399559,-1.930004,,,
43004003001,nwmwgdjt,Winnipeg Road,52.396744,-1.926687,,,
43004040502,nwmwajpt,Grovelands Crescent,52.627373,-2.124551,,,
43004040501,nwmwajpm,Grovelands Crescent,52.627506,-2.124507,,,
43004080002,nwmpjwgp,Dawberry Fields Road,52.421329,-1.899503,,,
43004100101,nwmdmwdp,Amwell Grove,52.409737,-1.887401,,,
43004101501,nwmdmwdt,Billesley Hall,52.432003,-1.883962,,,
43004102002,nwmpjwgw,Kings Heath Park,52.431496,-1.898127,,,
43004102001,nwmpjwgt,Kings Heath Park,52.431358,-1.897774,,,
43004103005,nwmpjwja,Alcester Road Sth,52.421448,-1.89265,,,
43004103506,nwmpjwjd,Maple Croft,52.421932,-1.89134,,,
43004120002,nwmpjwjm,Pineapple Bridge,52.426136,-1.908933,,,
43004120001,nwmpjwjg,Pineapple Bridge,52.426109,-1.909124,,,
43004150001,nwmpjwjp,Chamberlain Road,52.422474,-1.884604,,,
43004171001,nwmdmwdw,Druids Heath Terminus,52.406406,-1.91062,,,
43004200502,nwmpjwjt,Oakcroft Road,52.429203,-1.869953,,,
43004201002,nwmdmwgd,Wake Green Road,52.433594,-1.858129,,,
43004201503,nwmdmwgj,Sarehole Mill,52.433968,-1.856142,,,
43004202502,nwmpjwjw,Mayford Grove,52.426659,-1.870196,,,
43004300001,nwmdmwgt,Sarehole Mill,52.43438,-1.854773,,,
43004300503,nwmpjwmd,Cole Bank Road,52.434135,-1.853921,,,
43004301004,nwmdmwja,Hartfield Crescent,52.442616,-1.833473,,,
43004301501,nwmdmwjd,LIDL,52.443909,-1.833233,,,
43004302002,nwmpjwmg,Lakey Lane,52.431549,-1.835044,,,
43004302003,nwmpjwmj,Lakey Lane,52.431728,-1.835146,,,
43004303001,nwmpjwmt,Shirley Road Eastside,52.442276,-1.824368,,,
43004303502,nwmpjwmw,Cearl Court,52.442757,-1.825264,,,
43004303503,nwmtwjaw,Cearl Court,52.442657,-1.825087,,,
43004304002,nwmpjwpd,Grayland Close,52.441895,-1.82612,,,
43004304501,nwmpjwpg,Public Library,52.445927,-1.823633,,,
43004360002,nwmtagap,Robin Hood Academy,52.426151,-1.83174,,,
43004360001,nwmtagam,Robin Hood Academy,52.426144,-1.831932,,,
43004360101,nwmtwjdj,Sleaford Road,52.427704,-1.830926,,,
43004360102,nwmtwjdm,Sleaford Road,52.42794,-1.831057,,,
43004391002,nwmpjwpw,Dorsington Road,52.436691,-1.816903,,,
43004391601,nwmtwptp,Nailstone Crescent,52.432377,-1.822407,,,
43004391602,nwmtwptw,Nailstone Crescent,52.432064,-1.822437,,,
43004400002,nwmdmwjg,Bus Garage,52.445103,-1.831934,,,
43004420001,nwmwdpja,Briarfield Road,52.445263,-1.8367,,,
43004420002,nwmwdpjd,Briarfield Road,52.445263,-1.837406,,,
43004430502,nwmtgmwm,Shalford Road,52.449299,-1.802563,,,
43004430501,nwmpwjtm,Shalford Road,52.44939,-1.802475,,,
43004431002,nwmpjwtd,Lincoln Road North,52.445053,-1.809909,,,
43004460102,nwmtagdg,Gotham Road,52.458412,-1.800992,,,
43004460101,nwmtagda,Gotham Road,52.458576,-1.800992,,,
43004460201,nwmpwjtp,Brean Avenue,52.457256,-1.802528,,,
43004460202,nwmtgmwp,Brean Avenue,52.457275,-1.802719,,,
43004460301,nwmpwjtw,Measham Grove,52.455322,-1.806407,,,
43004460302,nwmtgmwt,Measham Grove,52.455242,-1.806481,,,
43004460401,nwmpwjwa,Aldershaw Road,52.455585,-1.808937,,,
43004460402,nwmtgpad,Aldershaw Road,52.455486,-1.808937,,,
43004460502,nwmtgmwd,Cambridge Way,52.450871,-1.810458,,,
43004460501,nwmtgmwa,Cambridge Way,52.450886,-1.810708,,,
43004460601,nwmtgmwg,Richmond Medical Centre,52.446663,-1.799515,,,
43004460602,nwmtgmwj,Richmond Medical Centre,52.446552,-1.799442,,,
43004460702,nwmtwmtp,Wichnor Road,52.455894,-1.804006,,,
43004460701,nwmtwmtj,Wichnor Road,52.455883,-1.804285,,,
43004461002,nwmtmtjg,Rodborough Road,52.462208,-1.7848,,,
43004461001,nwmtmtjd,Rodborough Road,52.462784,-1.785415,,,
43004461501,nwmtgmdj,Bincomb Avenue,52.461048,-1.785394,,,
43004461502,nwmtgmdm,Bincomb Avenue,52.461121,-1.785497,,,
43004462001,nwmtgmdp,Brays Road,52.458584,-1.790837,,,
43004462002,nwmtgmdt,Brays Road,52.458668,-1.791042,,,
43004500104,nwmpjwtm,Hob Moor Road,52.46907,-1.825101,,,
43004500102,nwmpjwtj,Hob Moor Road,52.46854,-1.826001,,,
43004535001,nwmdmwjp,Wheatcroft Road,52.479378,-1.794684,,,
43004539003,nwmdmwjt,Old Yardley Park,52.473747,-1.798509,,,
43004630501,nwmdmwjw,Yockleton Road,52.481838,-1.777783,,,
43004630502,nwmtpmga,Yockleton Road,52.481934,-1.777341,,,
43004640003,nwmdmwmd,Station Road,52.488091,-1.812036,,,
43004650301,nwmtpgpj,Cavandale Avenue,52.54401,-1.893105,,,
43004700105,nwmdmwmg,Fox & Goose,52.494225,-1.819065,,,
43004700504,nwmdmwmp,The Bromford,52.502007,-1.829139,,,
43004700501,nwmdmwmj,The Bromford,52.502583,-1.830109,,,
43004700604,nwmtgwdg,The Bromford,52.501099,-1.82901,,,
43004701502,nwmdmwmw,Heath Way,52.49757,-1.784184,,,
43004702001,nwmdmwpa,Cole Hall Lane,52.49651,-1.792718,,,
43004702101,nwmwadat,Haxby Avenue,52.497585,-1.792021,,,
43004702102,nwmdtgaw,Haxby Avenue,52.49754,-1.791726,,,
43004702401,nwmtwpma,Rivermead Park,52.495113,-1.79137,,,
43004702402,nwmtwpmd,Rivermead Park,52.495121,-1.791222,,,
43004702503,nwmdmwpd,Walsham Croft,52.491543,-1.776761,,,
43004702504,nwmtdtmt,Walsham Croft,52.491848,-1.776907,,,
43004702601,nwmtgmgd,Watland Green,52.492371,-1.787347,,,
43004702602,nwmtgmgj,Watland Green,52.492397,-1.787111,,,
43004702701,nwmtgmgm,Middle Leaford,52.49131,-1.786631,,,
43004702801,nwmtgmgp,Greswold Gardens,52.491417,-1.790784,,,
43004702802,nwmtgmgt,Greswold Gardens,52.491119,-1.790535,,,
43004703502,nwmdmwpj,Fowey Road,52.495979,-1.798893,,,
43004705501,nwmtdtmj,Hawcroft Grove,52.499039,-1.775987,,,
43004705502,nwmtjwpm,Hawcroft Grove,52.499023,-1.776267,,,
43004705601,nwmtgwap,Thistledown Road,52.500778,-1.772059,,,
43004730501,nwmdmwpm,Freasley Road,52.496296,-1.765321,,,
43004730502,nwmwgdjd,Freasley Road,52.496162,-1.766486,,,
43004730601,nwmwgdjg,Bradley Road,52.495949,-1.767547,,,
43004730701,nwmwgdja,Enford Close,52.497391,-1.764962,,,
43004730802,nwmwgdjp,Gilwell Road,52.495426,-1.758624,,,
43004730801,nwmwgdjm,Gilwell Road,52.495571,-1.758403,,,
43004800103,nwmtwtpg,Quincey Drive,52.519264,-1.822189,,,
43004800102,nwmpmada,Quincey Drive,52.518509,-1.822162,,,
43004800205,nwmtjagj,Tyburn Road,52.512333,-1.834389,,,
43004800204,nwmpmadj,Tyburn Road,52.511749,-1.834597,,,
43004800302,nwmtjagm,Wood Lane,52.510319,-1.83363,,,
43004800801,nwmwgmap,Kingsbury Road,52.51672,-1.822214,,,
43004801202,nwmwgamd,Wingfoot Way,52.511749,-1.822632,,,
43004801201,nwmwgama,Wingfoot Way,52.51268,-1.820639,,,
43004803003,nwmtjtpm,Fort Retail Park,52.507744,-1.820424,,,
43004803001,nwmpwmag,Fort Retail Park,52.507412,-1.820778,,,
43004803502,nwmtjtdp,Dunlop Way,52.511414,-1.808635,,,
43004803501,nwmpwmaj,Dunlop Way,52.511108,-1.80846,,,
43004804001,nwmpwmam,Fort Industrial Estate,52.512844,-1.803044,,,
43004804002,nwmtjtdt,Fort Industrial Estate,52.512428,-1.803679,,,
43004804101,nwmwampt,Fort Dunlop,52.509815,-1.810808,,,
43004804502,nwmpwmap,Tyburn Square,52.520111,-1.812104,,,
43004804501,nwmpmadm,Tyburn Square,52.519772,-1.812194,,,
43004805001,nwmpwmat,Chester Road,52.527805,-1.816995,,,
43004805002,nwmtmgap,Chester Road,52.527958,-1.816449,,,
43004805102,nwmtpgda,Grange Road,52.52774,-1.815772,,,
43004805101,nwmtpgaw,Grange Road,52.527706,-1.815949,,,
43004805502,nwmtwgda,Playing Field,52.527061,-1.824398,,,
43004805501,nwmpwmaw,Playing Field,52.526928,-1.82431,,,
43004806004,nwmwgwpd,Mason Cottages,52.527313,-1.830027,,,
43004806003,nwmpmadp,Mason Cottages,52.527592,-1.830248,,,
43004807001,nwmpwmda,Fort Shopping Centre,52.507874,-1.821337,,,
43004807501,nwmpmadw,Dixon Close,52.515041,-1.790773,,,
43004807601,nwmtwjdw,Blenheim Way,52.515945,-1.788058,,,
43004830101,nwmwgawa,Greets Green Road,52.521202,-2.024622,,,
43004840501,nwmtmdgm,Dudding Road,52.564484,-2.121333,,,
43004840502,nwmwgdwt,Dudding Road,52.56432,-2.121465,,,
43004840601,nwmtmdgp,Fenmere Close,52.563099,-2.120267,,,
43004840602,nwmagpmt,Fenmere Close,52.563126,-2.1204,,,
43004840701,nwmtmdgt,Jeremy Road,52.564499,-2.131925,,,
43004840801,nwmtmdja,Whitgreave Avenue,52.612038,-2.114509,,,
43004840802,nwmtmdjd,Whitgreave Avenue,52.611668,-2.114124,,,
43004841001,nwmtmadp,Tryon Place,52.569138,-2.067568,,,
43004841002,nwmtmadt,Tryon Place,52.56913,-2.067731,,,
43004841101,nwmtmadw,Goldborough Close,52.55365,-2.080951,,,
43004841102,nwmtmaga,Goldborough Close,52.55373,-2.080863,,,
43004841201,nwmtmaja,Boscobel Avenue,52.522781,-2.060172,,,
43004841301,nwmtmagd,New Street,52.527515,-2.066738,,,
43004841601,nwmtmajm,Park St South,52.56752,-2.129293,,,
43004841602,nwmtmajp,Park St South,52.567406,-2.129323,,,
43004841701,nwmtmagj,Soho Avenue,52.500252,-1.921686,,,
43004841801,nwmwgajp,Dudley Road,52.567097,-2.123715,,,
43004842001,nwmtmdtp,The Green,52.538765,-2.087942,,,
43004842002,nwmtmagw,The Green,52.539307,-2.088179,,,
43004842102,nwmtmagt,Regent Street,52.532696,-2.090067,,,
43004842101,nwmtmagp,Regent Street,52.532677,-2.089964,,,
43004864501,nwmtpgja,St Cuthberts Place,52.521019,-1.785203,,,
43005000503,nwmpmagm,Short Heath Road,52.531017,-1.858096,,,
43005000501,nwmpmagj,Short Heath Road,52.531731,-1.858433,,,
43005001003,nwmpmagp,Slade Road,52.524403,-1.858427,,,
43005001004,nwmpmagt,Slade Road,52.524609,-1.858485,,,
43005001503,nwmpmagw,Gravelly Lane,52.528301,-1.842627,,,
43005010001,nwmpmaja,Perry Common Road,52.531517,-1.860615,,,
43005011002,nwmpmajd,Court Lane,52.538002,-1.849846,,,
43005011501,nwmpmajg,Court Lane,52.537563,-1.849715,,,
43005100003,nwmpmajm,Brookvale Road,52.522549,-1.874292,,,
43005106802,nwmtpjap,Steel Maitland Avenue,52.532497,-1.841993,,,
43005106801,nwmtpjam,Steel Maitland Avenue,52.532497,-1.841447,,,
43005106901,nwmtpgwm,St Margarets Church,52.531948,-1.845592,,,
43005106902,nwmtpgwp,St Margarets Church,52.53207,-1.845282,,,
43005118501,nwmtpjgp,Flackwell Road,52.535011,-1.851331,,,
43005200103,nwmpmajp,Priestfield Close,52.549835,-1.905375,,,
43005200104,nwmpmajt,Priestfield Close,52.549862,-1.904372,,,
43005200502,nwmtwdpm,Winster Grove,52.550838,-1.899002,,,
43005205003,nwmpmama,James Watt College,52.539474,-1.898409,,,
43005205004,nwmtptda,James Watt College,52.539646,-1.898615,,,
43005210001,nwmpmamd,Brockwell Road,52.557728,-1.891684,,,
43005254502,nwmwawpt,Riven Rise,52.556854,-1.899342,,,
43005254501,nwmwawpm,Riven Rise,52.55669,-1.899077,,,
43005300103,nwmpmamg,Beeches Road,52.538929,-1.902303,,,
43005300104,nwmtgmgw,Beeches Road,52.538948,-1.90276,,,
43005300501,nwmpwmdj,St John Wall School,52.515224,-1.948817,,,
43005300502,nwmwdjam,St John Wall School,52.515621,-1.950158,,,
43005302003,nwmpmamj,The Towers,52.535069,-1.91816,,,
43005500102,nwmpmamp,Trident Close,52.537815,-1.801943,,,
43005500301,nwmwgdpj,Walmley Road,52.541878,-1.801041,,,
43005500503,nwmpmamt,Hollyfield Road,52.567142,-1.803672,,,
43005501004,nwmpmamw,St Martins Road,52.5667,-1.8027,,,
43005501201,nwmdmwpt,Six Ways Island,52.523483,-1.842586,,,
43005501203,nwmdmwta,Six Ways Island,52.523319,-1.842306,,,
43005501205,nwmdmwtg,Six Ways Island,52.523258,-1.843058,,,
43005501202,nwmdmwpw,Six Ways Island,52.52306,-1.842823,,,
43005501204,nwmdmwtd,Six Ways Island,52.523735,-1.842113,,,
43005501504,nwmpmapa,Rectory Road,52.56628,-1.803705,,,
43005502002,nwmpmapd,Churchill Road,52.563759,-1.789732,,,
43005510004,nwmpmapj,Minworth Green,52.528145,-1.767938,,,
43005510003,nwmpmapg,Minworth Green,52.528496,-1.768216,,,
43005520102,nwmtagdm,Plantsbrook Road,52.531261,-1.791521,,,
43005520101,nwmtagdj,Plantsbrook Road,52.531532,-1.791402,,,
43005555501,nwmwamjm,Wyatt Road,52.563549,-1.78395,,,
43005600103,nwmpmapm,Jockey Road,52.549957,-1.841546,,,
43005600104,nwmpmapt,Jockey Road,52.549633,-1.841665,,,
43005600501,nwmpmapw,Sheffield Road,52.537464,-1.835989,,,
43005600502,nwmpmata,Sheffield Road,52.537498,-1.83618,,,
43005601002,nwmpmatg,Chester Road,52.556538,-1.869857,,,
43005601001,nwmpmatd,Chester Road,52.556412,-1.869902,,,
43005601502,nwmpmatm,Beggars Bush,52.548325,-1.860296,,,
43005601501,nwmpmatj,Beggars Bush,52.548409,-1.859986,,,
43005602001,nwmpmatp,Fosseway Drive,52.543037,-1.850581,,,
43005602002,nwmwaptd,Fosseway Drive,52.542866,-1.850331,,,
43005700103,nwmpmatw,Butlers Lane,52.591267,-1.841501,,,
43005700104,nwmtwgpa,Butlers Lane,52.591175,-1.841295,,,
43005700201,nwmdmwtj,Sutton Parade,52.560722,-1.824544,,,
43005700502,nwmpmawa,Grange Lane,52.590607,-1.820764,,,
43005800102,nwmpmawg,Pheasey Church,52.557281,-1.905639,,,
43005800101,nwmpmawd,Pheasey Church,52.557659,-1.906641,,,
43005800502,nwmwampd,Community Centre,52.555626,-1.906513,,,
43005800501,nwmwampa,Community Centre,52.555832,-1.906454,,,
43005801001,nwmpwmgd,Hardwick Road,52.587105,-1.888453,,,
43005801101,nwmwdtpj,Inglewood Grove,52.584839,-1.891854,,,
43005801102,nwmwdtpm,Inglewood Grove,52.584381,-1.892371,,,
43005801501,nwmpwmgj,Beacon Heights,52.568298,-1.914969,,,
43005801502,nwmwampj,Beacon Heights,52.568336,-1.915117,,,
43005859502,nwmwawjd,Gainsborough Crescent,52.559406,-1.900929,,,
43005859501,nwmwawja,Gainsborough Crescent,52.559486,-1.900383,,,
43005863502,nwmwawjm,Chantrey Crescent,52.560719,-1.897946,,,
43005863501,nwmwawjg,Chantrey Crescent,52.560547,-1.897947,,,
43005870502,nwmtjgpd,Beacon Road,52.554138,-1.909496,,,
43005870501,nwmpmawp,Beacon Road,52.554279,-1.909584,,,
43005871005,nwmtjawj,Raeburn Road,52.557739,-1.904547,,,
43005871004,nwmpmawt,Raeburn Road,52.557854,-1.904665,,,
43006000001,nwmpwmgt,Littleton St West,52.587711,-1.985235,,,
43006000002,nwmtgwgd,Littleton St West,52.587341,-1.985103,,,
43006050104,nwmpmdad,Barr Beacon Crossroads,52.581837,-1.91267,,,
43006050503,nwmpmdag,Barr Beacon Crossroads,52.58049,-1.912983,,,
43006090001,nwmpmdaj,Hill Street,52.582279,-1.975039,,,
43006150001,nwmpmdam,Park Lane,52.571278,-2.020357,,,
43006160003,nwmajamg,Rutland Street,52.59866,-1.983947,,,
43006160002,nwmpmdaw,Rutland Street,52.598751,-1.983947,,,
43006170001,nwmpmdga,Dartmouth Avenue,52.601593,-1.98306,,,
43006170002,nwmwtwtg,Dartmouth Avenue,52.601582,-1.983297,,,
43006201001,nwmpwmgw,Sainsburys,52.597046,-2.002107,,,
43006201101,nwmwdtwp,Highfield Road North,52.634052,-1.973059,,,
43006250205,nwmtjgwp,The Black Horse,52.608704,-1.993188,,,
43006250204,nwmpmdgp,The Black Horse,52.608532,-1.993129,,,
43006250401,nwmpmdgt,Harden Road,52.606922,-1.973342,,,
43006251002,nwmpmdgw,Chestnut Road,52.608719,-1.983766,,,
43006255001,nwmpmdja,Goscote Lane,52.61861,-1.983305,,,
43006270003,nwmpmdjd,Lichfield Road,52.625687,-1.989699,,,
43006270004,nwmpmdjg,Lichfield Road,52.626038,-1.989639,,,
43006270501,nwmpmdjm,Stafford Road,52.628231,-2.003762,,,
43006271001,nwmtdwpg,Churchill Road,52.588158,-2.031671,,,
43006271502,nwmtdwpj,Bunkers Hill Lane,52.573227,-2.070644,,,
43006271501,nwmtgmja,Bunkers Hill Lane,52.573154,-2.07054,,,
43006272001,nwmtdwpm,Wolverhampton Road West,52.586864,-2.033102,,,
43006275003,nwmpmdjp,Shrewsbury Close,52.619743,-2.01583,,,
43006275502,nwmpmdjt,Sneyd Lane,52.619247,-2.016228,,,
43006276001,nwmpmdjw,Sneyd Lane,52.618916,-2.01998,,,
43006400002,nwmpmdmg,Castle Road,52.624222,-1.925069,,,
43006402001,nwmpmdmj,Brookland Road,52.627632,-1.930338,,,
43006403002,nwmpmdmp,Holland Park,52.649826,-1.936525,,,
43006403101,nwmtjwdw,Coppice Lane,52.651409,-1.939671,,,
43006403201,nwmtjwga,Tamar Close,52.659279,-1.951739,,,
43006403202,nwmtjwgd,Tamar Close,52.659622,-1.951251,,,
43006403301,nwmtjwgj,Albutts Road,52.660439,-1.951797,,,
43006403302,nwmtmamg,Albutts Road,52.660297,-1.951738,,,
43006465501,nwmtpmaw,Silver Street,52.645283,-1.93028,,,
43006500501,nwmpmdmt,Lichfield Road,52.60965,-1.957096,,,
43006500502,nwmpmdmw,Lichfield Road,52.60957,-1.95714,,,
43006510101,nwmpmdpa,Lazy Hill Post Office,52.615353,-1.913786,,,
43006550103,nwmtgmjd,Broadway,52.572956,-1.962369,,,
43006550102,nwmdmwtm,Broadway,52.572254,-1.960098,,,
43006550501,nwmpmdpd,Broadway North,52.579353,-1.958601,,,
43006550502,nwmpmdpg,Broadway North,52.579308,-1.959029,,,
43006551001,nwmpmdpj,Six Ways Walsall,52.579086,-1.972458,,,
43006551704,nwmtwdpa,Appledore Road,52.578224,-1.942856,,,
43006551703,nwmpmdpt,Appledore Road,52.578384,-1.943579,,,
43006580002,nwmpmdpw,Lumley Road,52.581837,-1.966834,,,
43006581002,nwmpmdta,Daffodil Road,52.578053,-1.940156,,,
43006581003,nwmtpwdm,Daffodil Road,52.577999,-1.940362,,,
43006642501,nwmwawtm,Park Road,52.566345,-1.940998,,,
43006650103,nwmtpgaj,Old Vicarage Close,52.623989,-1.96565,,,
43006650102,nwmpmdtd,Old Vicarage Close,52.623901,-1.965842,,,
43006651001,nwmagpmw,Mill Road,52.61953,-1.957352,,,
43006651002,nwmwgwja,Mill Road,52.619789,-1.957706,,,
43006670003,nwmpmdtj,Walstead Road,52.56229,-1.961375,,,
43006750001,nwmpmdtp,Primley Close,52.586689,-2.006136,,,
43006800503,nwmpmdwa,Sadlers Court,52.572998,-2.000483,,,
43006810003,nwmpmdwd,Gordon Street,52.567986,-2.02968,,,
43006810004,nwmtwjam,Gordon Street,52.567543,-2.029399,,,
43006830002,nwmpmdwg,Pinfold Court,52.564728,-2.040845,,,
43007000103,nwmpmdwm,Moseley Road,52.574608,-2.059978,,,
43007000501,nwmpmdwp,Moseley Road,52.573582,-2.061275,,,
43007000601,nwmwgpam,Princess Street,52.586792,-2.125306,,,
43007000701,nwmwgpap,Fryer Street,52.586704,-2.123756,,,
43007101501,nwmpwmpa,Broadmeadow Green,52.574566,-2.085018,,,
43007101502,nwmwjmjt,Broadmeadow Green,52.5756,-2.086156,,,
43007110002,nwmpmgaj,Old Heath Road,52.585438,-2.102617,,,
43007110003,nwmpmgam,Old Heath Road,52.585655,-2.102366,,,
43007120001,nwmpmgap,Evans Street,52.583225,-2.079205,,,
43007120503,nwmpmgat,Stowheath Lane,52.584103,-2.086231,,,
43007129502,nwmwawtj,Vaughan Road,52.581211,-2.068576,,,
43007129501,nwmwawtg,Vaughan Road,52.581364,-2.068502,,,
43007137001,nwmwdaja,Dilloways Lane,52.577644,-2.065707,,,
43007140102,nwmpmgaw,Beckett Street,52.569496,-2.06931,,,
43007150102,nwmtwpmp,Shenstone Court,52.568878,-2.145969,,,
43007150101,nwmpmgda,Shenstone Court,52.56871,-2.144537,,,
43007160002,nwmpmgdg,Green Park Drive,52.576687,-2.083133,,,
43007200102,nwmpmgdm,Bushbury Lane,52.603886,-2.13008,,,
43007200101,nwmpmgdj,Bushbury Lane,52.604111,-2.130317,,,
43007201001,nwmpwmpd,Sherington Drive,52.561993,-2.12019,,,
43007201501,nwmpwmpg,Ward Road,52.561611,-2.124939,,,
43007202001,nwmpwmpj,Park Drive,52.561806,-2.128996,,,
43007202501,nwmpwmpm,Ednam Road,52.563114,-2.131257,,,
43007203001,nwmpwmpt,Himley Crescent,52.56377,-2.132897,,,
43007203501,nwmpwmpw,Ward Road,52.565872,-2.126633,,,
43007204001,nwmpwmtd,Patricia Avenue,52.564697,-2.124284,,,
43007205501,nwmtgadw,Morrison Avenue,52.613091,-2.1229,,,
43007281001,nwmtwtpd,Hall Lane,52.547405,-2.108014,,,
43007282501,nwmtpmdg,Hall La,52.546043,-2.104029,,,
43007287501,nwmwdgaw,Hinchcliffe Avenue,52.549503,-2.092417,,,
43007298002,nwmtgaja,Ednam Road,52.563251,-2.128691,,,
43007298001,nwmtgagw,Ednam Road,52.563343,-2.12875,,,
43007300103,nwmpmgdt,Parkfield Road,52.566277,-2.115658,,,
43007300104,nwmtgmjg,Parkfield Road,52.566097,-2.116056,,,
43007300502,nwmpmgdw,Ettingshall Road,52.574802,-2.103005,,,
43007301003,nwmpmgja,Dixon Road,52.573895,-2.103918,,,
43007302004,nwmpmgjg,Phoenix Park,52.567413,-2.123274,,,
43007302005,nwmtwada,Phoenix Park,52.568012,-2.1236,,,
43007400103,nwmpmgma,The Gunmakers Arms,52.574913,-2.158621,,,
43007400104,nwmpmgmd,The Gunmakers Arms,52.574802,-2.158502,,,
43007400501,nwmpwmtg,Lime Street,52.578159,-2.144052,,,
43007401001,nwmpmgmg,Merridale Primary School,52.580872,-2.144209,,,
43007401501,nwmpmgmj,Owen Road,52.575886,-2.141285,,,
43007401502,nwmpmgmp,Owen Road,52.576546,-2.140077,,,
43007401601,nwmpwmtj,Church Walk,52.572174,-2.155128,,,
43007402001,nwmpwmtm,Woodfield Heights,52.596138,-2.163939,,,
43007402002,nwmtmdap,Woodfield Heights,52.596066,-2.163835,,,
43007402101,nwmwdgmp,Bridgnorth Road,52.588608,-2.174051,,,
43007402201,nwmwdgmw,High Meadows,52.589382,-2.173154,,,
43007402501,nwmtgadt,Pendeford Avenue,52.610508,-2.1607,,,
43007402601,nwmwdgpa,Henwood Close,52.591408,-2.171125,,,
43007402602,nwmwdgpd,Henwood Close,52.591564,-2.170668,,,
43007402701,nwmwdgpg,College View,52.593769,-2.167237,,,
43007402702,nwmwdgpj,College View,52.59359,-2.167059,,,
43007402801,nwmwdgpm,St Michaels Court,52.599308,-2.160821,,,
43007402802,nwmwdgpt,St Michaels Court,52.59919,-2.160628,,,
43007403201,nwmtdpgd,The Crescent,52.592278,-2.184901,,,
43007403302,nwmwdgwa,Glaisdale Gardens,52.598328,-2.147603,,,
43007403301,nwmwdgtj,Glaisdale Gardens,52.598621,-2.14784,,,
43007403401,nwmwdgtm,Hambrook Close,52.598385,-2.144326,,,
43007403601,nwmwdgtp,Carter Road,52.598877,-2.139367,,,
43007403802,nwmwdgwg,Police Station,52.597393,-2.168151,,,
43007403801,nwmwdgwd,Police Station,52.597473,-2.168314,,,
43007403902,nwmwdgwm,Woodcote Road,52.59433,-2.171638,,,
43007403901,nwmwdgwj,Woodcote Road,52.594357,-2.171904,,,
43007404101,nwmwdgwp,Corfton Drive,52.59277,-2.174304,,,
43007404102,nwmwdgwt,Corfton Drive,52.592827,-2.174009,,,
43007404202,nwmwdjag,Church Road,52.590199,-2.180183,,,
43007404201,nwmwdjad,Church Road,52.590137,-2.180951,,,
43007440501,nwmpmgmw,The Poynings,52.598976,-2.171464,,,
43007440502,nwmtwpjw,The Poynings,52.598942,-2.171376,,,
43007450102,nwmpmgpg,Leslie Road,52.599014,-2.110488,,,
43007450101,nwmpmgpd,Leslie Road,52.599201,-2.110917,,,
43007460002,nwmpmgpj,Court Road,52.595371,-2.152642,,,
43007460503,nwmpmgpm,Hordern Road,52.598053,-2.152076,,,
43007480001,nwmpmgpt,Granary Road,52.616112,-2.159066,,,
43007480002,nwmpmgpw,Granary Road,52.616264,-2.160381,,,
43007490502,nwmtmdam,Cheyney Close,52.59898,-2.14198,,,
43007490501,nwmpwmtp,Cheyney Close,52.598866,-2.141965,,,
43007520001,nwmpmgtd,Elmdon Road,52.616486,-2.13932,,,
43007550502,nwmtgagm,Cross St North,52.59388,-2.123112,,,
43007550501,nwmtgagj,Cross St North,52.593761,-2.123717,,,
43007562502,nwmtjpdt,Sandon Road,52.625191,-2.138092,,,
43007570002,nwmtgada,Armstead Road,52.624817,-2.14917,,,
43007570001,nwmtdwtw,Armstead Road,52.624672,-2.149598,,,
43007600101,nwmpwmwa,Farnbrook Avenue,52.629124,-2.126418,,,
43007600504,nwmpmgtj,Redhurst Drive,52.62838,-2.1333,,,
43007600501,nwmpmgtg,Redhurst Drive,52.628838,-2.133257,,,
43007601501,nwmpwmwg,Low Hill Crescent,52.613503,-2.115207,,,
43007601502,nwmtgawd,Low Hill Crescent,52.614166,-2.115223,,,
43007602002,nwmtjwpd,Bushbury Lane,52.615795,-2.115848,,,
43007602001,nwmpwmwj,Bushbury Lane,52.616241,-2.116425,,,
43007602501,nwmpwmwm,Fordhouse Road,52.618656,-2.121351,,,
43007602502,nwmtwdtd,Fordhouse Road,52.61887,-2.121824,,,
43007603002,nwmpmgtm,First Avenue,52.60231,-2.115413,,,
43007603502,nwmtjwpa,Stafford Road,52.620537,-2.128003,,,
43007603501,nwmtjwmw,Stafford Road,52.620724,-2.127944,,,
43007650103,nwmpmgtp,Lord Street,52.585011,-2.142186,,,
43007650501,nwmpmgtw,Compton Road,52.585918,-2.14117,,,
43007670502,nwmpmgwd,Ruskin Road,52.614311,-2.107307,,,
43007690001,nwmpmgwj,Wordsworth Road,52.614918,-2.100825,,,
43007690501,nwmpmgwm,Long Knowle Lane,52.614319,-2.094709,,,
43007699002,nwmwgmag,Shawbury Road,52.600395,-2.103065,,,
43007699001,nwmwgmad,Shawbury Road,52.600578,-2.103331,,,
43007699301,nwmwjagw,Bushbury Road,52.600063,-2.103478,,,
43007700104,nwmpmgwt,Pinfold Lane,52.566811,-2.165658,,,
43007700103,nwmpmgwp,Pinfold Lane,52.5672,-2.165527,,,
43007700202,nwmtmdwm,Coronation Road,52.599228,-2.101246,,,
43007700201,nwmpwmwt,Coronation Road,52.599274,-2.101483,,,
43007700302,nwmtptgm,Shawbury Road,52.598595,-2.106324,,,
43007700301,nwmpwpad,Shawbury Road,52.598705,-2.106575,,,
43007700601,nwmpwpag,Heath Town Park,52.594135,-2.09995,,,
43007700702,nwmtptgd,Middle of Victoria Road,52.603291,-2.092662,,,
43007700701,nwmpwpaj,Middle of Victoria Road,52.602688,-2.091967,,,
43007700802,nwmtptga,Vicarage Road,52.604664,-2.094511,,,
43007700801,nwmpwpam,Vicarage Road,52.604469,-2.094068,,,
43007701301,nwmwgjwp,Deansfield Road,52.588375,-2.094904,,,
43007701302,nwmwgjwt,Deansfield Road,52.588375,-2.094624,,,
43007701501,nwmpwpat,Castlebridge Gardens,52.607861,-2.059993,,,
43007701502,nwmtgtpd,Castlebridge Gardens,52.6077,-2.060185,,,
43007702501,nwmtdwpt,Beynon Centre,52.598732,-2.092653,,,
43007703001,nwmtptdp,Hollybush House,52.600594,-2.093277,,,
43007750102,nwmtdpja,Shaw Road,52.547237,-2.094034,,,
43007750502,nwmpmjaj,Hessian Close,52.549091,-2.094923,,,
43007751003,nwmpmjam,Birmingham New Road,52.547436,-2.094993,,,
43007751503,nwmpmjap,Rookery Road,52.554245,-2.099993,,,
43007751504,nwmpmjat,Rookery Road,52.554569,-2.100023,,,
43007752003,nwmpmjaw,Birmingham New Road,52.557323,-2.108319,,,
43007752004,nwmwdmtd,Birmingham New Road,52.557312,-2.108525,,,
43007752504,nwmtwgjw,Clifton Street,52.546085,-2.106271,,,
43007752503,nwmpmjda,Clifton Street,52.546043,-2.106094,,,
43007753001,nwmpmjdg,Dovedale Road,52.549641,-2.110585,,,
43007754001,nwmpmjdj,Tithe Road,52.602787,-2.079565,,,
43007780003,nwmpmjdm,Health Centre,52.613571,-2.059115,,,
43007780503,nwmpmjdp,Fitzmaurice Road,52.608662,-2.056642,,,
43007800102,nwmpmjdt,Oxley Street,52.593033,-2.130933,,,
43007800103,nwmpmjdw,Oxley Street,52.593941,-2.13067,,,
43007800502,nwmpmjga,Leicester Square,52.592979,-2.140425,,,
43007840001,nwmpmjgj,Keats Road,52.609554,-2.027566,,,
43007851001,nwmpmjgp,Sandbeds Road,52.59325,-2.042038,,,
43007851101,nwmtwgwp,Stringes Close,52.591408,-2.044073,,,
43007851502,nwmpmjgt,Smestow Brook,52.601875,-2.155101,,,
43007851602,nwmtwgmj,Hordern Road,52.599445,-2.151948,,,
43007851601,nwmtwgmg,Hordern Road,52.599533,-2.152125,,,
43007851701,nwmtwgpw,Firsbrook Close,52.597527,-2.148472,,,
43007851802,nwmtwgtd,Craddock Street,52.596157,-2.144008,,,
43007851801,nwmtwgta,Craddock Street,52.596218,-2.143831,,,
43007852001,nwmpmjgw,The Albert Lawn Tennis Club,52.602776,-2.155754,,,
43007855002,nwmpmjma,Poplar Drive,52.59383,-2.032059,,,
43007855201,nwmpmjmd,Monmouth Road,52.593571,-2.03073,,,
43007860102,nwmpmjmp,Amos Lane,52.60939,-2.089854,,,
43007860203,nwmpmjmt,Long Knowle Lane,52.608894,-2.089927,,,
43007860301,nwmwgpdp,Prestwood Road West,52.60886,-2.089159,,,
43007860501,nwmpmjmw,Wednesfield Academy,52.604366,-2.072022,,,
43007861001,nwmwgpmp,Mattox Road,52.605537,-2.080396,,,
43007870003,nwmpmjpa,Churchill Road,52.589016,-2.022048,,,
43007877001,nwmwgdwm,Little Island Drive,52.587563,-2.039272,,,
43007877002,nwmwgdwp,Little Island Drive,52.587345,-2.039434,,,
43007900102,nwmpmjpd,Windmill Lane,52.576797,-2.185086,,,
43007921001,nwmpwpdj,Sandfield Farm,52.654091,-1.915439,,,
43007950101,nwmpmjpg,Wilkes Street,52.583241,-2.055887,,,
43007950503,nwmpmjpm,Market Place,52.58326,-2.054425,,,
43007950502,nwmpmjpj,Market Place,52.583115,-2.054646,,,
43007951003,nwmpmjpw,Broad Lane South,52.602371,-2.057003,,,
43007951004,nwmpmjta,Broad Lane South,52.602486,-2.056988,,,
43007951504,nwmpmjtd,Central School,52.586826,-2.057249,,,
43007952002,nwmtptgj,Bentley Bridge Retail Park,52.596462,-2.088751,,,
43007952001,nwmdtawj,Bentley Bridge Retail Park,52.596554,-2.088529,,,
43008000601,nwmwdgda,Carters Lane Church,52.450218,-2.017283,,,
43008001701,nwmdmgda,Bournbrook Manor,52.44191,-1.926864,,,
43008001901,nwmdmgdj,Tiverton Academy,52.44352,-1.931378,,,
43008002201,nwmdmgdm,Selly Hill Road,52.442127,-1.929409,,,
43008003301,nwmwdgam,Seven Acres Road,52.454605,-2.013974,,,
43008003401,nwmwdgap,Frankley Avenue,52.453465,-2.014842,,,
43008032502,nwmwdgjm,Malt Mill Lane,52.468929,-2.039416,,,
43008032501,nwmwdgjg,Malt Mill Lane,52.468735,-2.039253,,,
43008070001,nwmdmwtp,Meadowbrook Road,52.445782,-2.076132,,,
43008071001,nwmpmjtj,Narrow Lane,52.467255,-2.024076,,,
43008071502,nwmwgatp,Newlands Drive,52.466938,-2.027594,,,
43008071501,nwmwgatm,Newlands Drive,52.467018,-2.027712,,,
43008072501,nwmwdgja,Huntingtree Road,52.448513,-2.063998,,,
43008072502,nwmwdgjd,Huntingtree Road,52.448612,-2.064072,,,
43008073001,nwmwgwjg,The Longcroft,52.448669,-2.069899,,,
43008080102,nwmpmjtm,Stourbridge Road,52.454605,-2.069908,,,
43008080104,nwmpmjtp,Stourbridge Road,52.454632,-2.070041,,,
43008080503,nwmpmjtw,Stourbridge Road,52.453205,-2.063549,,,
43008100104,nwmapdga,Alexandra Road,52.447865,-2.062923,,,
43008100103,nwmdmwtw,Alexandra Road,52.447929,-2.0636,,,
43008106001,nwmtjtjm,Two Gates Lane,52.454582,-2.089436,,,
43008106501,nwmtjtjt,Bassett Road,52.46159,-2.09728,,,
43008106502,nwmtjtjw,Bassett Road,52.46167,-2.096986,,,
43008120104,nwmpmjwd,Derwent Close,52.497787,-2.135187,,,
43008120103,nwmpmjwa,Derwent Close,52.498085,-2.134495,,,
43008121503,nwmdpadg,Pensnett High Street,52.500343,-2.133383,,,
43008122002,nwmtmapj,Wallows Place,52.489922,-2.127342,,,
43008122001,nwmpwpga,Wallows Place,52.490086,-2.126975,,,
43008140001,nwmpmjwj,Oakfield Road,52.447216,-2.105429,,,
43008140502,nwmpmjwm,Belmont Road,52.452446,-2.107943,,,
43008185201,nwmwgatj,Colley Lane,52.464199,-2.08345,,,
43008209902,nwmwdmjg,Cherry Orchard Avenue,52.457466,-2.062775,,,
43008209901,nwmwdmjd,Cherry Orchard Avenue,52.457314,-2.062495,,,
43008210001,nwmtjpgt,King Street,52.453621,-2.11133,,,
43008210101,nwmtjpgw,Crabbe Street,52.456379,-2.110086,,,
43008210201,nwmtjpja,Hawne Lane,52.458904,-2.063469,,,
43008210202,nwmtjpjd,Hawne Lane,52.45903,-2.063704,,,
43008210402,nwmwdmgt,Shelah Road,52.460014,-2.054713,,,
43008210401,nwmwdmgp,Shelah Road,52.460052,-2.054596,,,
43008210502,nwmwdmja,Furnace Hill,52.458183,-2.050885,,,
43008210501,nwmwdmgw,Furnace Hill,52.458275,-2.05087,,,
43008210602,nwmwdmjp,Cranmoor Crescent,52.455059,-2.058533,,,
43008210601,nwmwdmjm,Cranmoor Crescent,52.455223,-2.058651,,,
43008220001,nwmpmjwp,Vauxhall Road,52.454765,-2.141309,,,
43008240501,nwmpmpag,Legge Lane,52.547268,-2.080792,,,
43008270002,nwmtptmw,Westmede Centre,52.412296,-1.555591,,,
43008270001,nwmtmatw,Westmede Centre,52.412205,-1.555768,,,
43008280102,nwmtagdt,Birmingham New Road,52.531334,-2.085317,,,
43008280101,nwmtagdp,Birmingham New Road,52.531189,-2.085155,,,
43008290503,nwmwtpdw,Corbett Crescent,52.462746,-2.144263,,,
43008290502,nwmpmpap,Corbett Crescent,52.462303,-2.143511,,,
43008291003,nwmtwdpd,Lickey Road,52.45842,-2.137067,,,
43008291002,nwmpmpat,Lickey Road,52.458481,-2.137229,,,
43008294502,nwmwatjg,Kenyon Close,52.464279,-2.1463,,,
43008295001,nwmwjadw,Middle,52.514076,-2.123139,,,
43008295002,nwmwjaga,Middle,52.513859,-2.12305,,,
43008300104,nwmpmpaw,Zoar St,52.517807,-2.129531,,,
43008300501,nwmpmpda,Five Ways,52.521187,-2.123027,,,
43008300702,nwmtjgaw,Level Street,52.485371,-2.113236,,,
43008300701,nwmtjgat,Level Street,52.485291,-2.113472,,,
43008300801,nwmwadmt,Engine Lane,52.484959,-2.111763,,,
43008301004,nwmpmpdg,Five Ways,52.520729,-2.122804,,,
43008301201,nwmwgaja,Pedmore Road,52.489258,-2.10796,,,
43008301501,nwmwgata,Milton Crescent,52.527599,-2.14231,,,
43008301601,nwmwgatd,Tennyson Road,52.525589,-2.140785,,,
43008302001,nwmwjgdm,Dudley College,52.48151,-2.118542,,,
43008302002,nwmwjatd,Dudley College,52.480896,-2.118555,,,
43008339001,nwmwdmtg,Bagleys Road,52.463055,-2.125454,,,
43008339002,nwmwdmtj,Bagleys Road,52.463062,-2.125233,,,
43008339102,nwmwdmtp,Gayfield Avenue,52.474201,-2.12391,,,
43008339101,nwmwdmtm,Gayfield Avenue,52.474148,-2.124087,,,
43008381003,nwmpmpdm,Mount Pleasant,52.47216,-2.109507,,,
43008381004,nwmtwpjd,Mount Pleasant,52.472187,-2.109743,,,
43008381503,nwmtjtat,Sun Street,52.472996,-2.107507,,,
43008381502,nwmdpadj,Sun Street,52.473034,-2.106918,,,
43008385002,nwmpmpdp,Charlton Street,52.481583,-2.140379,,,
43008440001,nwmpmpdt,Kingswinford Health Centre,52.498882,-2.160895,,,
43008440101,nwmtjptd,Pensnett Bus Depot,52.504459,-2.151531,,,
43008440102,nwmtjptg,Pensnett Bus Depot,52.505016,-2.151621,,,
43008440301,nwmtwtgt,Third Avenue,52.507713,-2.151336,,,
43008440302,nwmtwtgw,Third Avenue,52.507721,-2.151469,,,
43008440401,nwmwamat,British Legion,52.497185,-2.170272,,,
43008441502,nwmwadpm,Rowan Rise,52.493599,-2.156427,,,
43008441501,nwmtwpgt,Rowan Rise,52.493717,-2.156619,,,
43008470002,nwmpmpga,Birds Meadow,52.502041,-2.136172,,,
43008474101,nwmwdajp,Blewitt Street,52.495049,-2.132939,,,
43008480102,nwmpmpgd,Market Street,52.495949,-2.167247,,,
43008482501,nwmpmpgj,Swindon Road,52.495804,-2.174067,,,
43008483001,nwmpmpgm,Kensington Gardens,52.473129,-2.169811,,,
43008483002,nwmtwgap,Kensington Gardens,52.473137,-2.170193,,,
43008490003,nwmpmpgp,Byron Street,52.50032,-2.121127,,,
43008490004,nwmtwpwg,Byron Street,52.500305,-2.121303,,,
43008552001,nwmwgapg,Whittington Road,52.44632,-2.164676,,,
43008553001,nwmwgapj,Witton Lane,52.541656,-2.009005,,,
43008560102,nwmdpadm,Pedmore Road,52.458359,-2.118421,,,
43008560501,nwmpmpgt,Lye Cross,52.458889,-2.11773,,,
43008560601,nwmwampg,Badger Street,52.46032,-2.117175,,,
43008575002,nwmpmpja,Abbey Street,52.51902,-2.130404,,,
43008575502,nwmpmpjd,Cotwall End School,52.53772,-2.128764,,,
43008575601,nwmwdwaw,Oakleigh Drive,52.537079,-2.13087,,,
43008586001,nwmtgapw,Burton Road,52.523888,-2.108369,,,
43008600502,nwmdpamg,Highgate Road,52.500431,-2.111066,,,
43008600501,nwmpmpjm,Highgate Road,52.500656,-2.111626,,,
43008634501,nwmwdawm,Canal Street,52.541222,-2.087209,,,
43008640002,nwmpmpjw,Bond Street,52.540627,-2.098414,,,
43008680001,nwmtgmjm,Greenwood Cottages,52.529396,-2.100924,,,
43008680102,nwmpmpma,Chawn Hill,52.44651,-2.128291,,,
43008680201,nwmwdmwa,Meon Rise,52.447704,-2.129545,,,
43008680202,nwmwdmwd,Meon Rise,52.44772,-2.129236,,,
43008680301,nwmwdmwg,Chawn Hill Close,52.448662,-2.131946,,,
43008680302,nwmwdmwj,Chawn Hill Close,52.448627,-2.131696,,,
43008680402,nwmwdmwp,Clent View Road,52.440746,-2.169892,,,
43008680401,nwmwdmwm,Clent View Road,52.441223,-2.169512,,,
43008680501,nwmpmpmd,Woodward Place,52.45052,-2.127802,,,
43008680602,nwmwdpad,Maple Close,52.441555,-2.164482,,,
43008680601,nwmwdmwt,Maple Close,52.441574,-2.164938,,,
43008680702,nwmwdpaj,Lee Vale Road,52.444626,-2.153782,,,
43008680701,nwmwdpag,Lee Vale Road,52.444679,-2.153694,,,
43008680801,nwmwdpam,Oakleigh Road,52.442879,-2.142169,,,
43008680901,nwmwdpap,Love Lane,52.443268,-2.141876,,,
43008681001,nwmpwpgm,Glasshouse Hill,52.447563,-2.140477,,,
43008681002,nwmtmjwj,Glasshouse Hill,52.447464,-2.140682,,,
43008681102,nwmwdpaw,Wimbledon Drive,52.440956,-2.140559,,,
43008681101,nwmwdpat,Wimbledon Drive,52.440983,-2.140721,,,
43008681201,nwmwdpda,Redlake Road,52.439358,-2.140701,,,
43008681202,nwmwdpdg,Redlake Road,52.439339,-2.14051,,,
43008681301,nwmwdpdj,Walnut Close,52.438812,-2.137051,,,
43008681302,nwmwdpdm,Walnut Close,52.438732,-2.137036,,,
43008681402,nwmwdpdt,Ham Lane,52.438625,-2.134285,,,
43008681401,nwmwdpdp,Ham Lane,52.438698,-2.134255,,,
43008682001,nwmpwpgt,Cranbourne Road,52.451218,-2.139326,,,
43008682002,nwmwamaw,Cranbourne Road,52.451038,-2.138928,,,
43008683002,nwmwjajm,Foster St East,52.457478,-2.143657,,,
43008701002,nwmpmpmg,Pearce Close,52.504429,-2.114008,,,
43008701201,nwmwgdam,Russells Hall Park,52.50555,-2.116088,,,
43008701501,nwmptagm,Enstone Road,52.505478,-2.106409,,,
43008701502,nwmtpama,Enstone Road,52.505936,-2.10582,,,
43008702002,nwmdptgm,Montrose Drive,52.506977,-2.100946,,,
43008702001,nwmptagp,Montrose Drive,52.507038,-2.101138,,,
43008702501,nwmptagt,Geston Road,52.504242,-2.110693,,,
43008702502,nwmtpajw,Geston Road,52.504974,-2.108985,,,
43008703001,nwmptagw,Bushey Fields Road,52.503082,-2.113032,,,
43008703002,nwmtpajt,Bushey Fields Road,52.503342,-2.112767,,,
43008708001,nwmtjtwm,Queen's Cross,52.50568,-2.091117,,,
43008708002,nwmtjtwp,Queen's Cross,52.505463,-2.091323,,,
43008710002,nwmpmpmj,Bunns Lane,52.509193,-2.067638,,,
43008710003,nwmatadt,Bunns Lane,52.509285,-2.067491,,,
43008711003,nwmpmpmp,Bennetts Hill,52.503708,-2.072403,,,
43008716001,nwmpmpmt,New Rowley Road,52.503803,-2.073699,,,
43008717004,nwmtmgmg,Highland Road,52.516666,-2.099362,,,
43008717003,nwmpmpmw,Highland Road,52.516525,-2.099244,,,
43008718002,nwmpmptd,Junction Street,52.505985,-2.093637,,,
43008718003,nwmwtwgt,Junction Street,52.505901,-2.093578,,,
43008718201,nwmwgtdw,Sannders Crescent,52.528828,-2.050437,,,
43008718301,nwmwgtga,Church Yard Road,52.528019,-2.049404,,,
43008720002,nwmtgatd,Burton Road,52.521778,-2.104591,,,
43008720001,nwmtgmjp,Burton Road,52.52177,-2.104223,,,
43008720101,nwmtgatj,Nith Place,52.518585,-2.096345,,,
43008720102,nwmtgatm,Nith Place,52.518639,-2.096802,,,
43008720202,nwmtgatw,Limes Road,52.517086,-2.092923,,,
43008720201,nwmtgatp,Limes Road,52.517059,-2.092555,,,
43008720301,nwmtgawa,Old Park School,52.506908,-2.106824,,,
43008720302,nwmtmtdw,Old Park School,52.506863,-2.106338,,,
43008730501,nwmwgdta,Hexham Way,52.515194,-2.110175,,,
43008730502,nwmwgdtd,Hexham Way,52.51511,-2.110676,,,
43008800501,nwmpmptm,Church Road,52.489243,-2.086649,,,
43008800502,nwmpmptp,Church Road,52.489422,-2.086797,,,
43008804701,nwmtwmda,Queensway,52.448318,-2.053757,,,
43008805002,nwmpmptw,Northfield Road,52.488255,-2.072804,,,
43008806002,nwmpmpwa,New Rowley Road,52.498081,-2.06765,,,
43008880002,nwmpmpwd,Stafford Street,52.510056,-2.092363,,,
43008935501,nwmwgdmp,Roundhills Road,52.470562,-2.017586,,,
43008960101,nwmpmpwg,Brierley Hill Road,52.478523,-2.150146,,,
43008960102,nwmpmpwj,Brierley Hill Road,52.479053,-2.151016,,,
43008960202,nwmwdmpa,Whitethorn Road,52.475513,-2.147794,,,
43008960201,nwmwdmjw,Whitethorn Road,52.475586,-2.147765,,,
43008960301,nwmwdmpd,Lyndhurst Drive,52.47464,-2.150971,,,
43008960302,nwmwdmpj,Lyndhurst Drive,52.47464,-2.150618,,,
43008960401,nwmwdmpm,Brambleside,52.473167,-2.149141,,,
43008960402,nwmwdmpt,Brambleside,52.473087,-2.149141,,,
43008960501,nwmwdmpw,William Street,52.482956,-2.126011,,,
43008960502,nwmwdmta,William Street,52.483372,-2.126263,,,
43000203203,nwmajajp,Moor Street Station,52.479172,-1.893174,,,
43009009602,nwmwtwjg,Orchard Street,52.490215,-2.12157,,,
43009009601,nwmwtwjm,Orchard Street,52.490334,-2.122056,,,
43009012501,nwmwgwpt,Earl Street,52.406631,-1.505949,,,
43009012601,nwmwgwpw,Little Park Street,52.405312,-1.508212,,,
43009040103,nwmpmpwm,Harborne Road,52.475273,-1.988408,,,
43009040502,nwmpmpwt,Rathbone Road,52.481243,-1.977952,,,
43009040801,nwmwgdpa,Capethorn Road,52.484467,-1.967937,,,
43009041004,nwmpmtag,Church Road,52.485062,-1.970278,,,
43009041003,nwmpmtad,Church Road,52.485168,-1.970395,,,
43009041503,nwmpmtaj,Mill Hill,52.482124,-1.976302,,,
43009042502,nwmpmtap,Pheasant Road,52.475544,-1.989158,,,
43009060002,nwmpmtat,Beeches Road,52.47097,-2.044276,,,
43009060003,nwmtwmpw,Beeches Road,52.471024,-2.044364,,,
43009060101,nwmtpwtd,Sainsburys,52.474785,-2.040186,,,
43009120102,nwmpmtdj,Moat Farm School,52.482899,-1.996858,,,
43009120101,nwmpmtdg,Moat Farm School,52.482712,-1.997005,,,
43009120502,nwmpmtdm,Queens Road,52.487377,-1.990334,,,
43009120503,nwmpmtdp,Queens Road,52.487644,-1.990672,,,
43009121505,nwmtgmjt,Warley Road,52.488148,-1.989686,,,
43009121504,nwmpmtga,Warley Road,52.488159,-1.990613,,,
43009150002,nwmpmtgd,Oldbury United FC,52.483284,-2.027501,,,
43009150504,nwmtwmpt,Lovett Avenue,52.488998,-2.032144,,,
43009150503,nwmpmtgj,Lovett Avenue,52.489376,-2.031643,,,
43009151003,nwmpmtgm,Titford Lane,52.488136,-2.027887,,,
43009160002,nwmpmtgp,Church Road,52.483646,-2.044229,,,
43009160102,nwmwatgt,Ross Heights,52.481327,-2.046818,,,
43009160101,nwmwatgp,Ross Heights,52.481354,-2.046951,,,
43009160502,nwmpmtgt,Britannia Road,52.481678,-2.041783,,,
43009200104,nwmdpadp,Ash Street,52.478619,-2.068518,,,
43009200301,nwmwgwpj,Duncan Edwards Way,52.498886,-2.090352,,,
43009200503,nwmdpadt,Highland Road,52.477474,-2.069827,,,
43009200505,nwmtdpdj,Highland Road,52.477692,-2.069504,,,
43009201002,nwmdpaga,Old Hill Cross,52.476803,-2.067838,,,
43009201001,nwmdpadw,Old Hill Cross,52.476669,-2.067838,,,
43009201003,nwmtmwjp,Old Hill Cross,52.476704,-2.068,,,
43009203003,nwmpmtjd,Halesowen Road,52.470531,-2.060159,,,
43009203502,nwmpmtjg,St Francis Church,52.552723,-1.991928,,,
43009203601,nwmtjdap,School Road,52.552338,-1.990026,,,
43009203602,nwmtjdat,School Road,52.552185,-1.989495,,,
43009203701,nwmtjdaw,Carisbrooke Road,52.551868,-1.985542,,,
43009203702,nwmtjdga,Carisbrooke Road,52.551807,-1.985601,,,
43009204002,nwmtpadt,School Road,52.552032,-1.987076,,,
43009300101,nwmpmtjm,Woden Road East,52.558926,-2.001677,,,
43009300502,nwmtgmjw,Motorway Bridge,52.490601,-2.020377,,,
43009300501,nwmptajg,Motorway Bridge,52.490772,-2.02023,,,
43009305001,nwmtmgjg,Park Hill School,52.558838,-1.997503,,,
43009305002,nwmpmtjp,Park Hill School,52.558674,-1.997163,,,
43009306003,nwmpmtjt,Bank Street,52.532444,-1.992698,,,
43009355001,nwmtjdwd,Jackson Street,52.48946,-2.001997,,,
43009355101,nwmtjdwg,Douglas Road,52.489281,-1.992984,,,
43009355102,nwmtjdwj,Douglas Road,52.489128,-1.993161,,,
43009360004,nwmpmtma,Darby Road,52.49081,-1.996327,,,
43009360005,nwmtpmtw,Darby Road,52.490658,-1.996533,,,
43009380001,nwmwajtm,Bloxcidge Street,52.489067,-2.003779,,,
43009390101,nwmdpagd,Poplar Road,52.472935,-1.968681,,,
43009390201,nwmwdtwg,Gadds Drive,52.490372,-2.037211,,,
43009391202,nwmwgtpg,Wolverhampton Road,52.46883,-1.991221,,,
43009391201,nwmwgtpd,Wolverhampton Road,52.469055,-1.991206,,,
43009400102,nwmpmtmj,Greswold Street,52.529243,-2.007041,,,
43009400201,nwmwtpjm,Lower Queen Street,52.559082,-1.821468,,,
43009401003,nwmpmtmt,Wyntor Lane,52.540047,-2.002753,,,
43009401701,nwmpmtpa,Little Lane,52.528713,-1.986994,,,
43009401702,nwmpmtpd,Little Lane,52.528137,-1.986802,,,
43009402002,nwmpmtpg,Hall Green Road,52.546917,-1.991118,,,
43009403002,nwmwgtaw,All Saints Way,52.527203,-1.989441,,,
43009403001,nwmwgtat,All Saints Way,52.527302,-1.989824,,,
43009410001,nwmpmtpj,Ryddings Lane,52.545174,-1.998079,,,
43009410102,nwmwdjdw,Rydding Lane,52.545208,-2.000984,,,
43009410101,nwmwdjgt,Rydding Lane,52.545326,-2.000718,,,
43009410201,nwmwdjga,Chester Road,52.545254,-2.003358,,,
43009410202,nwmwdjgd,Chester Road,52.545181,-2.003299,,,
43009410301,nwmwdjgj,Pembroke Road,52.543888,-2.006159,,,
43009410302,nwmwdjgm,Pembroke Road,52.544022,-2.005938,,,
43009440505,nwmpmtwa,Wolverhampton Road Eastside,52.484463,-2.015029,,,
43009441004,nwmpmtwd,Causeway Green Road,52.482986,-2.015426,,,
43009441503,nwmpmtwg,Causeway Green Road Northside,52.48465,-2.016192,,,
43009450002,nwmtwmdj,Allotments,52.494205,-1.977768,,,
43009450001,nwmtwmdg,Allotments,52.49437,-1.977975,,,
43009480001,nwmpmtwj,Rabone Lane,52.496132,-1.956086,,,
43009480002,nwmpmtwm,Rabone Lane,52.496178,-1.955909,,,
43009514502,nwmwdamj,Gill Street,52.509888,-1.99578,,,
43009514501,nwmwdamg,Gill Street,52.509724,-1.99581,,,
43009520503,nwmpmwag,Tat Bank Crossroads,52.493885,-1.999818,,,
43009521003,nwmpmwaj,Crosswells Road,52.490955,-2.000716,,,
43009521502,nwmpmwam,Thornwood Close,52.490314,-1.999641,,,
43009522003,nwmpmwap,Rounds Green School,52.503403,-2.028162,,,
43009522202,nwmpmwat,Wolverhampton Road,52.502888,-2.032213,,,
43009522402,nwmtmjdp,Brades Road,52.503922,-2.028089,,,
43009522601,nwmtwmat,no. 54,52.503178,-2.029738,,,
43009522802,nwmwgtgj,New Henry Street,52.488346,-2.008344,,,
43009522801,nwmwgtgd,New Henry Street,52.488392,-2.0083,,,
43009522902,nwmwgtwt,Parkfield Road,52.484653,-2.009448,,,
43009522901,nwmwgtwp,Parkfield Road,52.484806,-2.009758,,,
43009523001,nwmtgtaj,Sandwell Council House,52.505177,-2.015965,,,
43009523002,nwmtgtam,Sandwell Council House,52.504688,-2.015876,,,
43009530001,nwmpmwda,Hazelbeech Road,52.518669,-2.004283,,,
43009530302,nwmwgtgw,Baker Street,52.520332,-2.004902,,,
43009530301,nwmwgtgt,Baker Street,52.520245,-2.004549,,,
43009530501,nwmpmwdg,Dartmouth Street,52.518814,-2.006626,,,
43009531002,nwmpmwdj,Cambridge Street,52.514275,-2.000437,,,
43009531003,nwmtwgpt,Cambridge Street,52.514111,-2.000274,,,
43009535002,nwmpmwdm,Roebuck Lane,52.512043,-1.98134,,,
43009605002,nwmtjtgd,Toll End,52.54137,-2.040337,,,
43009605001,nwmtjtdw,Toll End,52.541298,-2.04044,,,
43009611002,nwmtwtad,Shaw Street,52.538158,-2.022391,,,
43009611001,nwmtwpwt,Shaw Street,52.538364,-2.02301,,,
43009640103,nwmpmwdw,Four Ways,52.494335,-2.041206,,,
43009640502,nwmpmwgd,Four Ways,52.493446,-2.041838,,,
43009640501,nwmpmwga,Four Ways,52.49313,-2.042206,,,
43009641001,nwmpmwgj,Alexandra Road,52.530773,-2.062232,,,
43009641201,nwmwgtja,Tipton Railway Station,52.530762,-2.065077,,,
43009680504,nwmpmwgp,Lewisham Road,52.502151,-1.969942,,,
43009690101,nwmwadad,Sheldon Court,52.54353,-2.060157,,,
43009702101,nwmtwtag,Dial Lane,52.534031,-2.018408,,,
43009727102,nwmwdjdj,Ashmole Road,52.537033,-2.022832,,,
43009727101,nwmwdjdg,Ashmole Road,52.537251,-2.022788,,,
43009727202,nwmwdjdp,Wolseley Road,52.53413,-2.023789,,,
43009727201,nwmwdjdm,Wolseley Road,52.534176,-2.024099,,,
43009730002,nwmtmwpj,Wigginsmill Road,52.547199,-2.038337,,,
43009730001,nwmpmwgt,Wigginsmill Road,52.547173,-2.038337,,,
43009760102,nwmdpagj,Tipton Cross Roads,52.524067,-2.074293,,,
43009760501,nwmdpagm,The Wagon & Horses,52.526703,-2.072868,,,
43009761003,nwmpmwgw,Tipton Cross Roads,52.52359,-2.074912,,,
43009761504,nwmtdpgt,Sedgley Road West,52.53064,-2.075749,,,
43009761503,nwmpmwja,Sedgley Road West,52.530243,-2.076427,,,
43009773001,nwmwdwdm,Pine Avenue,52.561756,-2.016399,,,
43009776101,nwmwdawa,Park Lane,52.563324,-2.015205,,,
43009790002,nwmpmwjd,Paul Street,52.551907,-2.010437,,,
43009830004,nwmwgwjp,Walsall Road,52.550232,-1.978538,,,
43009830003,nwmpmwjg,Walsall Road,52.550529,-1.978228,,,
43009840103,nwmpmwjm,Wednesbury Oak Road,52.545567,-2.048717,,,
43009850103,nwmpmwjp,Brindley Road,52.54108,-2.01216,,,
43009850501,nwmpmwjt,Witton Lane,52.540379,-2.012558,,,
43009851003,nwmpmwjw,Mounts Road,52.54821,-2.018739,,,
43009851501,nwmpmwma,Gospel Oak Road,52.543575,-2.039248,,,
43009852002,nwmpmwmd,Leabrook Road,52.543377,-2.041489,,,
43009852501,nwmtwtpj,Birchwood Road,52.393257,-1.419556,,,
43009870002,nwmpmwmj,Redwood Road,52.560898,-1.959193,,,
43009870502,nwmpmwmp,Charlemont Avenue,52.542068,-1.981063,,,
43009890101,nwmptamg,Price Road,52.553352,-1.998329,,,
43000444101,nwmdamtm,Acocks Green Rail Station,52.449707,-1.81988,,,
43000444102,nwmdamtp,Acocks Green Rail Station,52.450127,-1.819496,,,
43001340802,nwmgdwjd,Adderley Park Station,52.484188,-1.856481,,,
43001340801,nwmwjdmd,Adderley Park Station,52.483269,-1.85616,,,
43000254403,nwmampjd,Aston Station,52.50391,-1.871959,,,
43000254401,nwmampja,Aston Station,52.50452,-1.870484,,,
43000105604,nwmadjmt,Birmingham International Station,52.450417,-1.72569,,,
43000105603,nwmadjmp,Birmingham International Station,52.450325,-1.725558,,,
43000105602,nwmadjmj,Birmingham International Station,52.450291,-1.725779,,,
43000105601,nwmadjmg,Birmingham International Station,52.450417,-1.725896,,,
43002830501,nwmpwjmt,Jewellery Quarter Station,52.489529,-1.912707,,,
43002830502,nwmtjwgw,Jewellery Quarter Station,52.48978,-1.912559,,,
43000201703,nwmagwaw,New Street Station,52.477745,-1.896078,,,
43000201704,nwmagwda,New Street Station,52.477558,-1.89624,,,
43000201702,nwmagwat,New Street Station,52.477856,-1.896122,,,
43000201701,nwmagwap,New Street Station,52.477757,-1.896299,,,
4300BHAMSNH0,,Birmingham Snow Hill Rail Station,52.482784,-1.898304,2.0,910GBHAMSNH,
4300BHAMSNH1,,Birmingham Snow Hill Rail Station,52.483162,-1.899128,2.0,910GBHAMSNH,
4300BHAMSNH2,,Birmingham Snow Hill Rail Station,52.483349,-1.899628,2.0,910GBHAMSNH,
4300BHAMSNH3,,Birmingham Snow Hill Rail Station,52.484619,-1.90151,2.0,910GBHAMSNH,
43000209801,nwmajmdm,Snow Hill Station,52.482414,-1.898423,0.0,910GBHAMSNH,
43000625201,nwmgwpgw,Bloxwich North Station,52.625179,-2.016526,,,
43000625202,nwmwajpg,Bloxwich North Station,52.625092,-2.016629,,,
43000211601,nwmajmpg,Bordesley Rail Station,52.472507,-1.878042,,,
43000211602,nwmajmpj,Bordesley Rail Station,52.472595,-1.877835,,,
43000563101,nwmgtjag,Chester Road Station,52.535633,-1.833548,,,
43000563102,nwmgtjaj,Chester Road Station,52.535534,-1.833652,,,
43000863202,nwmjwtda,Coseley Station,52.544441,-2.08608,,,
43000863201,nwmjwtaw,Coseley Station,52.544132,-2.086316,,,
43000868002,nwmtgajp,Coseley Station,52.545437,-2.086082,,,
43000868001,nwmtgajm,Coseley Station,52.545418,-2.0862,,,
43001357701,nwmgapgj,Coventry Station,52.401726,-1.5171,,,
43001357703,nwmgjwtm,Coventry Station,52.401482,-1.516736,,,
43001357704,nwmgjwtp,Coventry Station,52.401489,-1.5165,,,
43000900206,nwmagtmg,Cradley Heath Interchange,52.469639,-2.091071,,,
43000900202,nwmdjwtj,Cradley Heath Interchange,52.46954,-2.0911,,,
43000900201,nwmdjwtg,Cradley Heath Interchange,52.469593,-2.090776,,,
43000113101,nwmgatga,Dorridge Rail Station,52.372486,-1.75311,,,
4300DUDLPT0,,Dudley Port Station,52.524719,-2.049385,2.0,910GDUDLPT,
43000963202,nwmpgpgw,Dudley Port Station,52.524349,-2.048427,0.0,910GDUDLPT,
43000963201,nwmpgpgt,Dudley Port Station,52.524281,-2.048088,0.0,910GDUDLPT,
43000403901,nwmtdwgt,Erdington Station,52.52776,-1.839401,,,
43000403902,nwmtdwgw,Erdington Station,52.528011,-1.840535,,,
43003003003,nwmdmpma,Five Ways Station,52.472332,-1.912667,,,
43000300105,nwmapdjp,Five Ways Station,52.470936,-1.910977,,,
43000300104,nwmapdjm,Five Ways Station,52.471241,-1.912463,,,
43000573201,nwmdgwtw,Four Oaks Rail Station,52.578304,-1.829285,,,
43000573202,nwmdjada,Four Oaks Rail Station,52.578518,-1.829269,,,
43000941502,nwmpdtpm,Smethwick Galton Bridge Station,52.501785,-1.980888,,,
43000941501,nwmpdtpj,Smethwick Galton Bridge Station,52.501514,-1.980652,,,
43000536101,nwmdgtpt,Hamstead Station,52.531937,-1.929841,,,
43000536102,nwmdgtpw,Hamstead Station,52.532181,-1.929841,,,
43000430303,nwmdajpg,Hall Green Station,52.437546,-1.847275,,,
43000430301,nwmdajpa,Hall Green Station,52.436481,-1.846735,,,
43000106201,nwmgapta,Hampton In Arden Station,52.428974,-1.700247,,,
43000106202,nwmgaptd,Hampton In Arden Station,52.428913,-1.700365,,,
43000377604,nwmawjwp,Kings Norton Station,52.41433,-1.93079,,,
43000377602,nwmawjwj,Kings Norton Station,52.414474,-1.930966,,,
43000377605,nwmawjwt,Kings Norton Station,52.414158,-1.930731,,,
43000377601,nwmawjwg,Kings Norton Station,52.414608,-1.930951,,,
43000459501,nwmdgagp,Lea Hall Rail Station,52.48008,-1.785566,,,
43000459502,nwmdgagt,Lea Hall Rail Station,52.480106,-1.785419,,,
43009522501,nwmptajm,Langley Green Station,52.494434,-2.004825,,,
43009522502,nwmtpgmg,Langley Green Station,52.494488,-2.005002,,,
43000385603,nwmawpgd,Longbridge Station,52.395657,-1.978991,,,
43000385602,nwmawpga,Longbridge Station,52.395927,-1.980622,,,
43000385601,nwmawpdw,Longbridge Station,52.396027,-1.980534,,,
43000171102,nwmadwtj,Marston Green Station,52.466911,-1.754733,,,
43000171103,nwmadwtm,Marston Green Station,52.46703,-1.754821,,,
43003810502,nwmdmwaj,Northfield Rail Station,52.408367,-1.963551,,,
43009202503,nwmpmtja,Old Hill Station,52.471252,-2.058526,,,
43000152301,nwmgdjwj,Olton Station,52.437923,-1.804747,,,
43000152304,nwmgdjwt,Olton Station,52.438614,-1.805038,,,
43000267901,nwmamtja,Perry Barr Rail Station,52.517189,-1.901379,,,
43000267902,nwmamtjd,Perry Barr Rail Station,52.517288,-1.901467,,,
43000267903,nwmamtjg,Perry Barr Rail Station,52.517147,-1.901571,,,
43000267904,nwmamtjm,Perry Barr Rail Station,52.516983,-1.901571,,,
43000267905,nwmpgjgp,Perry Barr Rail Station,52.517757,-1.900729,,,
43000910802,nwmtdmdg,Rowley Regis Station,52.477116,-2.032164,,,
43000910801,nwmtdmda,Rowley Regis Station,52.477016,-2.031148,,,
43000346402,nwmatmdw,Selly Oak Station,52.44239,-1.937411,,,
43000346404,nwmatmgd,Selly Oak Station,52.442993,-1.937043,,,
43000141301,nwmgdgaj,Shirley Rail Station,52.403603,-1.844981,,,
43000226302,nwmgdtpd,Small Heath Station,52.462353,-1.859907,,,
43000226301,nwmgdtpa,Small Heath Station,52.463013,-1.859934,,,
43000944401,nwmpdwmg,Rolfe St Station,52.496937,-1.970432,,,
43000944402,nwmpdwmj,Rolfe St Station,52.496506,-1.970741,,,
43000928101,nwmdmdtw,Sandwell & Dudley Station,52.508915,-2.012179,,,
43000928102,nwmdmdwa,Sandwell & Dudley Station,52.508934,-2.011885,,,
4300SOLIHUL1,,Solihull Rail Station,52.41452,-1.788809,2.0,910GSOLIHUL,
43000156411,nwmdmgjg,Solihull Station,52.415096,-1.788895,,,
43000156412,nwmwpgmt,Solihull Station,52.414978,-1.788719,,,
43000156408,nwmadtad,Solihull Station,52.414528,-1.786383,,,
43000156406,nwmadpwp,Solihull Station,52.414646,-1.787133,,,
43000156401,nwmadpwa,Solihull Station,52.415096,-1.789189,,,
43000156402,nwmadpwd,Solihull Station,52.414898,-1.788925,,,
43000156405,nwmadpwm,Solihull Station,52.414707,-1.787765,,,
4300SOLIHUL0,,Solihull Rail Station,52.414627,-1.788353,2.0,910GSOLIHUL,
43000156201,nwmadptp,Solihull Station,52.413773,-1.787843,0.0,910GSOLIHUL,
43000156202,nwmadptw,Solihull Station,52.413479,-1.78855,0.0,910GSOLIHUL,
43000456701,nwmdawpj,Stechford Rail Station,52.48423,-1.809873,,,
43000456702,nwmdawpm,Stechford Rail Station,52.483986,-1.809698,,,
43000983201,nwmpjdwj,Tame Bridge Rail Station,52.552048,-1.977667,,,
43000983202,nwmpjdwm,Tame Bridge Rail Station,52.551922,-1.978316,,,
43000067601,nwmdwtgw,Tile Hill Rail Station,52.393753,-1.596778,,,
43000067602,nwmdwtja,Tile Hill Rail Station,52.393749,-1.596675,,,
43000229402,nwmgdtwg,Tyseley Station,52.454533,-1.838197,,,
43000309402,nwmapjgm,University Station,52.451263,-1.937929,,,
43000309401,nwmapjgj,University Station,52.450924,-1.937929,,,
43000139102,nwmgdamw,Widney Manor Station,52.396889,-1.77258,,,
43000139101,nwmgdamt,Widney Manor Station,52.39687,-1.772742,,,
43000136201,nwmgdamj,Widney Manor Station,52.396553,-1.775256,,,
43000136202,nwmgdamp,Widney Manor Station,52.396461,-1.775506,,,
43001241001,nwmptjdg,Whitlocks End Station,52.391861,-1.850708,,,
43001241002,nwmtmwpw,Whitlocks End Station,52.391205,-1.850329,,,
43000266104,nwmgjawp,Witton Station,52.513012,-1.884207,,,
43000266103,nwmgjawm,Witton Station,52.512951,-1.884384,,,
43000266102,nwmgjawj,Witton Station,52.512833,-1.884429,,,
43000266101,nwmgjawg,Witton Station,52.512581,-1.885107,,,
43000431602,nwmgmjpg,Yardley Wood Station,52.422359,-1.854121,,,
43000431601,nwmgmjpd,Yardley Wood Station,52.421616,-1.8558,,,
4300ZZWMAS0,,Albert Street (West Midlands Metro),52.480469,-1.892214,2.0,940GZZWMAS,
4300ZZWMBI0,,Bilston Central (West Midlands Metro),52.565117,-2.074629,2.0,940GZZWMBI,
4300ZZWMBI1,,Bilston Central (West Midlands Metro),52.565987,-2.075294,2.0,940GZZWMBI,
4300ZZWMBL1,,Black Lake (West Midlands Metro),52.529873,-2.010653,2.0,940GZZWMBL,
43009400503,nwmpmtmp,Black Lake Metro,52.531258,-2.008722,,,
43009400504,nwmtpgjd,Black Lake Metro,52.531094,-2.008309,,,
4300ZZWMBL0,,Black Lake (West Midlands Metro),52.530781,-2.011184,2.0,940GZZWMBL,
4300ZZWMBL2,,Black Lake (West Midlands Metro),52.531364,-2.008825,2.0,940GZZWMBL,
4300ZZWMBO2,,Handsworth Booth Street (West Midlands Metro),52.503235,-1.955254,2.0,940GZZWMBO,
4300ZZWMBO0,,Handsworth Booth Street (West Midlands Metro),52.502037,-1.950305,2.0,940GZZWMBO,
4300ZZWMBO1,,Handsworth Booth Street (West Midlands Metro),52.502911,-1.952028,2.0,940GZZWMBO,
4300ZZWMBPL0,,Brindleyplace (West Midlands Metro),52.476662,-1.91229,2.0,940GZZWMBPL,
43000215201,nwmwjgdg,Brindleyplace Metro,52.477276,-1.911656,,,
43000215202,nwmajpgw,Brindleyplace Metro,52.477364,-1.911553,,,
43000215203,nwmajpja,Brindleyplace Metro,52.477238,-1.911568,,,
4300ZZWMBR0,,Bradley Lane (West Midlands Metro),52.555614,-2.056663,2.0,940GZZWMBR,
4300ZZWMBR1,,Bradley Lane (West Midlands Metro),52.555794,-2.056117,2.0,940GZZWMBR,
4300ZZWMBS0,,St Chad's (West Midlands Metro),52.484188,-1.899479,2.0,940GZZWMBS,
4300ZZWMBS1,,St Chad's (West Midlands Metro),52.485023,-1.900582,2.0,940GZZWMBS,
4300ZZWMBUL0,,Bull Street (West Midlands Metro),52.482117,-1.896598,2.0,940GZZWMBUL,
4300ZZWMCOR0,,Corporation Street (West Midlands Metro),52.479763,-1.897075,2.0,940GZZWMCOR,
4300ZZWMCR1,,The Crescent (West Midlands Metro),52.568268,-2.080727,2.0,940GZZWMCR,
4300ZZWMCR0,,The Crescent (West Midlands Metro),52.567879,-2.081302,2.0,940GZZWMCR,
4300ZZWMCSQ0,,Centenary Square (West Midlands Metro),52.478638,-1.908326,2.0,940GZZWMCSQ,
43001360001,nwmpmdtm,Library Metro,52.478745,-1.908841,,,
43001360004,nwmptpta,Library Metro,52.478809,-1.907354,,,
4300ZZWMDR0,,Dartmouth Street (West Midlands Metro),52.520172,-2.004401,2.0,940GZZWMDR,
4300ZZWMDR1,,Dartmouth Street (West Midlands Metro),52.52037,-2.003915,2.0,940GZZWMDR,
4300ZZWMEDG0,,Edgbaston Village (West Midlands Metro),52.471962,-1.923149,2.0,940GZZWMEDG,
43000300702,nwmapdpm,Edgbaston Village Metro,52.47205,-1.923929,,,
43000300704,nwmapdpt,Edgbaston Village Metro,52.472256,-1.923237,,,
43000215301,nwmajpjg,Five Ways Metro,52.475487,-1.914001,0.0,940GZZWMFW,
43000215303,nwmajpjp,Five Ways Metro,52.475674,-1.913573,0.0,940GZZWMFW,
4300ZZWMFW0,,Five Ways (West Midlands Metro),52.474743,-1.915033,2.0,940GZZWMFW,
4300ZZWMHA1,,The Hawthorns (West Midlands Metro),52.50626,-1.965888,2.0,940GZZWMHA,
4300ZZWMHA2,,The Hawthorns (West Midlands Metro),52.505352,-1.962913,2.0,940GZZWMHA,
4300ZZWMHA0,,The Hawthorns (West Midlands Metro),52.505718,-1.96496,2.0,940GZZWMHA,
4300ZZWMJQ1,,Jewellery Quarter (West Midlands Metro),52.489845,-1.914135,2.0,940GZZWMJQ,
4300ZZWMJQ2,,Jewellery Quarter (West Midlands Metro),52.489861,-1.914252,2.0,940GZZWMJQ,
4300ZZWMJQ0,,Jewellery Quarter (West Midlands Metro),52.489662,-1.913236,2.0,940GZZWMJQ,
4300ZZWMKE1,,Kenrick Park (West Midlands Metro),52.508961,-1.982859,2.0,940GZZWMKE,
4300ZZWMKE0,,Kenrick Park (West Midlands Metro),52.508717,-1.982947,2.0,940GZZWMKE,
4300ZZWMLO0,,Loxdale Street (West Midlands Metro),52.560085,-2.066522,2.0,940GZZWMLO,
4300ZZWMLO1,,Loxdale Street (West Midlands Metro),52.559834,-2.065017,2.0,940GZZWMLO,
43000720001,nwmjgjdm,Loxdale St Metro,52.559025,-2.065591,,,
43000720002,nwmjgjdp,Loxdale St Metro,52.559872,-2.064692,,,
4300ZZWMLR0,,Lodge Road (West Midlands Metro),52.518822,-2.000245,2.0,940GZZWMLR,
4300ZZWMLR1,,Lodge Road (West Midlands Metro),52.518932,-2.000127,2.0,940GZZWMLR,
4300ZZWMMP1,,Millennium Point (West Midlands Metro),52.480843,-1.889931,2.0,940GZZWMMP,
4300ZZWMNWS0,,Grand Central (West Midlands Metro),52.478531,-1.899374,2.0,940GZZWMNWS,
4300ZZWMPR0,,Priestfield (West Midlands Metro),52.571884,-2.098218,2.0,940GZZWMPR,
4300ZZWMPR2,,Priestfield (West Midlands Metro),52.571426,-2.098084,2.0,940GZZWMPR,
4300ZZWMPR1,,Priestfield (West Midlands Metro),52.570953,-2.096637,2.0,940GZZWMPR,
4300ZZWMR0,,The Royal (West Midlands Metro),52.580948,-2.117202,2.0,940GZZWMRO,
4300ZZWMRO0,,The Royal (West Midlands Metro),52.580956,-2.116936,2.0,940GZZWMRO,
4300ZZWMRO1,,The Royal (West Midlands Metro),52.581001,-2.1167,2.0,940GZZWMRO,
4300ZZWMSG0,,Dudley Street Guns Village (West Midlands Metro),52.525539,-2.008779,2.0,940GZZWMSG,
4300ZZWMSG1,,Dudley Street Guns Village (West Midlands Metro),52.525394,-2.008263,2.0,940GZZWMSG,
4300ZZWMSH0,,Soho Benson Road (West Midlands Metro),52.49728,-1.931103,2.0,940GZZWMSH,
43000270201,nwmamwad,St Paul's Metro,52.487492,-1.904214,,,
43000270203,nwmamwaj,St Paul's Metro,52.487534,-1.903978,,,
4300ZZWMST0,,St Paul's (West Midlands Metro),52.487534,-1.904508,2.0,940GZZWMST,
4300ZZWMTOH0,,Town Hall (West Midlands Metro),52.479336,-1.903142,2.0,940GZZWMTOH,
4300ZZWMTR1,,Trinity Way (West Midlands Metro),52.51218,-1.988354,2.0,940GZZWMTR,
4300ZZWMTR0,,Trinity Way (West Midlands Metro),52.511955,-1.988722,2.0,940GZZWMTR,
4300ZZWMWB0,,West Bromwich Central (West Midlands Metro),52.516819,-1.994675,2.0,940GZZWMWB,
43002802004,nwmpjtgw,Winson Green Metro,52.498676,-1.937479,,,
43002802003,nwmpjtgt,Winson Green Metro,52.498901,-1.936875,,,
43000281601,nwmgjmap,Winson Green Metro,52.498959,-1.937715,,,
43002811002,nwmpwjmp,Winson Green Metro,52.498104,-1.938364,,,
4300ZZWMWI0,,Winson Green (West Midlands Metro),52.498859,-1.937906,2.0,940GZZWMWI,
4300ZZWMWP1,,Wednesbury Parkway (West Midlands Metro),52.549618,-2.032381,2.0,940GZZWMWP,
4300ZZWMWP0,,Wednesbury Parkway (West Midlands Metro),52.549969,-2.03244,2.0,940GZZWMWP,
4300ZZWMWR0,,Wolverhampton Station (West Midlands Metro),52.587471,-2.120319,2.0,940GZZWMWR,
4300ZZWMWR1,,Wolverhampton Station (West Midlands Metro),52.587147,-2.1211,2.0,940GZZWMWR,
4300ZZWMWS0,,Wolverhampton St George's (West Midlands Metro),52.584068,-2.125195,2.0,940GZZWMWS,
4300ZZWMWS1,,Wolverhampton St George's (West Midlands Metro),52.584068,-2.123586,2.0,940GZZWMWS,
4300ZZWMWS2,,Wolverhampton St George's (West Midlands Metro),52.5839,-2.12363,2.0,940GZZWMWS,
4300ZZWMWD0,,Great Western Street (West Midlands Metro),52.54945,-2.025759,2.0,940GZZWMWW,
4300ZZWMWW0,,Great Western Street (West Midlands Metro),52.549225,-2.026069,2.0,940GZZWMWW,
4300ZZWMPI0,,Pipers Row (West Midlands Metro),52.585346,-2.122733,2.0,940GZZWMXR,
4300ZZWMPI1,,Pipers Row (West Midlands Metro),52.585033,-2.122836,2.0,940GZZWMXR,
9400ZZWMMP1,nwmwjgwp,Millennium Point (West Midlands Metro),52.480869,-1.890049,0.0,940GZZWMMP,1
9400ZZWMAS1,nwmwjgwj,Albert Street (West Midlands Metro),52.480431,-1.892715,0.0,940GZZWMAS,1
9400ZZWMAS2,nwmwjgwm,Albert Street (West Midlands Metro),52.480431,-1.892494,0.0,940GZZWMAS,2
9400ZZWMPI1,nwmwjatw,Pipers Row (West Midlands Metro),52.585217,-2.122808,0.0,940GZZWMXR,1
9400ZZWMPI2,nwmwjawa,Pipers Row (West Midlands Metro),52.585247,-2.122744,0.0,940GZZWMXR,2
9400ZZWMWR1,nwmwjawd,Wolverhampton Station (West Midlands Metro),52.587246,-2.119558,0.0,940GZZWMWR,1
9400ZZARAIL1,,Birmingham Intl Rail Station (Air-Rail Link),52.450489,-1.726175,0.0,940GZZARAIL,
9400ZZARAIR1,,Birmingham International Airport (Air-Rail link),52.453083,-1.732266,0.0,940GZZARAIR,
9400ZZWMBI1,nwmwpdjw,Bilston Central (West Midlands Metro),52.565662,-2.074895,0.0,940GZZWMBI,1
9400ZZWMBI2,nwmwpdma,Bilston Central (West Midlands Metro),52.565285,-2.074614,0.0,940GZZWMBI,2
9400ZZWMBL1,nwmwpdmd,Black Lake (West Midlands Metro),52.530994,-2.01108,0.0,940GZZWMBL,1
9400ZZWMBL2,nwmwpdmg,Black Lake (West Midlands Metro),52.531021,-2.011228,0.0,940GZZWMBL,2
9400ZZWMBO1,nwmwpdmj,Handsworth Booth Street (West Midlands Metro),52.502148,-1.952206,0.0,940GZZWMBO,1
9400ZZWMBO2,nwmwpdmp,Handsworth Booth Street (West Midlands Metro),52.502102,-1.952353,0.0,940GZZWMBO,2
9400ZZWMBR1,nwmwpdmt,Bradley Lane (West Midlands Metro),52.556091,-2.057873,0.0,940GZZWMBR,1
9400ZZWMBR2,nwmwpdmw,Bradley Lane (West Midlands Metro),52.556,-2.057888,0.0,940GZZWMBR,2
9400ZZWMBS4,nwmwpgjm,St Chad's (West Midlands Metro),52.484818,-1.900479,0.0,940GZZWMBS,1
9400ZZWMBS5,nwmwpgjp,St Chad's (West Midlands Metro),52.484745,-1.900582,0.0,940GZZWMBS,2
9400ZZWMBUL1,nwmwpdpa,Bull Street (West Midlands Metro),52.481899,-1.896304,0.0,940GZZWMBUL,1
9400ZZWMBUL2,nwmwpdpd,Bull Street (West Midlands Metro),52.481918,-1.896333,0.0,940GZZWMBUL,2
9400ZZWMCOR1,nwmwpdpg,Corporation Street (West Midlands Metro),52.479691,-1.897119,0.0,940GZZWMCOR,1
9400ZZWMCOR2,nwmwpdpj,Corporation Street (West Midlands Metro),52.479977,-1.897045,0.0,940GZZWMCOR,2
9400ZZWMCR1,nwmwpdpm,The Crescent (West Midlands Metro),52.568016,-2.080815,0.0,940GZZWMCR,1
9400ZZWMCR2,nwmwpdpt,The Crescent (West Midlands Metro),52.567963,-2.080948,0.0,940GZZWMCR,2
9400ZZWMCSQ1,nwmwtpta,Centenary Square (West Midlands Metro),52.478737,-1.908208,0.0,940GZZWMCSQ,1
9400ZZWMCSQ2,nwmwtpmw,Centenary Square (West Midlands Metro),52.478783,-1.908237,0.0,940GZZWMCSQ,2
9400ZZWMDR1,nwmwpdpw,Dartmouth Street (West Midlands Metro),52.520485,-2.004401,0.0,940GZZWMDR,1
9400ZZWMDR2,nwmwpdta,Dartmouth Street (West Midlands Metro),52.520477,-2.004578,0.0,940GZZWMDR,2
9400ZZWMHA3,nwmwpdtd,The Hawthorns (West Midlands Metro),52.505817,-1.965137,0.0,940GZZWMHA,3
9400ZZWMHA4,nwmwpdtg,The Hawthorns (West Midlands Metro),52.505863,-1.965019,0.0,940GZZWMHA,4
9400ZZWMJQ3,nwmwpdtj,Jewellery Quarter (West Midlands Metro),52.489887,-1.914237,0.0,940GZZWMJQ,3
9400ZZWMJQ4,nwmwpdtm,Jewellery Quarter (West Midlands Metro),52.489979,-1.914223,0.0,940GZZWMJQ,4
9400ZZWMKE1,nwmwpdtp,Kenrick Park (West Midlands Metro),52.508755,-1.982447,0.0,940GZZWMKE,1
9400ZZWMKE2,nwmwpdtw,Kenrick Park (West Midlands Metro),52.508698,-1.982564,0.0,940GZZWMKE,2
9400ZZWMLO1,nwmwpdwa,Loxdale (West Midlands Metro),52.560112,-2.065829,0.0,940GZZWMLO,1
9400ZZWMLO2,nwmwpdwd,Loxdale (West Midlands Metro),52.560085,-2.065991,0.0,940GZZWMLO,2
9400ZZWMLR1,nwmwpgjw,Lodge Road (West Midlands Metro),52.518723,-1.999847,0.0,940GZZWMLR,1
9400ZZWMLR2,nwmwpgma,Lodge Road (West Midlands Metro),52.518681,-1.999995,0.0,940GZZWMLR,2
9400ZZWMNWS1,nwmwpdwg,Grand Central (West Midlands Metro),52.478584,-1.899124,0.0,940GZZWMNWS,1
9400ZZWMNWS2,nwmwpdwj,Grand Central (West Midlands Metro),52.478668,-1.899286,0.0,940GZZWMNWS,2
9400ZZWMPR1,nwmwpdwm,Priestfield (West Midlands Metro),52.57193,-2.097864,0.0,940GZZWMPR,1
9400ZZWMPR2,nwmwpdwp,Priestfield (West Midlands Metro),52.571949,-2.098041,0.0,940GZZWMPR,2
9400ZZWMRO1,nwmwpdwt,The Royal (West Midlands Metro),52.581108,-2.116922,0.0,940GZZWMRO,1
9400ZZWMRO2,nwmwpgad,The Royal (West Midlands Metro),52.581135,-2.117232,0.0,940GZZWMRO,2
9400ZZWMSG1,nwmwpgag,Dudley Street Guns Village (West Midlands Metro),52.525135,-2.008455,0.0,940GZZWMSG,1
9400ZZWMSG2,nwmwpgaj,Dudley Street Guns Village (West Midlands Metro),52.525196,-2.008617,0.0,940GZZWMSG,2
9400ZZWMSH1,nwmwpgam,Soho Benson Road (West Midlands Metro),52.497047,-1.930897,0.0,940GZZWMSH,1
9400ZZWMSH2,nwmwpgap,Soho Benson Road (West Midlands Metro),52.496983,-1.931001,0.0,940GZZWMSH,2
9400ZZWMST1,nwmwpgat,St Paul's (West Midlands Metro),52.487221,-1.904656,0.0,940GZZWMST,1
9400ZZWMST2,nwmwpgaw,St Paul's (West Midlands Metro),52.487194,-1.904788,0.0,940GZZWMST,2
9400ZZWMTOH1,nwmwtptg,Town Hall (West Midlands Metro),52.479256,-1.903333,0.0,940GZZWMTOH,1
9400ZZWMTOH2,nwmwtptd,Town Hall (West Midlands Metro),52.479328,-1.903436,0.0,940GZZWMTOH,2
9400ZZWMTR1,nwmwpgda,Trinity Way (West Midlands Metro),52.511917,-1.988133,0.0,940GZZWMTR,1
9400ZZWMTR2,nwmwpgdg,Trinity Way (West Midlands Metro),52.511909,-1.988295,0.0,940GZZWMTR,2
9400ZZWMWB1,nwmwpgdj,West Bromwich Central (West Midlands Metro),52.516556,-1.994586,0.0,940GZZWMWB,1
9400ZZWMWB2,nwmwpgdm,West Bromwich Central (West Midlands Metro),52.516541,-1.994763,0.0,940GZZWMWB,2
9400ZZWMWI1,nwmwpgdp,Winson Green Outer Circle (West Midlands Metro),52.499012,-1.93935,0.0,940GZZWMWI,1
9400ZZWMWI2,nwmwpgdt,Winson Green Outer Circle (West Midlands Metro),52.498913,-1.939202,0.0,940GZZWMWI,2
9400ZZWMWP1,nwmwpgdw,Wednesbury Parkway (West Midlands Metro),52.549744,-2.031909,0.0,940GZZWMWP,1
9400ZZWMWP2,nwmwpgja,Wednesbury Parkway (West Midlands Metro),52.549664,-2.032042,0.0,940GZZWMWP,2
9400ZZWMWS1,nwmwpgjd,Wolverhampton St George's (West Midlands Metro),52.584049,-2.124486,0.0,940GZZWMWS,1
9400ZZWMWW1,nwmwpgmd,Wednesbury Central (West Midlands Metro),52.548981,-2.025567,0.0,940GZZWMWW,1
9400ZZWMWW2,nwmwpgmg,Wednesbury Central (West Midlands Metro),52.548935,-2.025715,0.0,940GZZWMWW,2
9400ZZWMEDG1,nwmtgmpd,Edgbaston Village (West Midlands Metro),52.472042,-1.923546,0.0,940GZZWMEDG,1
9400ZZWMEDG2,nwmtgpgm,Edgbaston Village (West Midlands Metro),52.471977,-1.923502,0.0,940GZZWMEDG,2
9400ZZWMFW1,nwmtapwg,Five Ways (West Midlands Metro),52.474777,-1.915238,0.0,940GZZWMFW,1
9400ZZWMFW2,nwmtapwj,Five Ways (West Midlands Metro),52.474705,-1.91515,,,
9400ZZWMBPL1,nwmpwpjt,Brindleyplace (West Midlands Metro),52.476826,-1.912305,0.0,940GZZWMBPL,1
9400ZZWMBPL2,nwmpwpjw,Brindleyplace (West Midlands Metro),52.476719,-1.912246,0.0,940GZZWMBPL,2
200G001001,,Kidderminster Bus Station,52.386177,-2.250524,1.0,,
200G002001,,Bromsgrove Bus Station,52.335865,-2.060958,1.0,,
200G003001,,Redditch Bus Station,52.305656,-1.944831,1.0,,
260GCC16101,,Hinckley Bus Station,52.539406,-1.374475,1.0,,
269GLC30614,,St Margaret's Bus Station,52.639568,-1.133751,1.0,,
359GTELFRDC,,Telford Bus Station,52.675701,-2.448236,1.0,,
380G200800,,Bus Station,52.690731,-2.031036,1.0,,
380G403900,,Bus Station,52.681358,-1.825423,1.0,,
380G710100,,Gaol Square,52.809006,-2.117581,1.0,,
420G000001,,Nuneaton Bus Station,52.524529,-1.466483,1.0,,
420G001001,,Warwick Bus Station,52.280724,-1.591308,1.0,,
430G00050,,Pool Meadow Bus Station,52.410313,-1.506996,1.0,,
430G01055,,Birmingham Airport Bus Terminal,52.452793,-1.732489,1.0,,
430G06011,,Walsall Bus Station,52.585438,-1.982373,1.0,,
430G07001,,Wolverhampton Bus Station,52.585835,-2.122514,1.0,,
430G07179,,Bilston Bus Station,52.565151,-2.075027,1.0,,
430G08047,,Halesowen Bus Station,52.448669,-2.053375,1.0,,
430G08225,,Stourbridge Interchange,52.45639,-2.142683,1.0,,
430G08358,,Merry Hill Bus Station,52.47916,-2.10954,1.0,,
430G09559,,West Bromwich Bus Station,52.517448,-1.994837,1.0,,
430G09744,,Wednesbury Bus Station,52.551922,-2.02374,1.0,,
430G10601,,Tesco Extra,52.443398,-1.490253,1.0,,
430G21031,,Birmingham Coach Station,52.47559,-1.888192,1.0,,
910GBHAMSNH,,Birmingham Snow Hill Rail Station,52.483368,-1.899083,1.0,,
910GDUDLPT,,Dudley Port Rail Station,52.524666,-2.049474,1.0,,
910GSOLIHUL,,Solihull Rail Station,52.414406,-1.788383,1.0,,
940GZZWMAS,,Albert Street (West Midlands Metro),52.480423,-1.892435,1.0,,
940GZZWMBI,,Bilston Central (West Midlands Metro),52.565834,-2.074895,1.0,,
940GZZWMBL,,Black Lake (West Midlands Metro),52.530518,-2.010918,1.0,,
940GZZWMBO,,Handsworth Booth Street (West Midlands Metro),52.501976,-1.952176,1.0,,
940GZZWMBPL,,Brindleyplace (West Midlands Metro),52.476761,-1.912378,1.0,,
940GZZWMBR,,Bradley Lane (West Midlands Metro),52.555676,-2.057297,1.0,,
940GZZWMBS,,St Chad's (West Midlands Metro),52.484898,-1.900847,1.0,,
940GZZWMBUL,,Bull Street (West Midlands Metro),52.481884,-1.896304,1.0,,
940GZZWMCOR,,Corporation Street (West Midlands Metro),52.479862,-1.897177,1.0,,
940GZZWMCR,,The Crescent (West Midlands Metro),52.567951,-2.080741,1.0,,
940GZZWMCSQ,,Centenary Square (Midlands Metro Stop),52.478771,-1.908075,1.0,,
940GZZWMDR,,Dartmouth Street (West Midlands Metro),52.520477,-2.004534,1.0,,
940GZZWMEDG,,Edgbaston Village (West Midlands Metro),52.472015,-1.923547,1.0,,
940GZZWMFW,,Five Ways (West Midlands Metro),52.474743,-1.915298,1.0,,
940GZZWMHA,,The Hawthorns (West Midlands Metro),52.505745,-1.964636,1.0,,
940GZZWMJQ,,Jewellery Quarter (West Midlands Metro),52.489674,-1.913178,1.0,,
940GZZWMKE,,Kenrick Park (West Midlands Metro),52.508728,-1.982682,1.0,,
940GZZWMLO,,Loxdale (West Midlands Metro),52.559826,-2.065504,1.0,,
940GZZWMLR,,Lodge Road (West Midlands Metro),52.518681,-1.999729,1.0,,
940GZZWMMP,,Millennium Point (West Midlands Metro),52.480877,-1.889651,1.0,,
940GZZWMNWS,,Grand Central (West Midlands Metro),52.47863,-1.8993,1.0,,
940GZZWMPR,,Priestfield (West Midlands Metro),52.571632,-2.097657,1.0,,
940GZZWMRO,,The Royal (West Midlands Metro),52.581387,-2.117646,1.0,,
940GZZWMSG,,Dudley Street Guns Village (West Midlands Metro),52.525143,-2.008588,1.0,,
940GZZWMSH,,Soho Benson Road (West Midlands Metro),52.496902,-1.931148,1.0,,
940GZZWMST,,St Paul's (West Midlands Metro),52.486671,-1.903921,1.0,,
940GZZWMTOH,,Town Hall (West Midlands Metro),52.479256,-1.903407,1.0,,
940GZZWMTR,,Trinity Way (West Midlands Metro),52.511791,-1.988074,1.0,,
940GZZWMWB,,West Bromwich Central (West Midlands Metro),52.516621,-1.994763,1.0,,
940GZZWMWI,,Winson Green Outer Circle (West Midlands Metro),52.498642,-1.938908,1.0,,
940GZZWMWP,,Wednesbury Parkway (West Midlands Metro),52.549503,-2.030596,1.0,,
940GZZWMWR,,Wolverhampton Station (West Midlands Metro),52.587246,-2.11961,1.0,,
940GZZWMWS,,Wolverhampton St George's (West Midlands Metro),52.584087,-2.124235,1.0,,
940GZZWMWW,,Wednesbury Central (West Midlands Metro),52.54855,-2.024328,1.0,,
940GZZWMXR,,Pipers Row (West Midlands Metro),52.585247,-2.122777,1.0,,
940GZZARAIL,,Birmingham Intl Rail Station (Air-Rail Link),52.450478,-1.726161,1.0,,
940GZZARAIR,,Birmingham International Airport (Air-Rail link),52.453091,-1.732252,1.0,,
